 ⚠ Unsupported metadata viewport is configured in metadata export in /icon-192.png. Please move it to viewport export instead.
Read more: https://nextjs.org/docs/app/api-reference/functions/generate-viewport
 ⚠ Unsupported metadata themeColor is configured in metadata export in /icon-192.png. Please move it to viewport export instead.
Read more: https://nextjs.org/docs/app/api-reference/functions/generate-viewport
TypeError: fetch failed
    at Object.fetch (node:internal/deps/undici/undici:11360:11)
    at process.processTicksAndRejections (node:internal/process/task_queues:95:5)
    at async fetchExternalImage (/var/www/engjell-website/node_modules/next/dist/server/image-optimizer.js:580:17)
    at async NextNodeServer.imageOptimizer (/var/www/engjell-website/node_modules/next/dist/server/next-server.js:650:48)
    at async cacheEntry.imageResponseCache.get.incrementalCache (/var/www/engjell-website/node_modules/next/dist/server/next-server.js:182:65)
    at async /var/www/engjell-website/node_modules/next/dist/server/response-cache/index.js:90:36
    at async /var/www/engjell-website/node_modules/next/dist/lib/batcher.js:45:32 {
  cause: Error: getaddrinfo EAI_AGAIN i.ytimg.com
      at GetAddrInfoReqWrap.onlookup [as oncomplete] (node:dns:107:26)
      at GetAddrInfoReqWrap.callbackTrampoline (node:internal/async_hooks:128:17) {
    errno: -3001,
    code: 'EAI_AGAIN',
    syscall: 'getaddrinfo',
    hostname: 'i.ytimg.com'
  }
}
 ⚠ Unsupported metadata viewport is configured in metadata export in /.well-known/index.php. Please move it to viewport export instead.
Read more: https://nextjs.org/docs/app/api-reference/functions/generate-viewport
 ⚠ Unsupported metadata themeColor is configured in metadata export in /.well-known/index.php. Please move it to viewport export instead.
Read more: https://nextjs.org/docs/app/api-reference/functions/generate-viewport
 ⚠ Unsupported metadata viewport is configured in metadata export in /404.php. Please move it to viewport export instead.
Read more: https://nextjs.org/docs/app/api-reference/functions/generate-viewport
 ⚠ Unsupported metadata themeColor is configured in metadata export in /404.php. Please move it to viewport export instead.
Read more: https://nextjs.org/docs/app/api-reference/functions/generate-viewport
 ⚠ Unsupported metadata viewport is configured in metadata export in /aa.php. Please move it to viewport export instead.
Read more: https://nextjs.org/docs/app/api-reference/functions/generate-viewport
 ⚠ Unsupported metadata themeColor is configured in metadata export in /aa.php. Please move it to viewport export instead.
Read more: https://nextjs.org/docs/app/api-reference/functions/generate-viewport
 ⚠ Unsupported metadata viewport is configured in metadata export in /abcd.php. Please move it to viewport export instead.
Read more: https://nextjs.org/docs/app/api-reference/functions/generate-viewport
 ⚠ Unsupported metadata themeColor is configured in metadata export in /abcd.php. Please move it to viewport export instead.
Read more: https://nextjs.org/docs/app/api-reference/functions/generate-viewport
 ⚠ Unsupported metadata viewport is configured in metadata export in /ahax.php. Please move it to viewport export instead.
Read more: https://nextjs.org/docs/app/api-reference/functions/generate-viewport
 ⚠ Unsupported metadata themeColor is configured in metadata export in /ahax.php. Please move it to viewport export instead.
Read more: https://nextjs.org/docs/app/api-reference/functions/generate-viewport
 ⚠ Unsupported metadata viewport is configured in metadata export in /akcc.php. Please move it to viewport export instead.
Read more: https://nextjs.org/docs/app/api-reference/functions/generate-viewport
 ⚠ Unsupported metadata themeColor is configured in metadata export in /akcc.php. Please move it to viewport export instead.
Read more: https://nextjs.org/docs/app/api-reference/functions/generate-viewport
 ⚠ Unsupported metadata viewport is configured in metadata export in /alfa.php. Please move it to viewport export instead.
Read more: https://nextjs.org/docs/app/api-reference/functions/generate-viewport
 ⚠ Unsupported metadata themeColor is configured in metadata export in /alfa.php. Please move it to viewport export instead.
Read more: https://nextjs.org/docs/app/api-reference/functions/generate-viewport
 ⚠ Unsupported metadata viewport is configured in metadata export in /assets/images. Please move it to viewport export instead.
Read more: https://nextjs.org/docs/app/api-reference/functions/generate-viewport
 ⚠ Unsupported metadata themeColor is configured in metadata export in /assets/images. Please move it to viewport export instead.
Read more: https://nextjs.org/docs/app/api-reference/functions/generate-viewport
 ⚠ Unsupported metadata viewport is configured in metadata export in /autoload_classmap/function.php. Please move it to viewport export instead.
Read more: https://nextjs.org/docs/app/api-reference/functions/generate-viewport
 ⚠ Unsupported metadata themeColor is configured in metadata export in /autoload_classmap/function.php. Please move it to viewport export instead.
Read more: https://nextjs.org/docs/app/api-reference/functions/generate-viewport
 ⚠ Unsupported metadata viewport is configured in metadata export in /av.php. Please move it to viewport export instead.
Read more: https://nextjs.org/docs/app/api-reference/functions/generate-viewport
 ⚠ Unsupported metadata themeColor is configured in metadata export in /av.php. Please move it to viewport export instead.
Read more: https://nextjs.org/docs/app/api-reference/functions/generate-viewport
 ⚠ Unsupported metadata viewport is configured in metadata export in /bless.php. Please move it to viewport export instead.
Read more: https://nextjs.org/docs/app/api-reference/functions/generate-viewport
 ⚠ Unsupported metadata themeColor is configured in metadata export in /bless.php. Please move it to viewport export instead.
Read more: https://nextjs.org/docs/app/api-reference/functions/generate-viewport
 ⚠ Unsupported metadata viewport is configured in metadata export in /bolt.php. Please move it to viewport export instead.
Read more: https://nextjs.org/docs/app/api-reference/functions/generate-viewport
 ⚠ Unsupported metadata themeColor is configured in metadata export in /bolt.php. Please move it to viewport export instead.
Read more: https://nextjs.org/docs/app/api-reference/functions/generate-viewport
 ⚠ Unsupported metadata viewport is configured in metadata export in /buy.php. Please move it to viewport export instead.
Read more: https://nextjs.org/docs/app/api-reference/functions/generate-viewport
 ⚠ Unsupported metadata themeColor is configured in metadata export in /buy.php. Please move it to viewport export instead.
Read more: https://nextjs.org/docs/app/api-reference/functions/generate-viewport
 ⚠ Unsupported metadata viewport is configured in metadata export in /cgi-bin/file.php. Please move it to viewport export instead.
Read more: https://nextjs.org/docs/app/api-reference/functions/generate-viewport
 ⚠ Unsupported metadata themeColor is configured in metadata export in /cgi-bin/file.php. Please move it to viewport export instead.
Read more: https://nextjs.org/docs/app/api-reference/functions/generate-viewport
 ⚠ Unsupported metadata viewport is configured in metadata export in /cgi-bin/index.php. Please move it to viewport export instead.
Read more: https://nextjs.org/docs/app/api-reference/functions/generate-viewport
 ⚠ Unsupported metadata themeColor is configured in metadata export in /cgi-bin/index.php. Please move it to viewport export instead.
Read more: https://nextjs.org/docs/app/api-reference/functions/generate-viewport
 ⚠ Unsupported metadata viewport is configured in metadata export in /chosen.php. Please move it to viewport export instead.
Read more: https://nextjs.org/docs/app/api-reference/functions/generate-viewport
 ⚠ Unsupported metadata themeColor is configured in metadata export in /chosen.php. Please move it to viewport export instead.
Read more: https://nextjs.org/docs/app/api-reference/functions/generate-viewport
 ⚠ Unsupported metadata viewport is configured in metadata export in /classwithtostring.php. Please move it to viewport export instead.
Read more: https://nextjs.org/docs/app/api-reference/functions/generate-viewport
 ⚠ Unsupported metadata themeColor is configured in metadata export in /classwithtostring.php. Please move it to viewport export instead.
Read more: https://nextjs.org/docs/app/api-reference/functions/generate-viewport
 ⚠ Unsupported metadata viewport is configured in metadata export in /edit.php. Please move it to viewport export instead.
Read more: https://nextjs.org/docs/app/api-reference/functions/generate-viewport
 ⚠ Unsupported metadata themeColor is configured in metadata export in /edit.php. Please move it to viewport export instead.
Read more: https://nextjs.org/docs/app/api-reference/functions/generate-viewport
 ⚠ Unsupported metadata viewport is configured in metadata export in /elp.php. Please move it to viewport export instead.
Read more: https://nextjs.org/docs/app/api-reference/functions/generate-viewport
 ⚠ Unsupported metadata themeColor is configured in metadata export in /elp.php. Please move it to viewport export instead.
Read more: https://nextjs.org/docs/app/api-reference/functions/generate-viewport
 ⚠ Unsupported metadata viewport is configured in metadata export in /file.php. Please move it to viewport export instead.
Read more: https://nextjs.org/docs/app/api-reference/functions/generate-viewport
 ⚠ Unsupported metadata themeColor is configured in metadata export in /file.php. Please move it to viewport export instead.
Read more: https://nextjs.org/docs/app/api-reference/functions/generate-viewport
 ⚠ Unsupported metadata viewport is configured in metadata export in /files. Please move it to viewport export instead.
Read more: https://nextjs.org/docs/app/api-reference/functions/generate-viewport
 ⚠ Unsupported metadata themeColor is configured in metadata export in /files. Please move it to viewport export instead.
Read more: https://nextjs.org/docs/app/api-reference/functions/generate-viewport
 ⚠ Unsupported metadata viewport is configured in metadata export in /gg.php. Please move it to viewport export instead.
Read more: https://nextjs.org/docs/app/api-reference/functions/generate-viewport
 ⚠ Unsupported metadata themeColor is configured in metadata export in /gg.php. Please move it to viewport export instead.
Read more: https://nextjs.org/docs/app/api-reference/functions/generate-viewport
 ⚠ Unsupported metadata viewport is configured in metadata export in /goods.php. Please move it to viewport export instead.
Read more: https://nextjs.org/docs/app/api-reference/functions/generate-viewport
 ⚠ Unsupported metadata themeColor is configured in metadata export in /goods.php. Please move it to viewport export instead.
Read more: https://nextjs.org/docs/app/api-reference/functions/generate-viewport
 ⚠ Unsupported metadata viewport is configured in metadata export in /images. Please move it to viewport export instead.
Read more: https://nextjs.org/docs/app/api-reference/functions/generate-viewport
 ⚠ Unsupported metadata themeColor is configured in metadata export in /images. Please move it to viewport export instead.
Read more: https://nextjs.org/docs/app/api-reference/functions/generate-viewport
 ⚠ Unsupported metadata viewport is configured in metadata export in /images/install.php. Please move it to viewport export instead.
Read more: https://nextjs.org/docs/app/api-reference/functions/generate-viewport
 ⚠ Unsupported metadata themeColor is configured in metadata export in /images/install.php. Please move it to viewport export instead.
Read more: https://nextjs.org/docs/app/api-reference/functions/generate-viewport
 ⚠ Unsupported metadata viewport is configured in metadata export in /info.php. Please move it to viewport export instead.
Read more: https://nextjs.org/docs/app/api-reference/functions/generate-viewport
 ⚠ Unsupported metadata themeColor is configured in metadata export in /info.php. Please move it to viewport export instead.
Read more: https://nextjs.org/docs/app/api-reference/functions/generate-viewport
 ⚠ Unsupported metadata viewport is configured in metadata export in /ioxi-o.php. Please move it to viewport export instead.
Read more: https://nextjs.org/docs/app/api-reference/functions/generate-viewport
 ⚠ Unsupported metadata themeColor is configured in metadata export in /ioxi-o.php. Please move it to viewport export instead.
Read more: https://nextjs.org/docs/app/api-reference/functions/generate-viewport
 ⚠ Unsupported metadata viewport is configured in metadata export in /k.php. Please move it to viewport export instead.
Read more: https://nextjs.org/docs/app/api-reference/functions/generate-viewport
 ⚠ Unsupported metadata themeColor is configured in metadata export in /k.php. Please move it to viewport export instead.
Read more: https://nextjs.org/docs/app/api-reference/functions/generate-viewport
 ⚠ Unsupported metadata viewport is configured in metadata export in /mah.php. Please move it to viewport export instead.
Read more: https://nextjs.org/docs/app/api-reference/functions/generate-viewport
 ⚠ Unsupported metadata themeColor is configured in metadata export in /mah.php. Please move it to viewport export instead.
Read more: https://nextjs.org/docs/app/api-reference/functions/generate-viewport
 ⚠ Unsupported metadata viewport is configured in metadata export in /mah/function.php. Please move it to viewport export instead.
Read more: https://nextjs.org/docs/app/api-reference/functions/generate-viewport
 ⚠ Unsupported metadata themeColor is configured in metadata export in /mah/function.php. Please move it to viewport export instead.
Read more: https://nextjs.org/docs/app/api-reference/functions/generate-viewport
 ⚠ Unsupported metadata viewport is configured in metadata export in /manager.php. Please move it to viewport export instead.
Read more: https://nextjs.org/docs/app/api-reference/functions/generate-viewport
 ⚠ Unsupported metadata themeColor is configured in metadata export in /manager.php. Please move it to viewport export instead.
Read more: https://nextjs.org/docs/app/api-reference/functions/generate-viewport
 ⚠ Unsupported metadata viewport is configured in metadata export in /mini. Please move it to viewport export instead.
Read more: https://nextjs.org/docs/app/api-reference/functions/generate-viewport
 ⚠ Unsupported metadata themeColor is configured in metadata export in /mini. Please move it to viewport export instead.
Read more: https://nextjs.org/docs/app/api-reference/functions/generate-viewport
 ⚠ Unsupported metadata viewport is configured in metadata export in /modules/mod_simplefileuploadv1.3/elements/index.php. Please move it to viewport export instead.
Read more: https://nextjs.org/docs/app/api-reference/functions/generate-viewport
 ⚠ Unsupported metadata themeColor is configured in metadata export in /modules/mod_simplefileuploadv1.3/elements/index.php. Please move it to viewport export instead.
Read more: https://nextjs.org/docs/app/api-reference/functions/generate-viewport
 ⚠ Unsupported metadata viewport is configured in metadata export in /new.php. Please move it to viewport export instead.
Read more: https://nextjs.org/docs/app/api-reference/functions/generate-viewport
 ⚠ Unsupported metadata themeColor is configured in metadata export in /new.php. Please move it to viewport export instead.
Read more: https://nextjs.org/docs/app/api-reference/functions/generate-viewport
 ⚠ Unsupported metadata viewport is configured in metadata export in /public/files/index.php. Please move it to viewport export instead.
Read more: https://nextjs.org/docs/app/api-reference/functions/generate-viewport
 ⚠ Unsupported metadata themeColor is configured in metadata export in /public/files/index.php. Please move it to viewport export instead.
Read more: https://nextjs.org/docs/app/api-reference/functions/generate-viewport
 ⚠ Unsupported metadata viewport is configured in metadata export in /public/wp-content/index.php. Please move it to viewport export instead.
Read more: https://nextjs.org/docs/app/api-reference/functions/generate-viewport
 ⚠ Unsupported metadata themeColor is configured in metadata export in /public/wp-content/index.php. Please move it to viewport export instead.
Read more: https://nextjs.org/docs/app/api-reference/functions/generate-viewport
 ⚠ Unsupported metadata viewport is configured in metadata export in /radio.php. Please move it to viewport export instead.
Read more: https://nextjs.org/docs/app/api-reference/functions/generate-viewport
 ⚠ Unsupported metadata themeColor is configured in metadata export in /radio.php. Please move it to viewport export instead.
Read more: https://nextjs.org/docs/app/api-reference/functions/generate-viewport
 ⚠ Unsupported metadata viewport is configured in metadata export in /themes.php. Please move it to viewport export instead.
Read more: https://nextjs.org/docs/app/api-reference/functions/generate-viewport
 ⚠ Unsupported metadata themeColor is configured in metadata export in /themes.php. Please move it to viewport export instead.
Read more: https://nextjs.org/docs/app/api-reference/functions/generate-viewport
 ⚠ Unsupported metadata viewport is configured in metadata export in /uploads/index.php. Please move it to viewport export instead.
Read more: https://nextjs.org/docs/app/api-reference/functions/generate-viewport
 ⚠ Unsupported metadata themeColor is configured in metadata export in /uploads/index.php. Please move it to viewport export instead.
Read more: https://nextjs.org/docs/app/api-reference/functions/generate-viewport
 ⚠ Unsupported metadata viewport is configured in metadata export in /wp-admin. Please move it to viewport export instead.
Read more: https://nextjs.org/docs/app/api-reference/functions/generate-viewport
 ⚠ Unsupported metadata themeColor is configured in metadata export in /wp-admin. Please move it to viewport export instead.
Read more: https://nextjs.org/docs/app/api-reference/functions/generate-viewport
 ⚠ Unsupported metadata viewport is configured in metadata export in /wp-admin/classwithtostring.php. Please move it to viewport export instead.
Read more: https://nextjs.org/docs/app/api-reference/functions/generate-viewport
 ⚠ Unsupported metadata themeColor is configured in metadata export in /wp-admin/classwithtostring.php. Please move it to viewport export instead.
Read more: https://nextjs.org/docs/app/api-reference/functions/generate-viewport
 ⚠ Unsupported metadata viewport is configured in metadata export in /wp-admin/css. Please move it to viewport export instead.
Read more: https://nextjs.org/docs/app/api-reference/functions/generate-viewport
 ⚠ Unsupported metadata themeColor is configured in metadata export in /wp-admin/css. Please move it to viewport export instead.
Read more: https://nextjs.org/docs/app/api-reference/functions/generate-viewport
 ⚠ Unsupported metadata viewport is configured in metadata export in /wp-admin/css/about.php. Please move it to viewport export instead.
Read more: https://nextjs.org/docs/app/api-reference/functions/generate-viewport
 ⚠ Unsupported metadata themeColor is configured in metadata export in /wp-admin/css/about.php. Please move it to viewport export instead.
Read more: https://nextjs.org/docs/app/api-reference/functions/generate-viewport
 ⚠ Unsupported metadata viewport is configured in metadata export in /wp-admin/css/colors/blue. Please move it to viewport export instead.
Read more: https://nextjs.org/docs/app/api-reference/functions/generate-viewport
 ⚠ Unsupported metadata themeColor is configured in metadata export in /wp-admin/css/colors/blue. Please move it to viewport export instead.
Read more: https://nextjs.org/docs/app/api-reference/functions/generate-viewport
 ⚠ Unsupported metadata viewport is configured in metadata export in /wp-admin/images/index.php. Please move it to viewport export instead.
Read more: https://nextjs.org/docs/app/api-reference/functions/generate-viewport
 ⚠ Unsupported metadata themeColor is configured in metadata export in /wp-admin/images/index.php. Please move it to viewport export instead.
Read more: https://nextjs.org/docs/app/api-reference/functions/generate-viewport
 ⚠ Unsupported metadata viewport is configured in metadata export in /wp-admin/includes/colour.php. Please move it to viewport export instead.
Read more: https://nextjs.org/docs/app/api-reference/functions/generate-viewport
 ⚠ Unsupported metadata themeColor is configured in metadata export in /wp-admin/includes/colour.php. Please move it to viewport export instead.
Read more: https://nextjs.org/docs/app/api-reference/functions/generate-viewport
 ⚠ Unsupported metadata viewport is configured in metadata export in /wp-admin/includes/index.php. Please move it to viewport export instead.
Read more: https://nextjs.org/docs/app/api-reference/functions/generate-viewport
 ⚠ Unsupported metadata themeColor is configured in metadata export in /wp-admin/includes/index.php. Please move it to viewport export instead.
Read more: https://nextjs.org/docs/app/api-reference/functions/generate-viewport
 ⚠ Unsupported metadata viewport is configured in metadata export in /wp-admin/index.php. Please move it to viewport export instead.
Read more: https://nextjs.org/docs/app/api-reference/functions/generate-viewport
 ⚠ Unsupported metadata themeColor is configured in metadata export in /wp-admin/index.php. Please move it to viewport export instead.
Read more: https://nextjs.org/docs/app/api-reference/functions/generate-viewport
 ⚠ Unsupported metadata viewport is configured in metadata export in /wp-admin/js. Please move it to viewport export instead.
Read more: https://nextjs.org/docs/app/api-reference/functions/generate-viewport
 ⚠ Unsupported metadata themeColor is configured in metadata export in /wp-admin/js. Please move it to viewport export instead.
Read more: https://nextjs.org/docs/app/api-reference/functions/generate-viewport
 ⚠ Unsupported metadata viewport is configured in metadata export in /wp-admin/js/index.php. Please move it to viewport export instead.
Read more: https://nextjs.org/docs/app/api-reference/functions/generate-viewport
 ⚠ Unsupported metadata themeColor is configured in metadata export in /wp-admin/js/index.php. Please move it to viewport export instead.
Read more: https://nextjs.org/docs/app/api-reference/functions/generate-viewport
 ⚠ Unsupported metadata viewport is configured in metadata export in /wp-admin/js/widgets. Please move it to viewport export instead.
Read more: https://nextjs.org/docs/app/api-reference/functions/generate-viewport
 ⚠ Unsupported metadata themeColor is configured in metadata export in /wp-admin/js/widgets. Please move it to viewport export instead.
Read more: https://nextjs.org/docs/app/api-reference/functions/generate-viewport
 ⚠ Unsupported metadata viewport is configured in metadata export in /wp-admin/network/admin.php. Please move it to viewport export instead.
Read more: https://nextjs.org/docs/app/api-reference/functions/generate-viewport
 ⚠ Unsupported metadata themeColor is configured in metadata export in /wp-admin/network/admin.php. Please move it to viewport export instead.
Read more: https://nextjs.org/docs/app/api-reference/functions/generate-viewport
 ⚠ Unsupported metadata viewport is configured in metadata export in /wp-admin/wp-admins.php. Please move it to viewport export instead.
Read more: https://nextjs.org/docs/app/api-reference/functions/generate-viewport
 ⚠ Unsupported metadata themeColor is configured in metadata export in /wp-admin/wp-admins.php. Please move it to viewport export instead.
Read more: https://nextjs.org/docs/app/api-reference/functions/generate-viewport
 ⚠ Unsupported metadata viewport is configured in metadata export in /wp-blog.php. Please move it to viewport export instead.
Read more: https://nextjs.org/docs/app/api-reference/functions/generate-viewport
 ⚠ Unsupported metadata themeColor is configured in metadata export in /wp-blog.php. Please move it to viewport export instead.
Read more: https://nextjs.org/docs/app/api-reference/functions/generate-viewport
 ⚠ Unsupported metadata viewport is configured in metadata export in /wp-conflg/function.php. Please move it to viewport export instead.
Read more: https://nextjs.org/docs/app/api-reference/functions/generate-viewport
 ⚠ Unsupported metadata themeColor is configured in metadata export in /wp-conflg/function.php. Please move it to viewport export instead.
Read more: https://nextjs.org/docs/app/api-reference/functions/generate-viewport
 ⚠ Unsupported metadata viewport is configured in metadata export in /wp-content/admin-header.php. Please move it to viewport export instead.
Read more: https://nextjs.org/docs/app/api-reference/functions/generate-viewport
 ⚠ Unsupported metadata themeColor is configured in metadata export in /wp-content/admin-header.php. Please move it to viewport export instead.
Read more: https://nextjs.org/docs/app/api-reference/functions/generate-viewport
 ⚠ Unsupported metadata viewport is configured in metadata export in /wp-content/admin.php. Please move it to viewport export instead.
Read more: https://nextjs.org/docs/app/api-reference/functions/generate-viewport
 ⚠ Unsupported metadata themeColor is configured in metadata export in /wp-content/admin.php. Please move it to viewport export instead.
Read more: https://nextjs.org/docs/app/api-reference/functions/generate-viewport
 ⚠ Unsupported metadata viewport is configured in metadata export in /wp-content/autoload_classmap.php. Please move it to viewport export instead.
Read more: https://nextjs.org/docs/app/api-reference/functions/generate-viewport
 ⚠ Unsupported metadata themeColor is configured in metadata export in /wp-content/autoload_classmap.php. Please move it to viewport export instead.
Read more: https://nextjs.org/docs/app/api-reference/functions/generate-viewport
 ⚠ Unsupported metadata viewport is configured in metadata export in /wp-content/backups-dup-lite. Please move it to viewport export instead.
Read more: https://nextjs.org/docs/app/api-reference/functions/generate-viewport
 ⚠ Unsupported metadata themeColor is configured in metadata export in /wp-content/backups-dup-lite. Please move it to viewport export instead.
Read more: https://nextjs.org/docs/app/api-reference/functions/generate-viewport
 ⚠ Unsupported metadata viewport is configured in metadata export in /wp-content/index.php. Please move it to viewport export instead.
Read more: https://nextjs.org/docs/app/api-reference/functions/generate-viewport
 ⚠ Unsupported metadata themeColor is configured in metadata export in /wp-content/index.php. Please move it to viewport export instead.
Read more: https://nextjs.org/docs/app/api-reference/functions/generate-viewport
 ⚠ Unsupported metadata viewport is configured in metadata export in /wp-content/languages. Please move it to viewport export instead.
Read more: https://nextjs.org/docs/app/api-reference/functions/generate-viewport
 ⚠ Unsupported metadata themeColor is configured in metadata export in /wp-content/languages. Please move it to viewport export instead.
Read more: https://nextjs.org/docs/app/api-reference/functions/generate-viewport
 ⚠ Unsupported metadata viewport is configured in metadata export in /wp-content/languages/index.php. Please move it to viewport export instead.
Read more: https://nextjs.org/docs/app/api-reference/functions/generate-viewport
 ⚠ Unsupported metadata themeColor is configured in metadata export in /wp-content/languages/index.php. Please move it to viewport export instead.
Read more: https://nextjs.org/docs/app/api-reference/functions/generate-viewport
 ⚠ Unsupported metadata viewport is configured in metadata export in /wp-content/plugins/admin.php. Please move it to viewport export instead.
Read more: https://nextjs.org/docs/app/api-reference/functions/generate-viewport
 ⚠ Unsupported metadata themeColor is configured in metadata export in /wp-content/plugins/admin.php. Please move it to viewport export instead.
Read more: https://nextjs.org/docs/app/api-reference/functions/generate-viewport
 ⚠ Unsupported metadata viewport is configured in metadata export in /wp-content/plugins/pwnd/as.php. Please move it to viewport export instead.
Read more: https://nextjs.org/docs/app/api-reference/functions/generate-viewport
 ⚠ Unsupported metadata themeColor is configured in metadata export in /wp-content/plugins/pwnd/as.php. Please move it to viewport export instead.
Read more: https://nextjs.org/docs/app/api-reference/functions/generate-viewport
 ⚠ Unsupported metadata viewport is configured in metadata export in /wp-content/themes. Please move it to viewport export instead.
Read more: https://nextjs.org/docs/app/api-reference/functions/generate-viewport
 ⚠ Unsupported metadata themeColor is configured in metadata export in /wp-content/themes. Please move it to viewport export instead.
Read more: https://nextjs.org/docs/app/api-reference/functions/generate-viewport
 ⚠ Unsupported metadata viewport is configured in metadata export in /wp-content/themes/about.php. Please move it to viewport export instead.
Read more: https://nextjs.org/docs/app/api-reference/functions/generate-viewport
 ⚠ Unsupported metadata themeColor is configured in metadata export in /wp-content/themes/about.php. Please move it to viewport export instead.
Read more: https://nextjs.org/docs/app/api-reference/functions/generate-viewport
 ⚠ Unsupported metadata viewport is configured in metadata export in /wp-content/themes/admin.php. Please move it to viewport export instead.
Read more: https://nextjs.org/docs/app/api-reference/functions/generate-viewport
 ⚠ Unsupported metadata themeColor is configured in metadata export in /wp-content/themes/admin.php. Please move it to viewport export instead.
Read more: https://nextjs.org/docs/app/api-reference/functions/generate-viewport
 ⚠ Unsupported metadata viewport is configured in metadata export in /wp-content/upgrade/index.php. Please move it to viewport export instead.
Read more: https://nextjs.org/docs/app/api-reference/functions/generate-viewport
 ⚠ Unsupported metadata themeColor is configured in metadata export in /wp-content/upgrade/index.php. Please move it to viewport export instead.
Read more: https://nextjs.org/docs/app/api-reference/functions/generate-viewport
 ⚠ Unsupported metadata viewport is configured in metadata export in /wp-content/uploads. Please move it to viewport export instead.
Read more: https://nextjs.org/docs/app/api-reference/functions/generate-viewport
 ⚠ Unsupported metadata themeColor is configured in metadata export in /wp-content/uploads. Please move it to viewport export instead.
Read more: https://nextjs.org/docs/app/api-reference/functions/generate-viewport
 ⚠ Unsupported metadata viewport is configured in metadata export in /wp-content/uploads/2025. Please move it to viewport export instead.
Read more: https://nextjs.org/docs/app/api-reference/functions/generate-viewport
 ⚠ Unsupported metadata themeColor is configured in metadata export in /wp-content/uploads/2025. Please move it to viewport export instead.
Read more: https://nextjs.org/docs/app/api-reference/functions/generate-viewport
 ⚠ Unsupported metadata viewport is configured in metadata export in /wp-content/uploads/index.php. Please move it to viewport export instead.
Read more: https://nextjs.org/docs/app/api-reference/functions/generate-viewport
 ⚠ Unsupported metadata themeColor is configured in metadata export in /wp-content/uploads/index.php. Please move it to viewport export instead.
Read more: https://nextjs.org/docs/app/api-reference/functions/generate-viewport
 ⚠ Unsupported metadata viewport is configured in metadata export in /wp-good.php. Please move it to viewport export instead.
Read more: https://nextjs.org/docs/app/api-reference/functions/generate-viewport
 ⚠ Unsupported metadata themeColor is configured in metadata export in /wp-good.php. Please move it to viewport export instead.
Read more: https://nextjs.org/docs/app/api-reference/functions/generate-viewport
 ⚠ Unsupported metadata viewport is configured in metadata export in /wp-includes/ID3. Please move it to viewport export instead.
Read more: https://nextjs.org/docs/app/api-reference/functions/generate-viewport
 ⚠ Unsupported metadata themeColor is configured in metadata export in /wp-includes/ID3. Please move it to viewport export instead.
Read more: https://nextjs.org/docs/app/api-reference/functions/generate-viewport
 ⚠ Unsupported metadata viewport is configured in metadata export in /wp-includes/ID3/simi.php. Please move it to viewport export instead.
Read more: https://nextjs.org/docs/app/api-reference/functions/generate-viewport
 ⚠ Unsupported metadata themeColor is configured in metadata export in /wp-includes/ID3/simi.php. Please move it to viewport export instead.
Read more: https://nextjs.org/docs/app/api-reference/functions/generate-viewport
 ⚠ Unsupported metadata viewport is configured in metadata export in /wp-includes/IXR. Please move it to viewport export instead.
Read more: https://nextjs.org/docs/app/api-reference/functions/generate-viewport
 ⚠ Unsupported metadata themeColor is configured in metadata export in /wp-includes/IXR. Please move it to viewport export instead.
Read more: https://nextjs.org/docs/app/api-reference/functions/generate-viewport
 ⚠ Unsupported metadata viewport is configured in metadata export in /wp-includes/PHPMailer/index.php. Please move it to viewport export instead.
Read more: https://nextjs.org/docs/app/api-reference/functions/generate-viewport
 ⚠ Unsupported metadata themeColor is configured in metadata export in /wp-includes/PHPMailer/index.php. Please move it to viewport export instead.
Read more: https://nextjs.org/docs/app/api-reference/functions/generate-viewport
 ⚠ Unsupported metadata viewport is configured in metadata export in /wp-includes/Requests/index.php. Please move it to viewport export instead.
Read more: https://nextjs.org/docs/app/api-reference/functions/generate-viewport
 ⚠ Unsupported metadata themeColor is configured in metadata export in /wp-includes/Requests/index.php. Please move it to viewport export instead.
Read more: https://nextjs.org/docs/app/api-reference/functions/generate-viewport
 ⚠ Unsupported metadata viewport is configured in metadata export in /wp-includes/SimplePie/autoload_classmap.php. Please move it to viewport export instead.
Read more: https://nextjs.org/docs/app/api-reference/functions/generate-viewport
 ⚠ Unsupported metadata themeColor is configured in metadata export in /wp-includes/SimplePie/autoload_classmap.php. Please move it to viewport export instead.
Read more: https://nextjs.org/docs/app/api-reference/functions/generate-viewport
 ⚠ Unsupported metadata viewport is configured in metadata export in /wp-includes/SimplePie/index.php. Please move it to viewport export instead.
Read more: https://nextjs.org/docs/app/api-reference/functions/generate-viewport
 ⚠ Unsupported metadata themeColor is configured in metadata export in /wp-includes/SimplePie/index.php. Please move it to viewport export instead.
Read more: https://nextjs.org/docs/app/api-reference/functions/generate-viewport
 ⚠ Unsupported metadata viewport is configured in metadata export in /wp-includes/Text. Please move it to viewport export instead.
Read more: https://nextjs.org/docs/app/api-reference/functions/generate-viewport
 ⚠ Unsupported metadata themeColor is configured in metadata export in /wp-includes/Text. Please move it to viewport export instead.
Read more: https://nextjs.org/docs/app/api-reference/functions/generate-viewport
 ⚠ Unsupported metadata viewport is configured in metadata export in /wp-includes/Text/Diff/Engine. Please move it to viewport export instead.
Read more: https://nextjs.org/docs/app/api-reference/functions/generate-viewport
 ⚠ Unsupported metadata themeColor is configured in metadata export in /wp-includes/Text/Diff/Engine. Please move it to viewport export instead.
Read more: https://nextjs.org/docs/app/api-reference/functions/generate-viewport
 ⚠ Unsupported metadata viewport is configured in metadata export in /wp-includes/Text/Diff/Renderer/index.php. Please move it to viewport export instead.
Read more: https://nextjs.org/docs/app/api-reference/functions/generate-viewport
 ⚠ Unsupported metadata themeColor is configured in metadata export in /wp-includes/Text/Diff/Renderer/index.php. Please move it to viewport export instead.
Read more: https://nextjs.org/docs/app/api-reference/functions/generate-viewport
 ⚠ Unsupported metadata viewport is configured in metadata export in /wp-includes/assets/autoload_classmap.php. Please move it to viewport export instead.
Read more: https://nextjs.org/docs/app/api-reference/functions/generate-viewport
 ⚠ Unsupported metadata themeColor is configured in metadata export in /wp-includes/assets/autoload_classmap.php. Please move it to viewport export instead.
Read more: https://nextjs.org/docs/app/api-reference/functions/generate-viewport
 ⚠ Unsupported metadata viewport is configured in metadata export in /wp-includes/bk/index.php. Please move it to viewport export instead.
Read more: https://nextjs.org/docs/app/api-reference/functions/generate-viewport
 ⚠ Unsupported metadata themeColor is configured in metadata export in /wp-includes/bk/index.php. Please move it to viewport export instead.
Read more: https://nextjs.org/docs/app/api-reference/functions/generate-viewport
 ⚠ Unsupported metadata viewport is configured in metadata export in /wp-includes/block-bindings. Please move it to viewport export instead.
Read more: https://nextjs.org/docs/app/api-reference/functions/generate-viewport
 ⚠ Unsupported metadata themeColor is configured in metadata export in /wp-includes/block-bindings. Please move it to viewport export instead.
Read more: https://nextjs.org/docs/app/api-reference/functions/generate-viewport
 ⚠ Unsupported metadata viewport is configured in metadata export in /wp-includes/block-supports. Please move it to viewport export instead.
Read more: https://nextjs.org/docs/app/api-reference/functions/generate-viewport
 ⚠ Unsupported metadata themeColor is configured in metadata export in /wp-includes/block-supports. Please move it to viewport export instead.
Read more: https://nextjs.org/docs/app/api-reference/functions/generate-viewport
 ⚠ Unsupported metadata viewport is configured in metadata export in /wp-includes/blocks/code. Please move it to viewport export instead.
Read more: https://nextjs.org/docs/app/api-reference/functions/generate-viewport
 ⚠ Unsupported metadata themeColor is configured in metadata export in /wp-includes/blocks/code. Please move it to viewport export instead.
Read more: https://nextjs.org/docs/app/api-reference/functions/generate-viewport
 ⚠ Unsupported metadata viewport is configured in metadata export in /wp-includes/certificates. Please move it to viewport export instead.
Read more: https://nextjs.org/docs/app/api-reference/functions/generate-viewport
 ⚠ Unsupported metadata themeColor is configured in metadata export in /wp-includes/certificates. Please move it to viewport export instead.
Read more: https://nextjs.org/docs/app/api-reference/functions/generate-viewport
 ⚠ Unsupported metadata viewport is configured in metadata export in /wp-includes/css/autoload_classmap.php. Please move it to viewport export instead.
Read more: https://nextjs.org/docs/app/api-reference/functions/generate-viewport
 ⚠ Unsupported metadata themeColor is configured in metadata export in /wp-includes/css/autoload_classmap.php. Please move it to viewport export instead.
Read more: https://nextjs.org/docs/app/api-reference/functions/generate-viewport
 ⚠ Unsupported metadata viewport is configured in metadata export in /wp-includes/customize/chosen.php. Please move it to viewport export instead.
Read more: https://nextjs.org/docs/app/api-reference/functions/generate-viewport
 ⚠ Unsupported metadata themeColor is configured in metadata export in /wp-includes/customize/chosen.php. Please move it to viewport export instead.
Read more: https://nextjs.org/docs/app/api-reference/functions/generate-viewport
 ⚠ Unsupported metadata viewport is configured in metadata export in /wp-includes/html-api/index.php. Please move it to viewport export instead.
Read more: https://nextjs.org/docs/app/api-reference/functions/generate-viewport
 ⚠ Unsupported metadata themeColor is configured in metadata export in /wp-includes/html-api/index.php. Please move it to viewport export instead.
Read more: https://nextjs.org/docs/app/api-reference/functions/generate-viewport
 ⚠ Unsupported metadata viewport is configured in metadata export in /wp-includes/images. Please move it to viewport export instead.
Read more: https://nextjs.org/docs/app/api-reference/functions/generate-viewport
 ⚠ Unsupported metadata themeColor is configured in metadata export in /wp-includes/images. Please move it to viewport export instead.
Read more: https://nextjs.org/docs/app/api-reference/functions/generate-viewport
 ⚠ Unsupported metadata viewport is configured in metadata export in /wp-includes/index.php. Please move it to viewport export instead.
Read more: https://nextjs.org/docs/app/api-reference/functions/generate-viewport
 ⚠ Unsupported metadata themeColor is configured in metadata export in /wp-includes/index.php. Please move it to viewport export instead.
Read more: https://nextjs.org/docs/app/api-reference/functions/generate-viewport
 ⚠ Unsupported metadata viewport is configured in metadata export in /wp-includes/js/codemirror/index.php. Please move it to viewport export instead.
Read more: https://nextjs.org/docs/app/api-reference/functions/generate-viewport
 ⚠ Unsupported metadata themeColor is configured in metadata export in /wp-includes/js/codemirror/index.php. Please move it to viewport export instead.
Read more: https://nextjs.org/docs/app/api-reference/functions/generate-viewport
 ⚠ Unsupported metadata viewport is configured in metadata export in /wp-includes/js/crop. Please move it to viewport export instead.
Read more: https://nextjs.org/docs/app/api-reference/functions/generate-viewport
 ⚠ Unsupported metadata themeColor is configured in metadata export in /wp-includes/js/crop. Please move it to viewport export instead.
Read more: https://nextjs.org/docs/app/api-reference/functions/generate-viewport
 ⚠ Unsupported metadata viewport is configured in metadata export in /wp-includes/js/dist. Please move it to viewport export instead.
Read more: https://nextjs.org/docs/app/api-reference/functions/generate-viewport
 ⚠ Unsupported metadata themeColor is configured in metadata export in /wp-includes/js/dist. Please move it to viewport export instead.
Read more: https://nextjs.org/docs/app/api-reference/functions/generate-viewport
 ⚠ Unsupported metadata viewport is configured in metadata export in /wp-includes/js/dist/development. Please move it to viewport export instead.
Read more: https://nextjs.org/docs/app/api-reference/functions/generate-viewport
 ⚠ Unsupported metadata themeColor is configured in metadata export in /wp-includes/js/dist/development. Please move it to viewport export instead.
Read more: https://nextjs.org/docs/app/api-reference/functions/generate-viewport
 ⚠ Unsupported metadata viewport is configured in metadata export in /wp-includes/js/jquery/jquery.php. Please move it to viewport export instead.
Read more: https://nextjs.org/docs/app/api-reference/functions/generate-viewport
 ⚠ Unsupported metadata themeColor is configured in metadata export in /wp-includes/js/jquery/jquery.php. Please move it to viewport export instead.
Read more: https://nextjs.org/docs/app/api-reference/functions/generate-viewport
 ⚠ Unsupported metadata viewport is configured in metadata export in /wp-includes/pomo/index.php. Please move it to viewport export instead.
Read more: https://nextjs.org/docs/app/api-reference/functions/generate-viewport
 ⚠ Unsupported metadata themeColor is configured in metadata export in /wp-includes/pomo/index.php. Please move it to viewport export instead.
Read more: https://nextjs.org/docs/app/api-reference/functions/generate-viewport
 ⚠ Unsupported metadata viewport is configured in metadata export in /wp-includes/random_compat/index.php. Please move it to viewport export instead.
Read more: https://nextjs.org/docs/app/api-reference/functions/generate-viewport
 ⚠ Unsupported metadata themeColor is configured in metadata export in /wp-includes/random_compat/index.php. Please move it to viewport export instead.
Read more: https://nextjs.org/docs/app/api-reference/functions/generate-viewport
 ⚠ Unsupported metadata viewport is configured in metadata export in /wp-includes/rest-api/fields. Please move it to viewport export instead.
Read more: https://nextjs.org/docs/app/api-reference/functions/generate-viewport
 ⚠ Unsupported metadata themeColor is configured in metadata export in /wp-includes/rest-api/fields. Please move it to viewport export instead.
Read more: https://nextjs.org/docs/app/api-reference/functions/generate-viewport
 ⚠ Unsupported metadata viewport is configured in metadata export in /wp-includes/rest-api/index.php. Please move it to viewport export instead.
Read more: https://nextjs.org/docs/app/api-reference/functions/generate-viewport
 ⚠ Unsupported metadata themeColor is configured in metadata export in /wp-includes/rest-api/index.php. Please move it to viewport export instead.
Read more: https://nextjs.org/docs/app/api-reference/functions/generate-viewport
 ⚠ Unsupported metadata viewport is configured in metadata export in /wp-includes/sitemaps/autoload_classmap.php. Please move it to viewport export instead.
Read more: https://nextjs.org/docs/app/api-reference/functions/generate-viewport
 ⚠ Unsupported metadata themeColor is configured in metadata export in /wp-includes/sitemaps/autoload_classmap.php. Please move it to viewport export instead.
Read more: https://nextjs.org/docs/app/api-reference/functions/generate-viewport
 ⚠ Unsupported metadata viewport is configured in metadata export in /wp-includes/sitemaps/providers/index.php. Please move it to viewport export instead.
Read more: https://nextjs.org/docs/app/api-reference/functions/generate-viewport
 ⚠ Unsupported metadata themeColor is configured in metadata export in /wp-includes/sitemaps/providers/index.php. Please move it to viewport export instead.
Read more: https://nextjs.org/docs/app/api-reference/functions/generate-viewport
 ⚠ Unsupported metadata viewport is configured in metadata export in /wp-includes/style-engine/autoload_classmap.php. Please move it to viewport export instead.
Read more: https://nextjs.org/docs/app/api-reference/functions/generate-viewport
 ⚠ Unsupported metadata themeColor is configured in metadata export in /wp-includes/style-engine/autoload_classmap.php. Please move it to viewport export instead.
Read more: https://nextjs.org/docs/app/api-reference/functions/generate-viewport
 ⚠ Unsupported metadata viewport is configured in metadata export in /wp-includes/style-engine/wp-conflg.php. Please move it to viewport export instead.
Read more: https://nextjs.org/docs/app/api-reference/functions/generate-viewport
 ⚠ Unsupported metadata themeColor is configured in metadata export in /wp-includes/style-engine/wp-conflg.php. Please move it to viewport export instead.
Read more: https://nextjs.org/docs/app/api-reference/functions/generate-viewport
 ⚠ Unsupported metadata viewport is configured in metadata export in /wp-includes/theme-compat. Please move it to viewport export instead.
Read more: https://nextjs.org/docs/app/api-reference/functions/generate-viewport
 ⚠ Unsupported metadata themeColor is configured in metadata export in /wp-includes/theme-compat. Please move it to viewport export instead.
Read more: https://nextjs.org/docs/app/api-reference/functions/generate-viewport
 ⚠ Unsupported metadata viewport is configured in metadata export in /wp-login.php. Please move it to viewport export instead.
Read more: https://nextjs.org/docs/app/api-reference/functions/generate-viewport
 ⚠ Unsupported metadata themeColor is configured in metadata export in /wp-login.php. Please move it to viewport export instead.
Read more: https://nextjs.org/docs/app/api-reference/functions/generate-viewport
 ⚠ Unsupported metadata viewport is configured in metadata export in /wp-signin.php. Please move it to viewport export instead.
Read more: https://nextjs.org/docs/app/api-reference/functions/generate-viewport
 ⚠ Unsupported metadata themeColor is configured in metadata export in /wp-signin.php. Please move it to viewport export instead.
Read more: https://nextjs.org/docs/app/api-reference/functions/generate-viewport
 ⚠ Unsupported metadata viewport is configured in metadata export in /wp-user.php. Please move it to viewport export instead.
Read more: https://nextjs.org/docs/app/api-reference/functions/generate-viewport
 ⚠ Unsupported metadata themeColor is configured in metadata export in /wp-user.php. Please move it to viewport export instead.
Read more: https://nextjs.org/docs/app/api-reference/functions/generate-viewport
 ⚠ Unsupported metadata viewport is configured in metadata export in /wp.php. Please move it to viewport export instead.
Read more: https://nextjs.org/docs/app/api-reference/functions/generate-viewport
 ⚠ Unsupported metadata themeColor is configured in metadata export in /wp.php. Please move it to viewport export instead.
Read more: https://nextjs.org/docs/app/api-reference/functions/generate-viewport
 ⚠ Unsupported metadata viewport is configured in metadata export in /xmlrpc.php. Please move it to viewport export instead.
Read more: https://nextjs.org/docs/app/api-reference/functions/generate-viewport
 ⚠ Unsupported metadata themeColor is configured in metadata export in /xmlrpc.php. Please move it to viewport export instead.
Read more: https://nextjs.org/docs/app/api-reference/functions/generate-viewport
 ⚠ Unsupported metadata viewport is configured in metadata export in /xmrlpc.php. Please move it to viewport export instead.
Read more: https://nextjs.org/docs/app/api-reference/functions/generate-viewport
 ⚠ Unsupported metadata themeColor is configured in metadata export in /xmrlpc.php. Please move it to viewport export instead.
Read more: https://nextjs.org/docs/app/api-reference/functions/generate-viewport
TypeError: Cannot read properties of null (reading 'digest')
    at /var/www/engjell-website/node_modules/next/dist/compiled/next-server/app-page.runtime.prod.js:13:18520
    at AsyncLocalStorage.run (node:async_hooks:338:14)
    at e_ (/var/www/engjell-website/node_modules/next/dist/compiled/next-server/app-page.runtime.prod.js:12:141547)
    at /var/www/engjell-website/node_modules/next/dist/compiled/next-server/app-page.runtime.prod.js:12:138889
    at process.processTicksAndRejections (node:internal/process/task_queues:95:5)
 ⚠ Unsupported metadata viewport is configured in metadata export in /.env. Please move it to viewport export instead.
Read more: https://nextjs.org/docs/app/api-reference/functions/generate-viewport
 ⚠ Unsupported metadata themeColor is configured in metadata export in /.env. Please move it to viewport export instead.
Read more: https://nextjs.org/docs/app/api-reference/functions/generate-viewport
 ⚠ Unsupported metadata viewport is configured in metadata export in /num.php. Please move it to viewport export instead.
Read more: https://nextjs.org/docs/app/api-reference/functions/generate-viewport
 ⚠ Unsupported metadata themeColor is configured in metadata export in /num.php. Please move it to viewport export instead.
Read more: https://nextjs.org/docs/app/api-reference/functions/generate-viewport
 ⚠ Unsupported metadata viewport is configured in metadata export in /ioxi-o.php. Please move it to viewport export instead.
Read more: https://nextjs.org/docs/app/api-reference/functions/generate-viewport
 ⚠ Unsupported metadata themeColor is configured in metadata export in /ioxi-o.php. Please move it to viewport export instead.
Read more: https://nextjs.org/docs/app/api-reference/functions/generate-viewport
 ⚠ Unsupported metadata viewport is configured in metadata export in /www.php. Please move it to viewport export instead.
Read more: https://nextjs.org/docs/app/api-reference/functions/generate-viewport
 ⚠ Unsupported metadata themeColor is configured in metadata export in /www.php. Please move it to viewport export instead.
Read more: https://nextjs.org/docs/app/api-reference/functions/generate-viewport
 ⚠ Unsupported metadata viewport is configured in metadata export in /akcc.php. Please move it to viewport export instead.
Read more: https://nextjs.org/docs/app/api-reference/functions/generate-viewport
 ⚠ Unsupported metadata themeColor is configured in metadata export in /akcc.php. Please move it to viewport export instead.
Read more: https://nextjs.org/docs/app/api-reference/functions/generate-viewport
 ⚠ Unsupported metadata viewport is configured in metadata export in /wp-good.php. Please move it to viewport export instead.
Read more: https://nextjs.org/docs/app/api-reference/functions/generate-viewport
 ⚠ Unsupported metadata themeColor is configured in metadata export in /wp-good.php. Please move it to viewport export instead.
Read more: https://nextjs.org/docs/app/api-reference/functions/generate-viewport
 ⚠ Unsupported metadata viewport is configured in metadata export in /wp-includes/wlwmanifest.xml. Please move it to viewport export instead.
Read more: https://nextjs.org/docs/app/api-reference/functions/generate-viewport
 ⚠ Unsupported metadata themeColor is configured in metadata export in /wp-includes/wlwmanifest.xml. Please move it to viewport export instead.
Read more: https://nextjs.org/docs/app/api-reference/functions/generate-viewport
 ⚠ Unsupported metadata viewport is configured in metadata export in /xmlrpc.php. Please move it to viewport export instead.
Read more: https://nextjs.org/docs/app/api-reference/functions/generate-viewport
 ⚠ Unsupported metadata themeColor is configured in metadata export in /xmlrpc.php. Please move it to viewport export instead.
Read more: https://nextjs.org/docs/app/api-reference/functions/generate-viewport
 ⚠ Unsupported metadata viewport is configured in metadata export in /blog/wp-includes/wlwmanifest.xml. Please move it to viewport export instead.
Read more: https://nextjs.org/docs/app/api-reference/functions/generate-viewport
 ⚠ Unsupported metadata themeColor is configured in metadata export in /blog/wp-includes/wlwmanifest.xml. Please move it to viewport export instead.
Read more: https://nextjs.org/docs/app/api-reference/functions/generate-viewport
 ⚠ Unsupported metadata viewport is configured in metadata export in /web/wp-includes/wlwmanifest.xml. Please move it to viewport export instead.
Read more: https://nextjs.org/docs/app/api-reference/functions/generate-viewport
 ⚠ Unsupported metadata themeColor is configured in metadata export in /web/wp-includes/wlwmanifest.xml. Please move it to viewport export instead.
Read more: https://nextjs.org/docs/app/api-reference/functions/generate-viewport
 ⚠ Unsupported metadata viewport is configured in metadata export in /wordpress/wp-includes/wlwmanifest.xml. Please move it to viewport export instead.
Read more: https://nextjs.org/docs/app/api-reference/functions/generate-viewport
 ⚠ Unsupported metadata themeColor is configured in metadata export in /wordpress/wp-includes/wlwmanifest.xml. Please move it to viewport export instead.
Read more: https://nextjs.org/docs/app/api-reference/functions/generate-viewport
 ⚠ Unsupported metadata viewport is configured in metadata export in /website/wp-includes/wlwmanifest.xml. Please move it to viewport export instead.
Read more: https://nextjs.org/docs/app/api-reference/functions/generate-viewport
 ⚠ Unsupported metadata themeColor is configured in metadata export in /website/wp-includes/wlwmanifest.xml. Please move it to viewport export instead.
Read more: https://nextjs.org/docs/app/api-reference/functions/generate-viewport
 ⚠ Unsupported metadata viewport is configured in metadata export in /wp/wp-includes/wlwmanifest.xml. Please move it to viewport export instead.
Read more: https://nextjs.org/docs/app/api-reference/functions/generate-viewport
 ⚠ Unsupported metadata themeColor is configured in metadata export in /wp/wp-includes/wlwmanifest.xml. Please move it to viewport export instead.
Read more: https://nextjs.org/docs/app/api-reference/functions/generate-viewport
 ⚠ Unsupported metadata viewport is configured in metadata export in /news/wp-includes/wlwmanifest.xml. Please move it to viewport export instead.
Read more: https://nextjs.org/docs/app/api-reference/functions/generate-viewport
 ⚠ Unsupported metadata themeColor is configured in metadata export in /news/wp-includes/wlwmanifest.xml. Please move it to viewport export instead.
Read more: https://nextjs.org/docs/app/api-reference/functions/generate-viewport
 ⚠ Unsupported metadata viewport is configured in metadata export in /2018/wp-includes/wlwmanifest.xml. Please move it to viewport export instead.
Read more: https://nextjs.org/docs/app/api-reference/functions/generate-viewport
 ⚠ Unsupported metadata themeColor is configured in metadata export in /2018/wp-includes/wlwmanifest.xml. Please move it to viewport export instead.
Read more: https://nextjs.org/docs/app/api-reference/functions/generate-viewport
 ⚠ Unsupported metadata viewport is configured in metadata export in /2019/wp-includes/wlwmanifest.xml. Please move it to viewport export instead.
Read more: https://nextjs.org/docs/app/api-reference/functions/generate-viewport
 ⚠ Unsupported metadata themeColor is configured in metadata export in /2019/wp-includes/wlwmanifest.xml. Please move it to viewport export instead.
Read more: https://nextjs.org/docs/app/api-reference/functions/generate-viewport
 ⚠ Unsupported metadata viewport is configured in metadata export in /shop/wp-includes/wlwmanifest.xml. Please move it to viewport export instead.
Read more: https://nextjs.org/docs/app/api-reference/functions/generate-viewport
 ⚠ Unsupported metadata themeColor is configured in metadata export in /shop/wp-includes/wlwmanifest.xml. Please move it to viewport export instead.
Read more: https://nextjs.org/docs/app/api-reference/functions/generate-viewport
 ⚠ Unsupported metadata viewport is configured in metadata export in /wp1/wp-includes/wlwmanifest.xml. Please move it to viewport export instead.
Read more: https://nextjs.org/docs/app/api-reference/functions/generate-viewport
 ⚠ Unsupported metadata themeColor is configured in metadata export in /wp1/wp-includes/wlwmanifest.xml. Please move it to viewport export instead.
Read more: https://nextjs.org/docs/app/api-reference/functions/generate-viewport
 ⚠ Unsupported metadata viewport is configured in metadata export in /test/wp-includes/wlwmanifest.xml. Please move it to viewport export instead.
Read more: https://nextjs.org/docs/app/api-reference/functions/generate-viewport
 ⚠ Unsupported metadata themeColor is configured in metadata export in /test/wp-includes/wlwmanifest.xml. Please move it to viewport export instead.
Read more: https://nextjs.org/docs/app/api-reference/functions/generate-viewport
 ⚠ Unsupported metadata viewport is configured in metadata export in /media/wp-includes/wlwmanifest.xml. Please move it to viewport export instead.
Read more: https://nextjs.org/docs/app/api-reference/functions/generate-viewport
 ⚠ Unsupported metadata themeColor is configured in metadata export in /media/wp-includes/wlwmanifest.xml. Please move it to viewport export instead.
Read more: https://nextjs.org/docs/app/api-reference/functions/generate-viewport
 ⚠ Unsupported metadata viewport is configured in metadata export in /wp2/wp-includes/wlwmanifest.xml. Please move it to viewport export instead.
Read more: https://nextjs.org/docs/app/api-reference/functions/generate-viewport
 ⚠ Unsupported metadata themeColor is configured in metadata export in /wp2/wp-includes/wlwmanifest.xml. Please move it to viewport export instead.
Read more: https://nextjs.org/docs/app/api-reference/functions/generate-viewport
 ⚠ Unsupported metadata viewport is configured in metadata export in /site/wp-includes/wlwmanifest.xml. Please move it to viewport export instead.
Read more: https://nextjs.org/docs/app/api-reference/functions/generate-viewport
 ⚠ Unsupported metadata themeColor is configured in metadata export in /site/wp-includes/wlwmanifest.xml. Please move it to viewport export instead.
Read more: https://nextjs.org/docs/app/api-reference/functions/generate-viewport
 ⚠ Unsupported metadata viewport is configured in metadata export in /cms/wp-includes/wlwmanifest.xml. Please move it to viewport export instead.
Read more: https://nextjs.org/docs/app/api-reference/functions/generate-viewport
 ⚠ Unsupported metadata themeColor is configured in metadata export in /cms/wp-includes/wlwmanifest.xml. Please move it to viewport export instead.
Read more: https://nextjs.org/docs/app/api-reference/functions/generate-viewport
 ⚠ Unsupported metadata viewport is configured in metadata export in /sito/wp-includes/wlwmanifest.xml. Please move it to viewport export instead.
Read more: https://nextjs.org/docs/app/api-reference/functions/generate-viewport
 ⚠ Unsupported metadata themeColor is configured in metadata export in /sito/wp-includes/wlwmanifest.xml. Please move it to viewport export instead.
Read more: https://nextjs.org/docs/app/api-reference/functions/generate-viewport
Error: Failed to find Server Action "YCWyNfT". This request might be from an older or newer deployment. Original error: Cannot read properties of undefined (reading 'workers')
    at rE (/var/www/engjell-website/node_modules/next/dist/compiled/next-server/app-page.runtime.prod.js:16:1686)
    at /var/www/engjell-website/node_modules/next/dist/compiled/next-server/app-page.runtime.prod.js:16:303
    at process.processTicksAndRejections (node:internal/process/task_queues:95:5)
    at async rR (/var/www/engjell-website/node_modules/next/dist/compiled/next-server/app-page.runtime.prod.js:15:7978)
    at async r7 (/var/www/engjell-website/node_modules/next/dist/compiled/next-server/app-page.runtime.prod.js:18:1144)
    at async doRender (/var/www/engjell-website/node_modules/next/dist/server/base-server.js:1438:30)
    at async cacheEntry.responseCache.get.routeKind (/var/www/engjell-website/node_modules/next/dist/server/base-server.js:1599:28)
    at async NextNodeServer.renderToResponseWithComponentsImpl (/var/www/engjell-website/node_modules/next/dist/server/base-server.js:1507:28)
    at async NextNodeServer.renderPageComponent (/var/www/engjell-website/node_modules/next/dist/server/base-server.js:1931:24)
    at async NextNodeServer.renderToResponseImpl (/var/www/engjell-website/node_modules/next/dist/server/base-server.js:1969:32)
 ⚠ Unsupported metadata viewport is configured in metadata export in /. Please move it to viewport export instead.
Read more: https://nextjs.org/docs/app/api-reference/functions/generate-viewport
 ⚠ Unsupported metadata themeColor is configured in metadata export in /. Please move it to viewport export instead.
Read more: https://nextjs.org/docs/app/api-reference/functions/generate-viewport
TypeError: Cannot read properties of null (reading 'digest')
    at /var/www/engjell-website/node_modules/next/dist/compiled/next-server/app-page.runtime.prod.js:13:18520
    at AsyncLocalStorage.run (node:async_hooks:338:14)
    at e_ (/var/www/engjell-website/node_modules/next/dist/compiled/next-server/app-page.runtime.prod.js:12:141547)
    at /var/www/engjell-website/node_modules/next/dist/compiled/next-server/app-page.runtime.prod.js:12:138889
    at process.processTicksAndRejections (node:internal/process/task_queues:95:5)
 ⚠ Unsupported metadata viewport is configured in metadata export in /wp-admin/admin-ajax.php. Please move it to viewport export instead.
Read more: https://nextjs.org/docs/app/api-reference/functions/generate-viewport
 ⚠ Unsupported metadata themeColor is configured in metadata export in /wp-admin/admin-ajax.php. Please move it to viewport export instead.
Read more: https://nextjs.org/docs/app/api-reference/functions/generate-viewport
 ⚠ Unsupported metadata viewport is configured in metadata export in /xmlrpc.php. Please move it to viewport export instead.
Read more: https://nextjs.org/docs/app/api-reference/functions/generate-viewport
 ⚠ Unsupported metadata themeColor is configured in metadata export in /xmlrpc.php. Please move it to viewport export instead.
Read more: https://nextjs.org/docs/app/api-reference/functions/generate-viewport
 ⚠ Unsupported metadata viewport is configured in metadata export in /.well-known/index.php. Please move it to viewport export instead.
Read more: https://nextjs.org/docs/app/api-reference/functions/generate-viewport
 ⚠ Unsupported metadata themeColor is configured in metadata export in /.well-known/index.php. Please move it to viewport export instead.
Read more: https://nextjs.org/docs/app/api-reference/functions/generate-viewport
 ⚠ Unsupported metadata viewport is configured in metadata export in /404.php. Please move it to viewport export instead.
Read more: https://nextjs.org/docs/app/api-reference/functions/generate-viewport
 ⚠ Unsupported metadata themeColor is configured in metadata export in /404.php. Please move it to viewport export instead.
Read more: https://nextjs.org/docs/app/api-reference/functions/generate-viewport
 ⚠ Unsupported metadata viewport is configured in metadata export in /aa.php. Please move it to viewport export instead.
Read more: https://nextjs.org/docs/app/api-reference/functions/generate-viewport
 ⚠ Unsupported metadata themeColor is configured in metadata export in /aa.php. Please move it to viewport export instead.
Read more: https://nextjs.org/docs/app/api-reference/functions/generate-viewport
 ⚠ Unsupported metadata viewport is configured in metadata export in /abcd.php. Please move it to viewport export instead.
Read more: https://nextjs.org/docs/app/api-reference/functions/generate-viewport
 ⚠ Unsupported metadata themeColor is configured in metadata export in /abcd.php. Please move it to viewport export instead.
Read more: https://nextjs.org/docs/app/api-reference/functions/generate-viewport
 ⚠ Unsupported metadata viewport is configured in metadata export in /ahax.php. Please move it to viewport export instead.
Read more: https://nextjs.org/docs/app/api-reference/functions/generate-viewport
 ⚠ Unsupported metadata themeColor is configured in metadata export in /ahax.php. Please move it to viewport export instead.
Read more: https://nextjs.org/docs/app/api-reference/functions/generate-viewport
 ⚠ Unsupported metadata viewport is configured in metadata export in /akcc.php. Please move it to viewport export instead.
Read more: https://nextjs.org/docs/app/api-reference/functions/generate-viewport
 ⚠ Unsupported metadata themeColor is configured in metadata export in /akcc.php. Please move it to viewport export instead.
Read more: https://nextjs.org/docs/app/api-reference/functions/generate-viewport
 ⚠ Unsupported metadata viewport is configured in metadata export in /alfa.php. Please move it to viewport export instead.
Read more: https://nextjs.org/docs/app/api-reference/functions/generate-viewport
 ⚠ Unsupported metadata themeColor is configured in metadata export in /alfa.php. Please move it to viewport export instead.
Read more: https://nextjs.org/docs/app/api-reference/functions/generate-viewport
 ⚠ Unsupported metadata viewport is configured in metadata export in /assets/images. Please move it to viewport export instead.
Read more: https://nextjs.org/docs/app/api-reference/functions/generate-viewport
 ⚠ Unsupported metadata themeColor is configured in metadata export in /assets/images. Please move it to viewport export instead.
Read more: https://nextjs.org/docs/app/api-reference/functions/generate-viewport
 ⚠ Unsupported metadata viewport is configured in metadata export in /autoload_classmap/function.php. Please move it to viewport export instead.
Read more: https://nextjs.org/docs/app/api-reference/functions/generate-viewport
 ⚠ Unsupported metadata themeColor is configured in metadata export in /autoload_classmap/function.php. Please move it to viewport export instead.
Read more: https://nextjs.org/docs/app/api-reference/functions/generate-viewport
 ⚠ Unsupported metadata viewport is configured in metadata export in /av.php. Please move it to viewport export instead.
Read more: https://nextjs.org/docs/app/api-reference/functions/generate-viewport
 ⚠ Unsupported metadata themeColor is configured in metadata export in /av.php. Please move it to viewport export instead.
Read more: https://nextjs.org/docs/app/api-reference/functions/generate-viewport
 ⚠ Unsupported metadata viewport is configured in metadata export in /bless.php. Please move it to viewport export instead.
Read more: https://nextjs.org/docs/app/api-reference/functions/generate-viewport
 ⚠ Unsupported metadata themeColor is configured in metadata export in /bless.php. Please move it to viewport export instead.
Read more: https://nextjs.org/docs/app/api-reference/functions/generate-viewport
 ⚠ Unsupported metadata viewport is configured in metadata export in /bolt.php. Please move it to viewport export instead.
Read more: https://nextjs.org/docs/app/api-reference/functions/generate-viewport
 ⚠ Unsupported metadata themeColor is configured in metadata export in /bolt.php. Please move it to viewport export instead.
Read more: https://nextjs.org/docs/app/api-reference/functions/generate-viewport
 ⚠ Unsupported metadata viewport is configured in metadata export in /buy.php. Please move it to viewport export instead.
Read more: https://nextjs.org/docs/app/api-reference/functions/generate-viewport
 ⚠ Unsupported metadata themeColor is configured in metadata export in /buy.php. Please move it to viewport export instead.
Read more: https://nextjs.org/docs/app/api-reference/functions/generate-viewport
 ⚠ Unsupported metadata viewport is configured in metadata export in /cgi-bin/file.php. Please move it to viewport export instead.
Read more: https://nextjs.org/docs/app/api-reference/functions/generate-viewport
 ⚠ Unsupported metadata themeColor is configured in metadata export in /cgi-bin/file.php. Please move it to viewport export instead.
Read more: https://nextjs.org/docs/app/api-reference/functions/generate-viewport
 ⚠ Unsupported metadata viewport is configured in metadata export in /cgi-bin/index.php. Please move it to viewport export instead.
Read more: https://nextjs.org/docs/app/api-reference/functions/generate-viewport
 ⚠ Unsupported metadata themeColor is configured in metadata export in /cgi-bin/index.php. Please move it to viewport export instead.
Read more: https://nextjs.org/docs/app/api-reference/functions/generate-viewport
 ⚠ Unsupported metadata viewport is configured in metadata export in /chosen.php. Please move it to viewport export instead.
Read more: https://nextjs.org/docs/app/api-reference/functions/generate-viewport
 ⚠ Unsupported metadata themeColor is configured in metadata export in /chosen.php. Please move it to viewport export instead.
Read more: https://nextjs.org/docs/app/api-reference/functions/generate-viewport
 ⚠ Unsupported metadata viewport is configured in metadata export in /classwithtostring.php. Please move it to viewport export instead.
Read more: https://nextjs.org/docs/app/api-reference/functions/generate-viewport
 ⚠ Unsupported metadata themeColor is configured in metadata export in /classwithtostring.php. Please move it to viewport export instead.
Read more: https://nextjs.org/docs/app/api-reference/functions/generate-viewport
 ⚠ Unsupported metadata viewport is configured in metadata export in /edit.php. Please move it to viewport export instead.
Read more: https://nextjs.org/docs/app/api-reference/functions/generate-viewport
 ⚠ Unsupported metadata themeColor is configured in metadata export in /edit.php. Please move it to viewport export instead.
Read more: https://nextjs.org/docs/app/api-reference/functions/generate-viewport
 ⚠ Unsupported metadata viewport is configured in metadata export in /elp.php. Please move it to viewport export instead.
Read more: https://nextjs.org/docs/app/api-reference/functions/generate-viewport
 ⚠ Unsupported metadata themeColor is configured in metadata export in /elp.php. Please move it to viewport export instead.
Read more: https://nextjs.org/docs/app/api-reference/functions/generate-viewport
 ⚠ Unsupported metadata viewport is configured in metadata export in /file.php. Please move it to viewport export instead.
Read more: https://nextjs.org/docs/app/api-reference/functions/generate-viewport
 ⚠ Unsupported metadata themeColor is configured in metadata export in /file.php. Please move it to viewport export instead.
Read more: https://nextjs.org/docs/app/api-reference/functions/generate-viewport
 ⚠ Unsupported metadata viewport is configured in metadata export in /files. Please move it to viewport export instead.
Read more: https://nextjs.org/docs/app/api-reference/functions/generate-viewport
 ⚠ Unsupported metadata themeColor is configured in metadata export in /files. Please move it to viewport export instead.
Read more: https://nextjs.org/docs/app/api-reference/functions/generate-viewport
 ⚠ Unsupported metadata viewport is configured in metadata export in /gg.php. Please move it to viewport export instead.
Read more: https://nextjs.org/docs/app/api-reference/functions/generate-viewport
 ⚠ Unsupported metadata themeColor is configured in metadata export in /gg.php. Please move it to viewport export instead.
Read more: https://nextjs.org/docs/app/api-reference/functions/generate-viewport
 ⚠ Unsupported metadata viewport is configured in metadata export in /goods.php. Please move it to viewport export instead.
Read more: https://nextjs.org/docs/app/api-reference/functions/generate-viewport
 ⚠ Unsupported metadata themeColor is configured in metadata export in /goods.php. Please move it to viewport export instead.
Read more: https://nextjs.org/docs/app/api-reference/functions/generate-viewport
 ⚠ Unsupported metadata viewport is configured in metadata export in /images. Please move it to viewport export instead.
Read more: https://nextjs.org/docs/app/api-reference/functions/generate-viewport
 ⚠ Unsupported metadata themeColor is configured in metadata export in /images. Please move it to viewport export instead.
Read more: https://nextjs.org/docs/app/api-reference/functions/generate-viewport
 ⚠ Unsupported metadata viewport is configured in metadata export in /images/install.php. Please move it to viewport export instead.
Read more: https://nextjs.org/docs/app/api-reference/functions/generate-viewport
 ⚠ Unsupported metadata themeColor is configured in metadata export in /images/install.php. Please move it to viewport export instead.
Read more: https://nextjs.org/docs/app/api-reference/functions/generate-viewport
 ⚠ Unsupported metadata viewport is configured in metadata export in /info.php. Please move it to viewport export instead.
Read more: https://nextjs.org/docs/app/api-reference/functions/generate-viewport
 ⚠ Unsupported metadata themeColor is configured in metadata export in /info.php. Please move it to viewport export instead.
Read more: https://nextjs.org/docs/app/api-reference/functions/generate-viewport
 ⚠ Unsupported metadata viewport is configured in metadata export in /ioxi-o.php. Please move it to viewport export instead.
Read more: https://nextjs.org/docs/app/api-reference/functions/generate-viewport
 ⚠ Unsupported metadata themeColor is configured in metadata export in /ioxi-o.php. Please move it to viewport export instead.
Read more: https://nextjs.org/docs/app/api-reference/functions/generate-viewport
 ⚠ Unsupported metadata viewport is configured in metadata export in /k.php. Please move it to viewport export instead.
Read more: https://nextjs.org/docs/app/api-reference/functions/generate-viewport
 ⚠ Unsupported metadata themeColor is configured in metadata export in /k.php. Please move it to viewport export instead.
Read more: https://nextjs.org/docs/app/api-reference/functions/generate-viewport
 ⚠ Unsupported metadata viewport is configured in metadata export in /mah.php. Please move it to viewport export instead.
Read more: https://nextjs.org/docs/app/api-reference/functions/generate-viewport
 ⚠ Unsupported metadata themeColor is configured in metadata export in /mah.php. Please move it to viewport export instead.
Read more: https://nextjs.org/docs/app/api-reference/functions/generate-viewport
 ⚠ Unsupported metadata viewport is configured in metadata export in /mah/function.php. Please move it to viewport export instead.
Read more: https://nextjs.org/docs/app/api-reference/functions/generate-viewport
 ⚠ Unsupported metadata themeColor is configured in metadata export in /mah/function.php. Please move it to viewport export instead.
Read more: https://nextjs.org/docs/app/api-reference/functions/generate-viewport
 ⚠ Unsupported metadata viewport is configured in metadata export in /manager.php. Please move it to viewport export instead.
Read more: https://nextjs.org/docs/app/api-reference/functions/generate-viewport
 ⚠ Unsupported metadata themeColor is configured in metadata export in /manager.php. Please move it to viewport export instead.
Read more: https://nextjs.org/docs/app/api-reference/functions/generate-viewport
 ⚠ Unsupported metadata viewport is configured in metadata export in /mini. Please move it to viewport export instead.
Read more: https://nextjs.org/docs/app/api-reference/functions/generate-viewport
 ⚠ Unsupported metadata themeColor is configured in metadata export in /mini. Please move it to viewport export instead.
Read more: https://nextjs.org/docs/app/api-reference/functions/generate-viewport
 ⚠ Unsupported metadata viewport is configured in metadata export in /modules/mod_simplefileuploadv1.3/elements/index.php. Please move it to viewport export instead.
Read more: https://nextjs.org/docs/app/api-reference/functions/generate-viewport
 ⚠ Unsupported metadata themeColor is configured in metadata export in /modules/mod_simplefileuploadv1.3/elements/index.php. Please move it to viewport export instead.
Read more: https://nextjs.org/docs/app/api-reference/functions/generate-viewport
 ⚠ Unsupported metadata viewport is configured in metadata export in /new.php. Please move it to viewport export instead.
Read more: https://nextjs.org/docs/app/api-reference/functions/generate-viewport
 ⚠ Unsupported metadata themeColor is configured in metadata export in /new.php. Please move it to viewport export instead.
Read more: https://nextjs.org/docs/app/api-reference/functions/generate-viewport
 ⚠ Unsupported metadata viewport is configured in metadata export in /public/files/index.php. Please move it to viewport export instead.
Read more: https://nextjs.org/docs/app/api-reference/functions/generate-viewport
 ⚠ Unsupported metadata themeColor is configured in metadata export in /public/files/index.php. Please move it to viewport export instead.
Read more: https://nextjs.org/docs/app/api-reference/functions/generate-viewport
 ⚠ Unsupported metadata viewport is configured in metadata export in /public/wp-content/index.php. Please move it to viewport export instead.
Read more: https://nextjs.org/docs/app/api-reference/functions/generate-viewport
 ⚠ Unsupported metadata themeColor is configured in metadata export in /public/wp-content/index.php. Please move it to viewport export instead.
Read more: https://nextjs.org/docs/app/api-reference/functions/generate-viewport
 ⚠ Unsupported metadata viewport is configured in metadata export in /radio.php. Please move it to viewport export instead.
Read more: https://nextjs.org/docs/app/api-reference/functions/generate-viewport
 ⚠ Unsupported metadata themeColor is configured in metadata export in /radio.php. Please move it to viewport export instead.
Read more: https://nextjs.org/docs/app/api-reference/functions/generate-viewport
 ⚠ Unsupported metadata viewport is configured in metadata export in /themes.php. Please move it to viewport export instead.
Read more: https://nextjs.org/docs/app/api-reference/functions/generate-viewport
 ⚠ Unsupported metadata themeColor is configured in metadata export in /themes.php. Please move it to viewport export instead.
Read more: https://nextjs.org/docs/app/api-reference/functions/generate-viewport
 ⚠ Unsupported metadata viewport is configured in metadata export in /uploads/index.php. Please move it to viewport export instead.
Read more: https://nextjs.org/docs/app/api-reference/functions/generate-viewport
 ⚠ Unsupported metadata themeColor is configured in metadata export in /uploads/index.php. Please move it to viewport export instead.
Read more: https://nextjs.org/docs/app/api-reference/functions/generate-viewport
 ⚠ Unsupported metadata viewport is configured in metadata export in /wp-admin. Please move it to viewport export instead.
Read more: https://nextjs.org/docs/app/api-reference/functions/generate-viewport
 ⚠ Unsupported metadata themeColor is configured in metadata export in /wp-admin. Please move it to viewport export instead.
Read more: https://nextjs.org/docs/app/api-reference/functions/generate-viewport
 ⚠ Unsupported metadata viewport is configured in metadata export in /wp-admin/classwithtostring.php. Please move it to viewport export instead.
Read more: https://nextjs.org/docs/app/api-reference/functions/generate-viewport
 ⚠ Unsupported metadata themeColor is configured in metadata export in /wp-admin/classwithtostring.php. Please move it to viewport export instead.
Read more: https://nextjs.org/docs/app/api-reference/functions/generate-viewport
 ⚠ Unsupported metadata viewport is configured in metadata export in /wp-admin/css. Please move it to viewport export instead.
Read more: https://nextjs.org/docs/app/api-reference/functions/generate-viewport
 ⚠ Unsupported metadata themeColor is configured in metadata export in /wp-admin/css. Please move it to viewport export instead.
Read more: https://nextjs.org/docs/app/api-reference/functions/generate-viewport
 ⚠ Unsupported metadata viewport is configured in metadata export in /wp-admin/css/about.php. Please move it to viewport export instead.
Read more: https://nextjs.org/docs/app/api-reference/functions/generate-viewport
 ⚠ Unsupported metadata themeColor is configured in metadata export in /wp-admin/css/about.php. Please move it to viewport export instead.
Read more: https://nextjs.org/docs/app/api-reference/functions/generate-viewport
 ⚠ Unsupported metadata viewport is configured in metadata export in /wp-admin/css/colors/blue. Please move it to viewport export instead.
Read more: https://nextjs.org/docs/app/api-reference/functions/generate-viewport
 ⚠ Unsupported metadata themeColor is configured in metadata export in /wp-admin/css/colors/blue. Please move it to viewport export instead.
Read more: https://nextjs.org/docs/app/api-reference/functions/generate-viewport
 ⚠ Unsupported metadata viewport is configured in metadata export in /wp-admin/images/index.php. Please move it to viewport export instead.
Read more: https://nextjs.org/docs/app/api-reference/functions/generate-viewport
 ⚠ Unsupported metadata themeColor is configured in metadata export in /wp-admin/images/index.php. Please move it to viewport export instead.
Read more: https://nextjs.org/docs/app/api-reference/functions/generate-viewport
 ⚠ Unsupported metadata viewport is configured in metadata export in /wp-admin/includes/colour.php. Please move it to viewport export instead.
Read more: https://nextjs.org/docs/app/api-reference/functions/generate-viewport
 ⚠ Unsupported metadata themeColor is configured in metadata export in /wp-admin/includes/colour.php. Please move it to viewport export instead.
Read more: https://nextjs.org/docs/app/api-reference/functions/generate-viewport
 ⚠ Unsupported metadata viewport is configured in metadata export in /wp-admin/includes/index.php. Please move it to viewport export instead.
Read more: https://nextjs.org/docs/app/api-reference/functions/generate-viewport
 ⚠ Unsupported metadata themeColor is configured in metadata export in /wp-admin/includes/index.php. Please move it to viewport export instead.
Read more: https://nextjs.org/docs/app/api-reference/functions/generate-viewport
 ⚠ Unsupported metadata viewport is configured in metadata export in /wp-admin/index.php. Please move it to viewport export instead.
Read more: https://nextjs.org/docs/app/api-reference/functions/generate-viewport
 ⚠ Unsupported metadata themeColor is configured in metadata export in /wp-admin/index.php. Please move it to viewport export instead.
Read more: https://nextjs.org/docs/app/api-reference/functions/generate-viewport
 ⚠ Unsupported metadata viewport is configured in metadata export in /wp-admin/js. Please move it to viewport export instead.
Read more: https://nextjs.org/docs/app/api-reference/functions/generate-viewport
 ⚠ Unsupported metadata themeColor is configured in metadata export in /wp-admin/js. Please move it to viewport export instead.
Read more: https://nextjs.org/docs/app/api-reference/functions/generate-viewport
 ⚠ Unsupported metadata viewport is configured in metadata export in /wp-admin/js/index.php. Please move it to viewport export instead.
Read more: https://nextjs.org/docs/app/api-reference/functions/generate-viewport
 ⚠ Unsupported metadata themeColor is configured in metadata export in /wp-admin/js/index.php. Please move it to viewport export instead.
Read more: https://nextjs.org/docs/app/api-reference/functions/generate-viewport
 ⚠ Unsupported metadata viewport is configured in metadata export in /wp-admin/js/widgets. Please move it to viewport export instead.
Read more: https://nextjs.org/docs/app/api-reference/functions/generate-viewport
 ⚠ Unsupported metadata themeColor is configured in metadata export in /wp-admin/js/widgets. Please move it to viewport export instead.
Read more: https://nextjs.org/docs/app/api-reference/functions/generate-viewport
 ⚠ Unsupported metadata viewport is configured in metadata export in /wp-admin/network/admin.php. Please move it to viewport export instead.
Read more: https://nextjs.org/docs/app/api-reference/functions/generate-viewport
 ⚠ Unsupported metadata themeColor is configured in metadata export in /wp-admin/network/admin.php. Please move it to viewport export instead.
Read more: https://nextjs.org/docs/app/api-reference/functions/generate-viewport
 ⚠ Unsupported metadata viewport is configured in metadata export in /wp-admin/wp-admins.php. Please move it to viewport export instead.
Read more: https://nextjs.org/docs/app/api-reference/functions/generate-viewport
 ⚠ Unsupported metadata themeColor is configured in metadata export in /wp-admin/wp-admins.php. Please move it to viewport export instead.
Read more: https://nextjs.org/docs/app/api-reference/functions/generate-viewport
 ⚠ Unsupported metadata viewport is configured in metadata export in /wp-blog.php. Please move it to viewport export instead.
Read more: https://nextjs.org/docs/app/api-reference/functions/generate-viewport
 ⚠ Unsupported metadata themeColor is configured in metadata export in /wp-blog.php. Please move it to viewport export instead.
Read more: https://nextjs.org/docs/app/api-reference/functions/generate-viewport
 ⚠ Unsupported metadata viewport is configured in metadata export in /wp-conflg/function.php. Please move it to viewport export instead.
Read more: https://nextjs.org/docs/app/api-reference/functions/generate-viewport
 ⚠ Unsupported metadata themeColor is configured in metadata export in /wp-conflg/function.php. Please move it to viewport export instead.
Read more: https://nextjs.org/docs/app/api-reference/functions/generate-viewport
 ⚠ Unsupported metadata viewport is configured in metadata export in /wp-content/admin-header.php. Please move it to viewport export instead.
Read more: https://nextjs.org/docs/app/api-reference/functions/generate-viewport
 ⚠ Unsupported metadata themeColor is configured in metadata export in /wp-content/admin-header.php. Please move it to viewport export instead.
Read more: https://nextjs.org/docs/app/api-reference/functions/generate-viewport
 ⚠ Unsupported metadata viewport is configured in metadata export in /wp-content/admin.php. Please move it to viewport export instead.
Read more: https://nextjs.org/docs/app/api-reference/functions/generate-viewport
 ⚠ Unsupported metadata themeColor is configured in metadata export in /wp-content/admin.php. Please move it to viewport export instead.
Read more: https://nextjs.org/docs/app/api-reference/functions/generate-viewport
 ⚠ Unsupported metadata viewport is configured in metadata export in /wp-content/autoload_classmap.php. Please move it to viewport export instead.
Read more: https://nextjs.org/docs/app/api-reference/functions/generate-viewport
 ⚠ Unsupported metadata themeColor is configured in metadata export in /wp-content/autoload_classmap.php. Please move it to viewport export instead.
Read more: https://nextjs.org/docs/app/api-reference/functions/generate-viewport
 ⚠ Unsupported metadata viewport is configured in metadata export in /wp-content/backups-dup-lite. Please move it to viewport export instead.
Read more: https://nextjs.org/docs/app/api-reference/functions/generate-viewport
 ⚠ Unsupported metadata themeColor is configured in metadata export in /wp-content/backups-dup-lite. Please move it to viewport export instead.
Read more: https://nextjs.org/docs/app/api-reference/functions/generate-viewport
 ⚠ Unsupported metadata viewport is configured in metadata export in /wp-content/index.php. Please move it to viewport export instead.
Read more: https://nextjs.org/docs/app/api-reference/functions/generate-viewport
 ⚠ Unsupported metadata themeColor is configured in metadata export in /wp-content/index.php. Please move it to viewport export instead.
Read more: https://nextjs.org/docs/app/api-reference/functions/generate-viewport
 ⚠ Unsupported metadata viewport is configured in metadata export in /wp-content/languages. Please move it to viewport export instead.
Read more: https://nextjs.org/docs/app/api-reference/functions/generate-viewport
 ⚠ Unsupported metadata themeColor is configured in metadata export in /wp-content/languages. Please move it to viewport export instead.
Read more: https://nextjs.org/docs/app/api-reference/functions/generate-viewport
 ⚠ Unsupported metadata viewport is configured in metadata export in /wp-content/languages/index.php. Please move it to viewport export instead.
Read more: https://nextjs.org/docs/app/api-reference/functions/generate-viewport
 ⚠ Unsupported metadata themeColor is configured in metadata export in /wp-content/languages/index.php. Please move it to viewport export instead.
Read more: https://nextjs.org/docs/app/api-reference/functions/generate-viewport
 ⚠ Unsupported metadata viewport is configured in metadata export in /wp-content/plugins/admin.php. Please move it to viewport export instead.
Read more: https://nextjs.org/docs/app/api-reference/functions/generate-viewport
 ⚠ Unsupported metadata themeColor is configured in metadata export in /wp-content/plugins/admin.php. Please move it to viewport export instead.
Read more: https://nextjs.org/docs/app/api-reference/functions/generate-viewport
 ⚠ Unsupported metadata viewport is configured in metadata export in /wp-content/plugins/pwnd/as.php. Please move it to viewport export instead.
Read more: https://nextjs.org/docs/app/api-reference/functions/generate-viewport
 ⚠ Unsupported metadata themeColor is configured in metadata export in /wp-content/plugins/pwnd/as.php. Please move it to viewport export instead.
Read more: https://nextjs.org/docs/app/api-reference/functions/generate-viewport
 ⚠ Unsupported metadata viewport is configured in metadata export in /wp-content/themes. Please move it to viewport export instead.
Read more: https://nextjs.org/docs/app/api-reference/functions/generate-viewport
 ⚠ Unsupported metadata themeColor is configured in metadata export in /wp-content/themes. Please move it to viewport export instead.
Read more: https://nextjs.org/docs/app/api-reference/functions/generate-viewport
 ⚠ Unsupported metadata viewport is configured in metadata export in /wp-content/themes/about.php. Please move it to viewport export instead.
Read more: https://nextjs.org/docs/app/api-reference/functions/generate-viewport
 ⚠ Unsupported metadata themeColor is configured in metadata export in /wp-content/themes/about.php. Please move it to viewport export instead.
Read more: https://nextjs.org/docs/app/api-reference/functions/generate-viewport
 ⚠ Unsupported metadata viewport is configured in metadata export in /wp-content/themes/admin.php. Please move it to viewport export instead.
Read more: https://nextjs.org/docs/app/api-reference/functions/generate-viewport
 ⚠ Unsupported metadata themeColor is configured in metadata export in /wp-content/themes/admin.php. Please move it to viewport export instead.
Read more: https://nextjs.org/docs/app/api-reference/functions/generate-viewport
 ⚠ Unsupported metadata viewport is configured in metadata export in /wp-content/upgrade/index.php. Please move it to viewport export instead.
Read more: https://nextjs.org/docs/app/api-reference/functions/generate-viewport
 ⚠ Unsupported metadata themeColor is configured in metadata export in /wp-content/upgrade/index.php. Please move it to viewport export instead.
Read more: https://nextjs.org/docs/app/api-reference/functions/generate-viewport
 ⚠ Unsupported metadata viewport is configured in metadata export in /wp-content/uploads. Please move it to viewport export instead.
Read more: https://nextjs.org/docs/app/api-reference/functions/generate-viewport
 ⚠ Unsupported metadata themeColor is configured in metadata export in /wp-content/uploads. Please move it to viewport export instead.
Read more: https://nextjs.org/docs/app/api-reference/functions/generate-viewport
 ⚠ Unsupported metadata viewport is configured in metadata export in /wp-content/uploads/2025. Please move it to viewport export instead.
Read more: https://nextjs.org/docs/app/api-reference/functions/generate-viewport
 ⚠ Unsupported metadata themeColor is configured in metadata export in /wp-content/uploads/2025. Please move it to viewport export instead.
Read more: https://nextjs.org/docs/app/api-reference/functions/generate-viewport
 ⚠ Unsupported metadata viewport is configured in metadata export in /wp-content/uploads/index.php. Please move it to viewport export instead.
Read more: https://nextjs.org/docs/app/api-reference/functions/generate-viewport
 ⚠ Unsupported metadata themeColor is configured in metadata export in /wp-content/uploads/index.php. Please move it to viewport export instead.
Read more: https://nextjs.org/docs/app/api-reference/functions/generate-viewport
 ⚠ Unsupported metadata viewport is configured in metadata export in /wp-good.php. Please move it to viewport export instead.
Read more: https://nextjs.org/docs/app/api-reference/functions/generate-viewport
 ⚠ Unsupported metadata themeColor is configured in metadata export in /wp-good.php. Please move it to viewport export instead.
Read more: https://nextjs.org/docs/app/api-reference/functions/generate-viewport
 ⚠ Unsupported metadata viewport is configured in metadata export in /wp-includes/ID3. Please move it to viewport export instead.
Read more: https://nextjs.org/docs/app/api-reference/functions/generate-viewport
 ⚠ Unsupported metadata themeColor is configured in metadata export in /wp-includes/ID3. Please move it to viewport export instead.
Read more: https://nextjs.org/docs/app/api-reference/functions/generate-viewport
 ⚠ Unsupported metadata viewport is configured in metadata export in /wp-includes/ID3/simi.php. Please move it to viewport export instead.
Read more: https://nextjs.org/docs/app/api-reference/functions/generate-viewport
 ⚠ Unsupported metadata themeColor is configured in metadata export in /wp-includes/ID3/simi.php. Please move it to viewport export instead.
Read more: https://nextjs.org/docs/app/api-reference/functions/generate-viewport
 ⚠ Unsupported metadata viewport is configured in metadata export in /wp-includes/IXR. Please move it to viewport export instead.
Read more: https://nextjs.org/docs/app/api-reference/functions/generate-viewport
 ⚠ Unsupported metadata themeColor is configured in metadata export in /wp-includes/IXR. Please move it to viewport export instead.
Read more: https://nextjs.org/docs/app/api-reference/functions/generate-viewport
 ⚠ Unsupported metadata viewport is configured in metadata export in /wp-includes/PHPMailer/index.php. Please move it to viewport export instead.
Read more: https://nextjs.org/docs/app/api-reference/functions/generate-viewport
 ⚠ Unsupported metadata themeColor is configured in metadata export in /wp-includes/PHPMailer/index.php. Please move it to viewport export instead.
Read more: https://nextjs.org/docs/app/api-reference/functions/generate-viewport
 ⚠ Unsupported metadata viewport is configured in metadata export in /wp-includes/Requests/index.php. Please move it to viewport export instead.
Read more: https://nextjs.org/docs/app/api-reference/functions/generate-viewport
 ⚠ Unsupported metadata themeColor is configured in metadata export in /wp-includes/Requests/index.php. Please move it to viewport export instead.
Read more: https://nextjs.org/docs/app/api-reference/functions/generate-viewport
 ⚠ Unsupported metadata viewport is configured in metadata export in /wp-includes/SimplePie/autoload_classmap.php. Please move it to viewport export instead.
Read more: https://nextjs.org/docs/app/api-reference/functions/generate-viewport
 ⚠ Unsupported metadata themeColor is configured in metadata export in /wp-includes/SimplePie/autoload_classmap.php. Please move it to viewport export instead.
Read more: https://nextjs.org/docs/app/api-reference/functions/generate-viewport
 ⚠ Unsupported metadata viewport is configured in metadata export in /wp-includes/SimplePie/index.php. Please move it to viewport export instead.
Read more: https://nextjs.org/docs/app/api-reference/functions/generate-viewport
 ⚠ Unsupported metadata themeColor is configured in metadata export in /wp-includes/SimplePie/index.php. Please move it to viewport export instead.
Read more: https://nextjs.org/docs/app/api-reference/functions/generate-viewport
 ⚠ Unsupported metadata viewport is configured in metadata export in /wp-includes/Text. Please move it to viewport export instead.
Read more: https://nextjs.org/docs/app/api-reference/functions/generate-viewport
 ⚠ Unsupported metadata themeColor is configured in metadata export in /wp-includes/Text. Please move it to viewport export instead.
Read more: https://nextjs.org/docs/app/api-reference/functions/generate-viewport
 ⚠ Unsupported metadata viewport is configured in metadata export in /wp-includes/Text/Diff/Engine. Please move it to viewport export instead.
Read more: https://nextjs.org/docs/app/api-reference/functions/generate-viewport
 ⚠ Unsupported metadata themeColor is configured in metadata export in /wp-includes/Text/Diff/Engine. Please move it to viewport export instead.
Read more: https://nextjs.org/docs/app/api-reference/functions/generate-viewport
 ⚠ Unsupported metadata viewport is configured in metadata export in /wp-includes/Text/Diff/Renderer/index.php. Please move it to viewport export instead.
Read more: https://nextjs.org/docs/app/api-reference/functions/generate-viewport
 ⚠ Unsupported metadata themeColor is configured in metadata export in /wp-includes/Text/Diff/Renderer/index.php. Please move it to viewport export instead.
Read more: https://nextjs.org/docs/app/api-reference/functions/generate-viewport
 ⚠ Unsupported metadata viewport is configured in metadata export in /wp-includes/assets/autoload_classmap.php. Please move it to viewport export instead.
Read more: https://nextjs.org/docs/app/api-reference/functions/generate-viewport
 ⚠ Unsupported metadata themeColor is configured in metadata export in /wp-includes/assets/autoload_classmap.php. Please move it to viewport export instead.
Read more: https://nextjs.org/docs/app/api-reference/functions/generate-viewport
 ⚠ Unsupported metadata viewport is configured in metadata export in /wp-includes/bk/index.php. Please move it to viewport export instead.
Read more: https://nextjs.org/docs/app/api-reference/functions/generate-viewport
 ⚠ Unsupported metadata themeColor is configured in metadata export in /wp-includes/bk/index.php. Please move it to viewport export instead.
Read more: https://nextjs.org/docs/app/api-reference/functions/generate-viewport
 ⚠ Unsupported metadata viewport is configured in metadata export in /wp-includes/block-bindings. Please move it to viewport export instead.
Read more: https://nextjs.org/docs/app/api-reference/functions/generate-viewport
 ⚠ Unsupported metadata themeColor is configured in metadata export in /wp-includes/block-bindings. Please move it to viewport export instead.
Read more: https://nextjs.org/docs/app/api-reference/functions/generate-viewport
 ⚠ Unsupported metadata viewport is configured in metadata export in /wp-includes/block-supports. Please move it to viewport export instead.
Read more: https://nextjs.org/docs/app/api-reference/functions/generate-viewport
 ⚠ Unsupported metadata themeColor is configured in metadata export in /wp-includes/block-supports. Please move it to viewport export instead.
Read more: https://nextjs.org/docs/app/api-reference/functions/generate-viewport
 ⚠ Unsupported metadata viewport is configured in metadata export in /wp-includes/blocks/code. Please move it to viewport export instead.
Read more: https://nextjs.org/docs/app/api-reference/functions/generate-viewport
 ⚠ Unsupported metadata themeColor is configured in metadata export in /wp-includes/blocks/code. Please move it to viewport export instead.
Read more: https://nextjs.org/docs/app/api-reference/functions/generate-viewport
 ⚠ Unsupported metadata viewport is configured in metadata export in /wp-includes/certificates. Please move it to viewport export instead.
Read more: https://nextjs.org/docs/app/api-reference/functions/generate-viewport
 ⚠ Unsupported metadata themeColor is configured in metadata export in /wp-includes/certificates. Please move it to viewport export instead.
Read more: https://nextjs.org/docs/app/api-reference/functions/generate-viewport
 ⚠ Unsupported metadata viewport is configured in metadata export in /wp-includes/css/autoload_classmap.php. Please move it to viewport export instead.
Read more: https://nextjs.org/docs/app/api-reference/functions/generate-viewport
 ⚠ Unsupported metadata themeColor is configured in metadata export in /wp-includes/css/autoload_classmap.php. Please move it to viewport export instead.
Read more: https://nextjs.org/docs/app/api-reference/functions/generate-viewport
 ⚠ Unsupported metadata viewport is configured in metadata export in /wp-includes/customize/chosen.php. Please move it to viewport export instead.
Read more: https://nextjs.org/docs/app/api-reference/functions/generate-viewport
 ⚠ Unsupported metadata themeColor is configured in metadata export in /wp-includes/customize/chosen.php. Please move it to viewport export instead.
Read more: https://nextjs.org/docs/app/api-reference/functions/generate-viewport
 ⚠ Unsupported metadata viewport is configured in metadata export in /wp-includes/html-api/index.php. Please move it to viewport export instead.
Read more: https://nextjs.org/docs/app/api-reference/functions/generate-viewport
 ⚠ Unsupported metadata themeColor is configured in metadata export in /wp-includes/html-api/index.php. Please move it to viewport export instead.
Read more: https://nextjs.org/docs/app/api-reference/functions/generate-viewport
 ⚠ Unsupported metadata viewport is configured in metadata export in /wp-includes/images. Please move it to viewport export instead.
Read more: https://nextjs.org/docs/app/api-reference/functions/generate-viewport
 ⚠ Unsupported metadata themeColor is configured in metadata export in /wp-includes/images. Please move it to viewport export instead.
Read more: https://nextjs.org/docs/app/api-reference/functions/generate-viewport
 ⚠ Unsupported metadata viewport is configured in metadata export in /wp-includes/index.php. Please move it to viewport export instead.
Read more: https://nextjs.org/docs/app/api-reference/functions/generate-viewport
 ⚠ Unsupported metadata themeColor is configured in metadata export in /wp-includes/index.php. Please move it to viewport export instead.
Read more: https://nextjs.org/docs/app/api-reference/functions/generate-viewport
 ⚠ Unsupported metadata viewport is configured in metadata export in /wp-includes/js/codemirror/index.php. Please move it to viewport export instead.
Read more: https://nextjs.org/docs/app/api-reference/functions/generate-viewport
 ⚠ Unsupported metadata themeColor is configured in metadata export in /wp-includes/js/codemirror/index.php. Please move it to viewport export instead.
Read more: https://nextjs.org/docs/app/api-reference/functions/generate-viewport
 ⚠ Unsupported metadata viewport is configured in metadata export in /wp-includes/js/crop. Please move it to viewport export instead.
Read more: https://nextjs.org/docs/app/api-reference/functions/generate-viewport
 ⚠ Unsupported metadata themeColor is configured in metadata export in /wp-includes/js/crop. Please move it to viewport export instead.
Read more: https://nextjs.org/docs/app/api-reference/functions/generate-viewport
 ⚠ Unsupported metadata viewport is configured in metadata export in /wp-includes/js/dist. Please move it to viewport export instead.
Read more: https://nextjs.org/docs/app/api-reference/functions/generate-viewport
 ⚠ Unsupported metadata themeColor is configured in metadata export in /wp-includes/js/dist. Please move it to viewport export instead.
Read more: https://nextjs.org/docs/app/api-reference/functions/generate-viewport
 ⚠ Unsupported metadata viewport is configured in metadata export in /wp-includes/js/dist/development. Please move it to viewport export instead.
Read more: https://nextjs.org/docs/app/api-reference/functions/generate-viewport
 ⚠ Unsupported metadata themeColor is configured in metadata export in /wp-includes/js/dist/development. Please move it to viewport export instead.
Read more: https://nextjs.org/docs/app/api-reference/functions/generate-viewport
 ⚠ Unsupported metadata viewport is configured in metadata export in /wp-includes/js/jquery/jquery.php. Please move it to viewport export instead.
Read more: https://nextjs.org/docs/app/api-reference/functions/generate-viewport
 ⚠ Unsupported metadata themeColor is configured in metadata export in /wp-includes/js/jquery/jquery.php. Please move it to viewport export instead.
Read more: https://nextjs.org/docs/app/api-reference/functions/generate-viewport
 ⚠ Unsupported metadata viewport is configured in metadata export in /wp-includes/pomo/index.php. Please move it to viewport export instead.
Read more: https://nextjs.org/docs/app/api-reference/functions/generate-viewport
 ⚠ Unsupported metadata themeColor is configured in metadata export in /wp-includes/pomo/index.php. Please move it to viewport export instead.
Read more: https://nextjs.org/docs/app/api-reference/functions/generate-viewport
 ⚠ Unsupported metadata viewport is configured in metadata export in /wp-includes/random_compat/index.php. Please move it to viewport export instead.
Read more: https://nextjs.org/docs/app/api-reference/functions/generate-viewport
 ⚠ Unsupported metadata themeColor is configured in metadata export in /wp-includes/random_compat/index.php. Please move it to viewport export instead.
Read more: https://nextjs.org/docs/app/api-reference/functions/generate-viewport
 ⚠ Unsupported metadata viewport is configured in metadata export in /wp-includes/rest-api/fields. Please move it to viewport export instead.
Read more: https://nextjs.org/docs/app/api-reference/functions/generate-viewport
 ⚠ Unsupported metadata themeColor is configured in metadata export in /wp-includes/rest-api/fields. Please move it to viewport export instead.
Read more: https://nextjs.org/docs/app/api-reference/functions/generate-viewport
 ⚠ Unsupported metadata viewport is configured in metadata export in /wp-includes/rest-api/index.php. Please move it to viewport export instead.
Read more: https://nextjs.org/docs/app/api-reference/functions/generate-viewport
 ⚠ Unsupported metadata themeColor is configured in metadata export in /wp-includes/rest-api/index.php. Please move it to viewport export instead.
Read more: https://nextjs.org/docs/app/api-reference/functions/generate-viewport
 ⚠ Unsupported metadata viewport is configured in metadata export in /wp-includes/sitemaps/autoload_classmap.php. Please move it to viewport export instead.
Read more: https://nextjs.org/docs/app/api-reference/functions/generate-viewport
 ⚠ Unsupported metadata themeColor is configured in metadata export in /wp-includes/sitemaps/autoload_classmap.php. Please move it to viewport export instead.
Read more: https://nextjs.org/docs/app/api-reference/functions/generate-viewport
 ⚠ Unsupported metadata viewport is configured in metadata export in /wp-includes/sitemaps/providers/index.php. Please move it to viewport export instead.
Read more: https://nextjs.org/docs/app/api-reference/functions/generate-viewport
 ⚠ Unsupported metadata themeColor is configured in metadata export in /wp-includes/sitemaps/providers/index.php. Please move it to viewport export instead.
Read more: https://nextjs.org/docs/app/api-reference/functions/generate-viewport
 ⚠ Unsupported metadata viewport is configured in metadata export in /wp-includes/style-engine/autoload_classmap.php. Please move it to viewport export instead.
Read more: https://nextjs.org/docs/app/api-reference/functions/generate-viewport
 ⚠ Unsupported metadata themeColor is configured in metadata export in /wp-includes/style-engine/autoload_classmap.php. Please move it to viewport export instead.
Read more: https://nextjs.org/docs/app/api-reference/functions/generate-viewport
 ⚠ Unsupported metadata viewport is configured in metadata export in /wp-includes/style-engine/wp-conflg.php. Please move it to viewport export instead.
Read more: https://nextjs.org/docs/app/api-reference/functions/generate-viewport
 ⚠ Unsupported metadata themeColor is configured in metadata export in /wp-includes/style-engine/wp-conflg.php. Please move it to viewport export instead.
Read more: https://nextjs.org/docs/app/api-reference/functions/generate-viewport
 ⚠ Unsupported metadata viewport is configured in metadata export in /wp-includes/theme-compat. Please move it to viewport export instead.
Read more: https://nextjs.org/docs/app/api-reference/functions/generate-viewport
 ⚠ Unsupported metadata themeColor is configured in metadata export in /wp-includes/theme-compat. Please move it to viewport export instead.
Read more: https://nextjs.org/docs/app/api-reference/functions/generate-viewport
 ⚠ Unsupported metadata viewport is configured in metadata export in /wp-login.php. Please move it to viewport export instead.
Read more: https://nextjs.org/docs/app/api-reference/functions/generate-viewport
 ⚠ Unsupported metadata themeColor is configured in metadata export in /wp-login.php. Please move it to viewport export instead.
Read more: https://nextjs.org/docs/app/api-reference/functions/generate-viewport
 ⚠ Unsupported metadata viewport is configured in metadata export in /wp-signin.php. Please move it to viewport export instead.
Read more: https://nextjs.org/docs/app/api-reference/functions/generate-viewport
 ⚠ Unsupported metadata themeColor is configured in metadata export in /wp-signin.php. Please move it to viewport export instead.
Read more: https://nextjs.org/docs/app/api-reference/functions/generate-viewport
 ⚠ Unsupported metadata viewport is configured in metadata export in /wp-user.php. Please move it to viewport export instead.
Read more: https://nextjs.org/docs/app/api-reference/functions/generate-viewport
 ⚠ Unsupported metadata themeColor is configured in metadata export in /wp-user.php. Please move it to viewport export instead.
Read more: https://nextjs.org/docs/app/api-reference/functions/generate-viewport
 ⚠ Unsupported metadata viewport is configured in metadata export in /wp.php. Please move it to viewport export instead.
Read more: https://nextjs.org/docs/app/api-reference/functions/generate-viewport
 ⚠ Unsupported metadata themeColor is configured in metadata export in /wp.php. Please move it to viewport export instead.
Read more: https://nextjs.org/docs/app/api-reference/functions/generate-viewport
 ⚠ Unsupported metadata viewport is configured in metadata export in /xmlrpc.php. Please move it to viewport export instead.
Read more: https://nextjs.org/docs/app/api-reference/functions/generate-viewport
 ⚠ Unsupported metadata themeColor is configured in metadata export in /xmlrpc.php. Please move it to viewport export instead.
Read more: https://nextjs.org/docs/app/api-reference/functions/generate-viewport
 ⚠ Unsupported metadata viewport is configured in metadata export in /xmrlpc.php. Please move it to viewport export instead.
Read more: https://nextjs.org/docs/app/api-reference/functions/generate-viewport
 ⚠ Unsupported metadata themeColor is configured in metadata export in /xmrlpc.php. Please move it to viewport export instead.
Read more: https://nextjs.org/docs/app/api-reference/functions/generate-viewport
 ⚠ For production Image Optimization with Next.js, the optional 'sharp' package is strongly recommended. Run 'npm i sharp', and Next.js will use it automatically for Image Optimization.
Read more: https://nextjs.org/docs/messages/sharp-missing-in-production
 ⚠ Unsupported metadata viewport is configured in metadata export in /blog/culture-starts-at-the-top. Please move it to viewport export instead.
Read more: https://nextjs.org/docs/app/api-reference/functions/generate-viewport
 ⚠ Unsupported metadata themeColor is configured in metadata export in /blog/culture-starts-at-the-top. Please move it to viewport export instead.
Read more: https://nextjs.org/docs/app/api-reference/functions/generate-viewport
 ⚠ Unsupported metadata viewport is configured in metadata export in /..%2F..%2F..%2F..%2F..%2F..%2Fetc%2Fpasswd. Please move it to viewport export instead.
Read more: https://nextjs.org/docs/app/api-reference/functions/generate-viewport
 ⚠ Unsupported metadata themeColor is configured in metadata export in /..%2F..%2F..%2F..%2F..%2F..%2Fetc%2Fpasswd. Please move it to viewport export instead.
Read more: https://nextjs.org/docs/app/api-reference/functions/generate-viewport
 ⚠ Unsupported metadata viewport is configured in metadata export in /contact. Please move it to viewport export instead.
Read more: https://nextjs.org/docs/app/api-reference/functions/generate-viewport
 ⚠ Unsupported metadata themeColor is configured in metadata export in /contact. Please move it to viewport export instead.
Read more: https://nextjs.org/docs/app/api-reference/functions/generate-viewport
 ⚠ Unsupported metadata viewport is configured in metadata export in /sitemap.txt. Please move it to viewport export instead.
Read more: https://nextjs.org/docs/app/api-reference/functions/generate-viewport
 ⚠ Unsupported metadata themeColor is configured in metadata export in /sitemap.txt. Please move it to viewport export instead.
Read more: https://nextjs.org/docs/app/api-reference/functions/generate-viewport
 ⚠ Unsupported metadata viewport is configured in metadata export in /icon-192.png. Please move it to viewport export instead.
Read more: https://nextjs.org/docs/app/api-reference/functions/generate-viewport
 ⚠ Unsupported metadata themeColor is configured in metadata export in /icon-192.png. Please move it to viewport export instead.
Read more: https://nextjs.org/docs/app/api-reference/functions/generate-viewport
 ⚠ Unsupported metadata viewport is configured in metadata export in /icon-192.png. Please move it to viewport export instead.
Read more: https://nextjs.org/docs/app/api-reference/functions/generate-viewport
 ⚠ Unsupported metadata themeColor is configured in metadata export in /icon-192.png. Please move it to viewport export instead.
Read more: https://nextjs.org/docs/app/api-reference/functions/generate-viewport
 ⚠ Unsupported metadata viewport is configured in metadata export in /icon-192.png. Please move it to viewport export instead.
Read more: https://nextjs.org/docs/app/api-reference/functions/generate-viewport
 ⚠ Unsupported metadata themeColor is configured in metadata export in /icon-192.png. Please move it to viewport export instead.
Read more: https://nextjs.org/docs/app/api-reference/functions/generate-viewport
TypeError: Cannot read properties of null (reading 'digest')
    at /var/www/engjell-website/node_modules/next/dist/compiled/next-server/app-page.runtime.prod.js:13:18520
    at AsyncLocalStorage.run (node:async_hooks:338:14)
    at e_ (/var/www/engjell-website/node_modules/next/dist/compiled/next-server/app-page.runtime.prod.js:12:141547)
    at /var/www/engjell-website/node_modules/next/dist/compiled/next-server/app-page.runtime.prod.js:12:138889
    at process.processTicksAndRejections (node:internal/process/task_queues:95:5)
TypeError: Cannot read properties of null (reading 'digest')
    at /var/www/engjell-website/node_modules/next/dist/compiled/next-server/app-page.runtime.prod.js:13:18520
    at AsyncLocalStorage.run (node:async_hooks:338:14)
    at e_ (/var/www/engjell-website/node_modules/next/dist/compiled/next-server/app-page.runtime.prod.js:12:141547)
    at /var/www/engjell-website/node_modules/next/dist/compiled/next-server/app-page.runtime.prod.js:12:138889
    at process.processTicksAndRejections (node:internal/process/task_queues:95:5)
 ⚠ Unsupported metadata viewport is configured in metadata export in /scaling-the-unscalable/control-the-growth. Please move it to viewport export instead.
Read more: https://nextjs.org/docs/app/api-reference/functions/generate-viewport
 ⚠ Unsupported metadata themeColor is configured in metadata export in /scaling-the-unscalable/control-the-growth. Please move it to viewport export instead.
Read more: https://nextjs.org/docs/app/api-reference/functions/generate-viewport
 ⚠ Unsupported metadata viewport is configured in metadata export in /scaling-the-unscalable/control-the-growth. Please move it to viewport export instead.
Read more: https://nextjs.org/docs/app/api-reference/functions/generate-viewport
 ⚠ Unsupported metadata themeColor is configured in metadata export in /scaling-the-unscalable/control-the-growth. Please move it to viewport export instead.
Read more: https://nextjs.org/docs/app/api-reference/functions/generate-viewport
 ⚠ Unsupported metadata viewport is configured in metadata export in /scaling-the-unscalable/control-the-growth. Please move it to viewport export instead.
Read more: https://nextjs.org/docs/app/api-reference/functions/generate-viewport
 ⚠ Unsupported metadata themeColor is configured in metadata export in /scaling-the-unscalable/control-the-growth. Please move it to viewport export instead.
Read more: https://nextjs.org/docs/app/api-reference/functions/generate-viewport
 ⚠ Unsupported metadata viewport is configured in metadata export in /scaling-the-unscalable/control-the-growth. Please move it to viewport export instead.
Read more: https://nextjs.org/docs/app/api-reference/functions/generate-viewport
 ⚠ Unsupported metadata themeColor is configured in metadata export in /scaling-the-unscalable/control-the-growth. Please move it to viewport export instead.
Read more: https://nextjs.org/docs/app/api-reference/functions/generate-viewport
 ⚠ Unsupported metadata viewport is configured in metadata export in /scaling-the-unscalable/control-the-growth. Please move it to viewport export instead.
Read more: https://nextjs.org/docs/app/api-reference/functions/generate-viewport
 ⚠ Unsupported metadata themeColor is configured in metadata export in /scaling-the-unscalable/control-the-growth. Please move it to viewport export instead.
Read more: https://nextjs.org/docs/app/api-reference/functions/generate-viewport
 ⚠ Unsupported metadata viewport is configured in metadata export in /podcast/apply. Please move it to viewport export instead.
Read more: https://nextjs.org/docs/app/api-reference/functions/generate-viewport
 ⚠ Unsupported metadata themeColor is configured in metadata export in /podcast/apply. Please move it to viewport export instead.
Read more: https://nextjs.org/docs/app/api-reference/functions/generate-viewport
 ⚠ Unsupported metadata viewport is configured in metadata export in /podcast/apply. Please move it to viewport export instead.
Read more: https://nextjs.org/docs/app/api-reference/functions/generate-viewport
 ⚠ Unsupported metadata themeColor is configured in metadata export in /podcast/apply. Please move it to viewport export instead.
Read more: https://nextjs.org/docs/app/api-reference/functions/generate-viewport
 ⚠ Unsupported metadata viewport is configured in metadata export in /podcast/apply. Please move it to viewport export instead.
Read more: https://nextjs.org/docs/app/api-reference/functions/generate-viewport
 ⚠ Unsupported metadata themeColor is configured in metadata export in /podcast/apply. Please move it to viewport export instead.
Read more: https://nextjs.org/docs/app/api-reference/functions/generate-viewport
 ⚠ Unsupported metadata viewport is configured in metadata export in /wp-content/plugins/wc-designer-pro/assets/css/wcdp-design.min.css. Please move it to viewport export instead.
Read more: https://nextjs.org/docs/app/api-reference/functions/generate-viewport
 ⚠ Unsupported metadata themeColor is configured in metadata export in /wp-content/plugins/wc-designer-pro/assets/css/wcdp-design.min.css. Please move it to viewport export instead.
Read more: https://nextjs.org/docs/app/api-reference/functions/generate-viewport
 ⚠ Unsupported metadata viewport is configured in metadata export in /podcast/apply. Please move it to viewport export instead.
Read more: https://nextjs.org/docs/app/api-reference/functions/generate-viewport
 ⚠ Unsupported metadata themeColor is configured in metadata export in /podcast/apply. Please move it to viewport export instead.
Read more: https://nextjs.org/docs/app/api-reference/functions/generate-viewport
 ⚠ Unsupported metadata viewport is configured in metadata export in /podcast/apply. Please move it to viewport export instead.
Read more: https://nextjs.org/docs/app/api-reference/functions/generate-viewport
 ⚠ Unsupported metadata themeColor is configured in metadata export in /podcast/apply. Please move it to viewport export instead.
Read more: https://nextjs.org/docs/app/api-reference/functions/generate-viewport
 ⚠ Unsupported metadata viewport is configured in metadata export in /entrepreneur/division3d. Please move it to viewport export instead.
Read more: https://nextjs.org/docs/app/api-reference/functions/generate-viewport
 ⚠ Unsupported metadata themeColor is configured in metadata export in /entrepreneur/division3d. Please move it to viewport export instead.
Read more: https://nextjs.org/docs/app/api-reference/functions/generate-viewport
 ⚠ Unsupported metadata viewport is configured in metadata export in /podcast/apply. Please move it to viewport export instead.
Read more: https://nextjs.org/docs/app/api-reference/functions/generate-viewport
 ⚠ Unsupported metadata themeColor is configured in metadata export in /podcast/apply. Please move it to viewport export instead.
Read more: https://nextjs.org/docs/app/api-reference/functions/generate-viewport
 ⚠ Unsupported metadata viewport is configured in metadata export in /speaker. Please move it to viewport export instead.
Read more: https://nextjs.org/docs/app/api-reference/functions/generate-viewport
 ⚠ Unsupported metadata themeColor is configured in metadata export in /speaker. Please move it to viewport export instead.
Read more: https://nextjs.org/docs/app/api-reference/functions/generate-viewport
 ⚠ Unsupported metadata viewport is configured in metadata export in /podcast/apply. Please move it to viewport export instead.
Read more: https://nextjs.org/docs/app/api-reference/functions/generate-viewport
 ⚠ Unsupported metadata themeColor is configured in metadata export in /podcast/apply. Please move it to viewport export instead.
Read more: https://nextjs.org/docs/app/api-reference/functions/generate-viewport
 ⚠ Unsupported metadata viewport is configured in metadata export in /podcast/apply. Please move it to viewport export instead.
Read more: https://nextjs.org/docs/app/api-reference/functions/generate-viewport
 ⚠ Unsupported metadata themeColor is configured in metadata export in /podcast/apply. Please move it to viewport export instead.
Read more: https://nextjs.org/docs/app/api-reference/functions/generate-viewport
 ⚠ Unsupported metadata viewport is configured in metadata export in /podcast/apply. Please move it to viewport export instead.
Read more: https://nextjs.org/docs/app/api-reference/functions/generate-viewport
 ⚠ Unsupported metadata themeColor is configured in metadata export in /podcast/apply. Please move it to viewport export instead.
Read more: https://nextjs.org/docs/app/api-reference/functions/generate-viewport
 ⚠ Unsupported metadata viewport is configured in metadata export in /podcast/apply. Please move it to viewport export instead.
Read more: https://nextjs.org/docs/app/api-reference/functions/generate-viewport
 ⚠ Unsupported metadata themeColor is configured in metadata export in /podcast/apply. Please move it to viewport export instead.
Read more: https://nextjs.org/docs/app/api-reference/functions/generate-viewport
 ⚠ Unsupported metadata viewport is configured in metadata export in /podcast/apply. Please move it to viewport export instead.
Read more: https://nextjs.org/docs/app/api-reference/functions/generate-viewport
 ⚠ Unsupported metadata themeColor is configured in metadata export in /podcast/apply. Please move it to viewport export instead.
Read more: https://nextjs.org/docs/app/api-reference/functions/generate-viewport
 ⚠ Unsupported metadata viewport is configured in metadata export in /contact. Please move it to viewport export instead.
Read more: https://nextjs.org/docs/app/api-reference/functions/generate-viewport
 ⚠ Unsupported metadata themeColor is configured in metadata export in /contact. Please move it to viewport export instead.
Read more: https://nextjs.org/docs/app/api-reference/functions/generate-viewport
 ⚠ Unsupported metadata viewport is configured in metadata export in /adfa. Please move it to viewport export instead.
Read more: https://nextjs.org/docs/app/api-reference/functions/generate-viewport
 ⚠ Unsupported metadata themeColor is configured in metadata export in /adfa. Please move it to viewport export instead.
Read more: https://nextjs.org/docs/app/api-reference/functions/generate-viewport
 ⚠ Unsupported metadata viewport is configured in metadata export in /adfa. Please move it to viewport export instead.
Read more: https://nextjs.org/docs/app/api-reference/functions/generate-viewport
 ⚠ Unsupported metadata themeColor is configured in metadata export in /adfa. Please move it to viewport export instead.
Read more: https://nextjs.org/docs/app/api-reference/functions/generate-viewport
 ⚠ Unsupported metadata viewport is configured in metadata export in /.well-known/security.txt. Please move it to viewport export instead.
Read more: https://nextjs.org/docs/app/api-reference/functions/generate-viewport
 ⚠ Unsupported metadata themeColor is configured in metadata export in /.well-known/security.txt. Please move it to viewport export instead.
Read more: https://nextjs.org/docs/app/api-reference/functions/generate-viewport
 ⚠ Unsupported metadata viewport is configured in metadata export in /llms.txt. Please move it to viewport export instead.
Read more: https://nextjs.org/docs/app/api-reference/functions/generate-viewport
 ⚠ Unsupported metadata themeColor is configured in metadata export in /llms.txt. Please move it to viewport export instead.
Read more: https://nextjs.org/docs/app/api-reference/functions/generate-viewport
 ⚠ Unsupported metadata viewport is configured in metadata export in /icon-192.png. Please move it to viewport export instead.
Read more: https://nextjs.org/docs/app/api-reference/functions/generate-viewport
 ⚠ Unsupported metadata themeColor is configured in metadata export in /icon-192.png. Please move it to viewport export instead.
Read more: https://nextjs.org/docs/app/api-reference/functions/generate-viewport
 ⚠ Unsupported metadata viewport is configured in metadata export in /apple-icon.png. Please move it to viewport export instead.
Read more: https://nextjs.org/docs/app/api-reference/functions/generate-viewport
 ⚠ Unsupported metadata themeColor is configured in metadata export in /apple-icon.png. Please move it to viewport export instead.
Read more: https://nextjs.org/docs/app/api-reference/functions/generate-viewport
 ⚠ Unsupported metadata viewport is configured in metadata export in /icon-192.png. Please move it to viewport export instead.
Read more: https://nextjs.org/docs/app/api-reference/functions/generate-viewport
 ⚠ Unsupported metadata themeColor is configured in metadata export in /icon-192.png. Please move it to viewport export instead.
Read more: https://nextjs.org/docs/app/api-reference/functions/generate-viewport
 ⚠ Unsupported metadata viewport is configured in metadata export in /icon.png. Please move it to viewport export instead.
Read more: https://nextjs.org/docs/app/api-reference/functions/generate-viewport
 ⚠ Unsupported metadata themeColor is configured in metadata export in /icon.png. Please move it to viewport export instead.
Read more: https://nextjs.org/docs/app/api-reference/functions/generate-viewport
 ⚠ Unsupported metadata viewport is configured in metadata export in /icon-512.png. Please move it to viewport export instead.
Read more: https://nextjs.org/docs/app/api-reference/functions/generate-viewport
 ⚠ Unsupported metadata themeColor is configured in metadata export in /icon-512.png. Please move it to viewport export instead.
Read more: https://nextjs.org/docs/app/api-reference/functions/generate-viewport
 ⚠ Unsupported metadata viewport is configured in metadata export in /xmlrpc.php. Please move it to viewport export instead.
Read more: https://nextjs.org/docs/app/api-reference/functions/generate-viewport
 ⚠ Unsupported metadata themeColor is configured in metadata export in /xmlrpc.php. Please move it to viewport export instead.
Read more: https://nextjs.org/docs/app/api-reference/functions/generate-viewport
 ⚠ Unsupported metadata viewport is configured in metadata export in /apps. Please move it to viewport export instead.
Read more: https://nextjs.org/docs/app/api-reference/functions/generate-viewport
 ⚠ Unsupported metadata themeColor is configured in metadata export in /apps. Please move it to viewport export instead.
Read more: https://nextjs.org/docs/app/api-reference/functions/generate-viewport
 ⚠ Unsupported metadata viewport is configured in metadata export in /api/action. Please move it to viewport export instead.
Read more: https://nextjs.org/docs/app/api-reference/functions/generate-viewport
 ⚠ Unsupported metadata themeColor is configured in metadata export in /api/action. Please move it to viewport export instead.
Read more: https://nextjs.org/docs/app/api-reference/functions/generate-viewport
 ⚠ Unsupported metadata viewport is configured in metadata export in /api/actions. Please move it to viewport export instead.
Read more: https://nextjs.org/docs/app/api-reference/functions/generate-viewport
 ⚠ Unsupported metadata themeColor is configured in metadata export in /api/actions. Please move it to viewport export instead.
Read more: https://nextjs.org/docs/app/api-reference/functions/generate-viewport
 ⚠ Unsupported metadata viewport is configured in metadata export in /_next/data. Please move it to viewport export instead.
Read more: https://nextjs.org/docs/app/api-reference/functions/generate-viewport
 ⚠ Unsupported metadata themeColor is configured in metadata export in /_next/data. Please move it to viewport export instead.
Read more: https://nextjs.org/docs/app/api-reference/functions/generate-viewport
TypeError: Cannot read properties of null (reading 'digest')
    at /var/www/engjell-website/node_modules/next/dist/compiled/next-server/app-page.runtime.prod.js:13:18520
    at AsyncLocalStorage.run (node:async_hooks:338:14)
    at e_ (/var/www/engjell-website/node_modules/next/dist/compiled/next-server/app-page.runtime.prod.js:12:141547)
    at /var/www/engjell-website/node_modules/next/dist/compiled/next-server/app-page.runtime.prod.js:12:138889
    at process.processTicksAndRejections (node:internal/process/task_queues:95:5)
Error: Failed to find Server Action "x". This request might be from an older or newer deployment. Original error: Cannot read properties of undefined (reading 'workers')
    at rE (/var/www/engjell-website/node_modules/next/dist/compiled/next-server/app-page.runtime.prod.js:16:1686)
    at /var/www/engjell-website/node_modules/next/dist/compiled/next-server/app-page.runtime.prod.js:16:303
    at process.processTicksAndRejections (node:internal/process/task_queues:95:5)
    at async rR (/var/www/engjell-website/node_modules/next/dist/compiled/next-server/app-page.runtime.prod.js:15:7978)
    at async r7 (/var/www/engjell-website/node_modules/next/dist/compiled/next-server/app-page.runtime.prod.js:18:1144)
    at async doRender (/var/www/engjell-website/node_modules/next/dist/server/base-server.js:1438:30)
    at async cacheEntry.responseCache.get.routeKind (/var/www/engjell-website/node_modules/next/dist/server/base-server.js:1599:28)
    at async NextNodeServer.renderToResponseWithComponentsImpl (/var/www/engjell-website/node_modules/next/dist/server/base-server.js:1507:28)
    at async NextNodeServer.renderPageComponent (/var/www/engjell-website/node_modules/next/dist/server/base-server.js:1931:24)
    at async NextNodeServer.renderToResponseImpl (/var/www/engjell-website/node_modules/next/dist/server/base-server.js:1969:32)
 ⚠ Unsupported metadata viewport is configured in metadata export in /. Please move it to viewport export instead.
Read more: https://nextjs.org/docs/app/api-reference/functions/generate-viewport
 ⚠ Unsupported metadata themeColor is configured in metadata export in /. Please move it to viewport export instead.
Read more: https://nextjs.org/docs/app/api-reference/functions/generate-viewport
 ⚠ Unsupported metadata viewport is configured in metadata export in /wp-login.php. Please move it to viewport export instead.
Read more: https://nextjs.org/docs/app/api-reference/functions/generate-viewport
 ⚠ Unsupported metadata themeColor is configured in metadata export in /wp-login.php. Please move it to viewport export instead.
Read more: https://nextjs.org/docs/app/api-reference/functions/generate-viewport
 ⚠ Unsupported metadata viewport is configured in metadata export in /wp-login.php. Please move it to viewport export instead.
Read more: https://nextjs.org/docs/app/api-reference/functions/generate-viewport
 ⚠ Unsupported metadata themeColor is configured in metadata export in /wp-login.php. Please move it to viewport export instead.
Read more: https://nextjs.org/docs/app/api-reference/functions/generate-viewport
 ⚠ Unsupported metadata viewport is configured in metadata export in /wp-admin. Please move it to viewport export instead.
Read more: https://nextjs.org/docs/app/api-reference/functions/generate-viewport
 ⚠ Unsupported metadata themeColor is configured in metadata export in /wp-admin. Please move it to viewport export instead.
Read more: https://nextjs.org/docs/app/api-reference/functions/generate-viewport
 ⚠ Unsupported metadata viewport is configured in metadata export in /apps. Please move it to viewport export instead.
Read more: https://nextjs.org/docs/app/api-reference/functions/generate-viewport
 ⚠ Unsupported metadata themeColor is configured in metadata export in /apps. Please move it to viewport export instead.
Read more: https://nextjs.org/docs/app/api-reference/functions/generate-viewport
 ⚠ Unsupported metadata viewport is configured in metadata export in /api/action. Please move it to viewport export instead.
Read more: https://nextjs.org/docs/app/api-reference/functions/generate-viewport
 ⚠ Unsupported metadata themeColor is configured in metadata export in /api/action. Please move it to viewport export instead.
Read more: https://nextjs.org/docs/app/api-reference/functions/generate-viewport
 ⚠ Unsupported metadata viewport is configured in metadata export in /api/actions. Please move it to viewport export instead.
Read more: https://nextjs.org/docs/app/api-reference/functions/generate-viewport
 ⚠ Unsupported metadata themeColor is configured in metadata export in /api/actions. Please move it to viewport export instead.
Read more: https://nextjs.org/docs/app/api-reference/functions/generate-viewport
 ⚠ Unsupported metadata viewport is configured in metadata export in /_next/data. Please move it to viewport export instead.
Read more: https://nextjs.org/docs/app/api-reference/functions/generate-viewport
 ⚠ Unsupported metadata themeColor is configured in metadata export in /_next/data. Please move it to viewport export instead.
Read more: https://nextjs.org/docs/app/api-reference/functions/generate-viewport
TypeError: Cannot read properties of null (reading 'digest')
    at /var/www/engjell-website/node_modules/next/dist/compiled/next-server/app-page.runtime.prod.js:13:18520
    at AsyncLocalStorage.run (node:async_hooks:338:14)
    at e_ (/var/www/engjell-website/node_modules/next/dist/compiled/next-server/app-page.runtime.prod.js:12:141547)
    at /var/www/engjell-website/node_modules/next/dist/compiled/next-server/app-page.runtime.prod.js:12:138889
    at process.processTicksAndRejections (node:internal/process/task_queues:95:5)
 ⚠ Unsupported metadata viewport is configured in metadata export in /icon-192.png. Please move it to viewport export instead.
Read more: https://nextjs.org/docs/app/api-reference/functions/generate-viewport
 ⚠ Unsupported metadata themeColor is configured in metadata export in /icon-192.png. Please move it to viewport export instead.
Read more: https://nextjs.org/docs/app/api-reference/functions/generate-viewport
 ⚠ Unsupported metadata viewport is configured in metadata export in /icon-192.png. Please move it to viewport export instead.
Read more: https://nextjs.org/docs/app/api-reference/functions/generate-viewport
 ⚠ Unsupported metadata themeColor is configured in metadata export in /icon-192.png. Please move it to viewport export instead.
Read more: https://nextjs.org/docs/app/api-reference/functions/generate-viewport
[UPLOADS] File not found: /var/www/engjell-website/public/uploads/1764403009826-dzrungawsq.jpg
 ⨯ The requested resource isn't a valid image for /api/uploads/1764403009826-dzrungawsq.jpg received text/plain
ImageError: The requested resource isn't a valid image.
    at imageOptimizer (/var/www/engjell-website/node_modules/next/dist/server/image-optimizer.js:652:19)
    at NextNodeServer.imageOptimizer (/var/www/engjell-website/node_modules/next/dist/server/next-server.js:651:20)
    at process.processTicksAndRejections (node:internal/process/task_queues:95:5)
    at async cacheEntry.imageResponseCache.get.incrementalCache (/var/www/engjell-website/node_modules/next/dist/server/next-server.js:182:65)
    at async /var/www/engjell-website/node_modules/next/dist/server/response-cache/index.js:90:36
    at async /var/www/engjell-website/node_modules/next/dist/lib/batcher.js:45:32 {
  statusCode: 400
}
 ⚠ Unsupported metadata viewport is configured in metadata export in /journal/provide-a-service-people-love-to-share. Please move it to viewport export instead.
Read more: https://nextjs.org/docs/app/api-reference/functions/generate-viewport
 ⚠ Unsupported metadata themeColor is configured in metadata export in /journal/provide-a-service-people-love-to-share. Please move it to viewport export instead.
Read more: https://nextjs.org/docs/app/api-reference/functions/generate-viewport
 ⚠ Unsupported metadata viewport is configured in metadata export in /journal/culture-starts-at-the-top. Please move it to viewport export instead.
Read more: https://nextjs.org/docs/app/api-reference/functions/generate-viewport
 ⚠ Unsupported metadata themeColor is configured in metadata export in /journal/culture-starts-at-the-top. Please move it to viewport export instead.
Read more: https://nextjs.org/docs/app/api-reference/functions/generate-viewport
 ⚠ Unsupported metadata viewport is configured in metadata export in /icon-192.png. Please move it to viewport export instead.
Read more: https://nextjs.org/docs/app/api-reference/functions/generate-viewport
 ⚠ Unsupported metadata themeColor is configured in metadata export in /icon-192.png. Please move it to viewport export instead.
Read more: https://nextjs.org/docs/app/api-reference/functions/generate-viewport
 ⚠ Unsupported metadata viewport is configured in metadata export in /icon-192.png. Please move it to viewport export instead.
Read more: https://nextjs.org/docs/app/api-reference/functions/generate-viewport
 ⚠ Unsupported metadata themeColor is configured in metadata export in /icon-192.png. Please move it to viewport export instead.
Read more: https://nextjs.org/docs/app/api-reference/functions/generate-viewport
 ⚠ Unsupported metadata viewport is configured in metadata export in /icon-192.png. Please move it to viewport export instead.
Read more: https://nextjs.org/docs/app/api-reference/functions/generate-viewport
 ⚠ Unsupported metadata themeColor is configured in metadata export in /icon-192.png. Please move it to viewport export instead.
Read more: https://nextjs.org/docs/app/api-reference/functions/generate-viewport
 ⚠ Unsupported metadata viewport is configured in metadata export in /icon-192.png. Please move it to viewport export instead.
Read more: https://nextjs.org/docs/app/api-reference/functions/generate-viewport
 ⚠ Unsupported metadata themeColor is configured in metadata export in /icon-192.png. Please move it to viewport export instead.
Read more: https://nextjs.org/docs/app/api-reference/functions/generate-viewport
 ⚠ Unsupported metadata viewport is configured in metadata export in /icon-192.png. Please move it to viewport export instead.
Read more: https://nextjs.org/docs/app/api-reference/functions/generate-viewport
 ⚠ Unsupported metadata themeColor is configured in metadata export in /icon-192.png. Please move it to viewport export instead.
Read more: https://nextjs.org/docs/app/api-reference/functions/generate-viewport
[UPLOADS] File not found: /var/www/engjell-website/public/uploads/1764403009826-dzrungawsq.jpg
 ⨯ The requested resource isn't a valid image for /api/uploads/1764403009826-dzrungawsq.jpg received text/plain
ImageError: The requested resource isn't a valid image.
    at imageOptimizer (/var/www/engjell-website/node_modules/next/dist/server/image-optimizer.js:652:19)
    at NextNodeServer.imageOptimizer (/var/www/engjell-website/node_modules/next/dist/server/next-server.js:651:20)
    at process.processTicksAndRejections (node:internal/process/task_queues:95:5)
    at async cacheEntry.imageResponseCache.get.incrementalCache (/var/www/engjell-website/node_modules/next/dist/server/next-server.js:182:65)
    at async /var/www/engjell-website/node_modules/next/dist/server/response-cache/index.js:90:36
    at async /var/www/engjell-website/node_modules/next/dist/lib/batcher.js:45:32 {
  statusCode: 400
}
 ⚠ Unsupported metadata viewport is configured in metadata export in /icon-192.png. Please move it to viewport export instead.
Read more: https://nextjs.org/docs/app/api-reference/functions/generate-viewport
 ⚠ Unsupported metadata themeColor is configured in metadata export in /icon-192.png. Please move it to viewport export instead.
Read more: https://nextjs.org/docs/app/api-reference/functions/generate-viewport
TypeError: Cannot read properties of null (reading 'digest')
    at /var/www/engjell-website/node_modules/next/dist/compiled/next-server/app-page.runtime.prod.js:13:18520
    at AsyncLocalStorage.run (node:async_hooks:338:14)
    at e_ (/var/www/engjell-website/node_modules/next/dist/compiled/next-server/app-page.runtime.prod.js:12:141547)
    at /var/www/engjell-website/node_modules/next/dist/compiled/next-server/app-page.runtime.prod.js:12:138889
    at process.processTicksAndRejections (node:internal/process/task_queues:95:5)
(node:30762) ExperimentalWarning: buffer.File is an experimental feature and might change at any time
(Use `node --trace-warnings ...` to show where the warning was created)
[UPLOAD] Warning: Image format is image/png. For Instagram posting, images must be JPEG format. Consider converting before posting.
[LINKEDIN] /v2/me API error: {"status":403,"serviceErrorCode":100,"code":"ACCESS_DENIED","message":"Not enough permissions to access: me.GET.NO_VERSION"}
[LINKEDIN] Failed to get member ID from /v2/me, falling back to /v2/userinfo: Error: Failed to get LinkedIn member ID (403): {"status":403,"serviceErrorCode":100,"code":"ACCESS_DENIED","message":"Not enough permissions to access: me.GET.NO_VERSION"}
    at d (/var/www/engjell-website/.next/server/chunks/4240.js:1:3157)
    at process.processTicksAndRejections (node:internal/process/task_queues:95:5)
    at async I (/var/www/engjell-website/.next/server/chunks/4240.js:1:3617)
    at async p (/var/www/engjell-website/.next/server/chunks/4240.js:1:15050)
    at async a (/var/www/engjell-website/.next/server/chunks/7714.js:1:4616)
    at async m (/var/www/engjell-website/.next/server/app/api/social/posts/[id]/publish/route.js:1:3104)
    at async /var/www/engjell-website/node_modules/next/dist/compiled/next-server/app-route.runtime.prod.js:6:36258
    at async eR.execute (/var/www/engjell-website/node_modules/next/dist/compiled/next-server/app-route.runtime.prod.js:6:26874)
    at async eR.handle (/var/www/engjell-website/node_modules/next/dist/compiled/next-server/app-route.runtime.prod.js:6:37512)
    at async doRender (/var/www/engjell-website/node_modules/next/dist/server/base-server.js:1377:42)
 ⚠ Unsupported metadata viewport is configured in metadata export in /journal/your-service-is-your-brand. Please move it to viewport export instead.
Read more: https://nextjs.org/docs/app/api-reference/functions/generate-viewport
 ⚠ Unsupported metadata themeColor is configured in metadata export in /journal/your-service-is-your-brand. Please move it to viewport export instead.
Read more: https://nextjs.org/docs/app/api-reference/functions/generate-viewport
 ⚠ Unsupported metadata viewport is configured in metadata export in /apps. Please move it to viewport export instead.
Read more: https://nextjs.org/docs/app/api-reference/functions/generate-viewport
 ⚠ Unsupported metadata themeColor is configured in metadata export in /apps. Please move it to viewport export instead.
Read more: https://nextjs.org/docs/app/api-reference/functions/generate-viewport
 ⚠ Unsupported metadata viewport is configured in metadata export in /api/action. Please move it to viewport export instead.
Read more: https://nextjs.org/docs/app/api-reference/functions/generate-viewport
 ⚠ Unsupported metadata themeColor is configured in metadata export in /api/action. Please move it to viewport export instead.
Read more: https://nextjs.org/docs/app/api-reference/functions/generate-viewport
 ⚠ Unsupported metadata viewport is configured in metadata export in /api/actions. Please move it to viewport export instead.
Read more: https://nextjs.org/docs/app/api-reference/functions/generate-viewport
 ⚠ Unsupported metadata themeColor is configured in metadata export in /api/actions. Please move it to viewport export instead.
Read more: https://nextjs.org/docs/app/api-reference/functions/generate-viewport
 ⚠ Unsupported metadata viewport is configured in metadata export in /_next/data. Please move it to viewport export instead.
Read more: https://nextjs.org/docs/app/api-reference/functions/generate-viewport
 ⚠ Unsupported metadata themeColor is configured in metadata export in /_next/data. Please move it to viewport export instead.
Read more: https://nextjs.org/docs/app/api-reference/functions/generate-viewport
TypeError: Cannot read properties of null (reading 'digest')
    at /var/www/engjell-website/node_modules/next/dist/compiled/next-server/app-page.runtime.prod.js:13:18520
    at AsyncLocalStorage.run (node:async_hooks:338:14)
    at e_ (/var/www/engjell-website/node_modules/next/dist/compiled/next-server/app-page.runtime.prod.js:12:141547)
    at /var/www/engjell-website/node_modules/next/dist/compiled/next-server/app-page.runtime.prod.js:12:138889
    at process.processTicksAndRejections (node:internal/process/task_queues:95:5)
 ⚠ Unsupported metadata viewport is configured in metadata export in /blog/service-vs-product. Please move it to viewport export instead.
Read more: https://nextjs.org/docs/app/api-reference/functions/generate-viewport
 ⚠ Unsupported metadata themeColor is configured in metadata export in /blog/service-vs-product. Please move it to viewport export instead.
Read more: https://nextjs.org/docs/app/api-reference/functions/generate-viewport
 ⚠ Unsupported metadata viewport is configured in metadata export in /journal/service-vs-product. Please move it to viewport export instead.
Read more: https://nextjs.org/docs/app/api-reference/functions/generate-viewport
 ⚠ Unsupported metadata themeColor is configured in metadata export in /journal/service-vs-product. Please move it to viewport export instead.
Read more: https://nextjs.org/docs/app/api-reference/functions/generate-viewport
 ⚠ Unsupported metadata viewport is configured in metadata export in /blog-verify. Please move it to viewport export instead.
Read more: https://nextjs.org/docs/app/api-reference/functions/generate-viewport
 ⚠ Unsupported metadata themeColor is configured in metadata export in /blog-verify. Please move it to viewport export instead.
Read more: https://nextjs.org/docs/app/api-reference/functions/generate-viewport
 ⚠ Unsupported metadata viewport is configured in metadata export in /blog/service-vs-product. Please move it to viewport export instead.
Read more: https://nextjs.org/docs/app/api-reference/functions/generate-viewport
 ⚠ Unsupported metadata themeColor is configured in metadata export in /blog/service-vs-product. Please move it to viewport export instead.
Read more: https://nextjs.org/docs/app/api-reference/functions/generate-viewport
 ⚠ Unsupported metadata viewport is configured in metadata export in /journal/challenges-running-a-service-based-business. Please move it to viewport export instead.
Read more: https://nextjs.org/docs/app/api-reference/functions/generate-viewport
 ⚠ Unsupported metadata themeColor is configured in metadata export in /journal/challenges-running-a-service-based-business. Please move it to viewport export instead.
Read more: https://nextjs.org/docs/app/api-reference/functions/generate-viewport
 ⚠ Unsupported metadata viewport is configured in metadata export in /journal/entrepreneurship-is-a-rollercoaster. Please move it to viewport export instead.
Read more: https://nextjs.org/docs/app/api-reference/functions/generate-viewport
 ⚠ Unsupported metadata themeColor is configured in metadata export in /journal/entrepreneurship-is-a-rollercoaster. Please move it to viewport export instead.
Read more: https://nextjs.org/docs/app/api-reference/functions/generate-viewport
 ⚠ Unsupported metadata viewport is configured in metadata export in /wp-content/plugins/hellopress/wp_filemanager.php. Please move it to viewport export instead.
Read more: https://nextjs.org/docs/app/api-reference/functions/generate-viewport
 ⚠ Unsupported metadata themeColor is configured in metadata export in /wp-content/plugins/hellopress/wp_filemanager.php. Please move it to viewport export instead.
Read more: https://nextjs.org/docs/app/api-reference/functions/generate-viewport
 ⚠ Unsupported metadata viewport is configured in metadata export in /6kUgr4yGzxN.php. Please move it to viewport export instead.
Read more: https://nextjs.org/docs/app/api-reference/functions/generate-viewport
 ⚠ Unsupported metadata themeColor is configured in metadata export in /6kUgr4yGzxN.php. Please move it to viewport export instead.
Read more: https://nextjs.org/docs/app/api-reference/functions/generate-viewport
 ⚠ Unsupported metadata viewport is configured in metadata export in /tesTyuj.php. Please move it to viewport export instead.
Read more: https://nextjs.org/docs/app/api-reference/functions/generate-viewport
 ⚠ Unsupported metadata themeColor is configured in metadata export in /tesTyuj.php. Please move it to viewport export instead.
Read more: https://nextjs.org/docs/app/api-reference/functions/generate-viewport
 ⚠ Unsupported metadata viewport is configured in metadata export in /z60.php. Please move it to viewport export instead.
Read more: https://nextjs.org/docs/app/api-reference/functions/generate-viewport
 ⚠ Unsupported metadata themeColor is configured in metadata export in /z60.php. Please move it to viewport export instead.
Read more: https://nextjs.org/docs/app/api-reference/functions/generate-viewport
 ⚠ Unsupported metadata viewport is configured in metadata export in /ahax.php. Please move it to viewport export instead.
Read more: https://nextjs.org/docs/app/api-reference/functions/generate-viewport
 ⚠ Unsupported metadata themeColor is configured in metadata export in /ahax.php. Please move it to viewport export instead.
Read more: https://nextjs.org/docs/app/api-reference/functions/generate-viewport
 ⚠ Unsupported metadata viewport is configured in metadata export in /ww3.php. Please move it to viewport export instead.
Read more: https://nextjs.org/docs/app/api-reference/functions/generate-viewport
 ⚠ Unsupported metadata themeColor is configured in metadata export in /ww3.php. Please move it to viewport export instead.
Read more: https://nextjs.org/docs/app/api-reference/functions/generate-viewport
 ⚠ Unsupported metadata viewport is configured in metadata export in /clss.php. Please move it to viewport export instead.
Read more: https://nextjs.org/docs/app/api-reference/functions/generate-viewport
 ⚠ Unsupported metadata themeColor is configured in metadata export in /clss.php. Please move it to viewport export instead.
Read more: https://nextjs.org/docs/app/api-reference/functions/generate-viewport
 ⚠ Unsupported metadata viewport is configured in metadata export in /budmachine/web/s.php. Please move it to viewport export instead.
Read more: https://nextjs.org/docs/app/api-reference/functions/generate-viewport
 ⚠ Unsupported metadata themeColor is configured in metadata export in /budmachine/web/s.php. Please move it to viewport export instead.
Read more: https://nextjs.org/docs/app/api-reference/functions/generate-viewport
 ⚠ Unsupported metadata viewport is configured in metadata export in /wp-64wscx6shd.php. Please move it to viewport export instead.
Read more: https://nextjs.org/docs/app/api-reference/functions/generate-viewport
 ⚠ Unsupported metadata themeColor is configured in metadata export in /wp-64wscx6shd.php. Please move it to viewport export instead.
Read more: https://nextjs.org/docs/app/api-reference/functions/generate-viewport
 ⚠ Unsupported metadata viewport is configured in metadata export in /okxh.php. Please move it to viewport export instead.
Read more: https://nextjs.org/docs/app/api-reference/functions/generate-viewport
 ⚠ Unsupported metadata themeColor is configured in metadata export in /okxh.php. Please move it to viewport export instead.
Read more: https://nextjs.org/docs/app/api-reference/functions/generate-viewport
 ⚠ Unsupported metadata viewport is configured in metadata export in /wp-sid.php. Please move it to viewport export instead.
Read more: https://nextjs.org/docs/app/api-reference/functions/generate-viewport
 ⚠ Unsupported metadata themeColor is configured in metadata export in /wp-sid.php. Please move it to viewport export instead.
Read more: https://nextjs.org/docs/app/api-reference/functions/generate-viewport
 ⚠ Unsupported metadata viewport is configured in metadata export in /app.php. Please move it to viewport export instead.
Read more: https://nextjs.org/docs/app/api-reference/functions/generate-viewport
 ⚠ Unsupported metadata themeColor is configured in metadata export in /app.php. Please move it to viewport export instead.
Read more: https://nextjs.org/docs/app/api-reference/functions/generate-viewport
 ⚠ Unsupported metadata viewport is configured in metadata export in /hplfuns.php. Please move it to viewport export instead.
Read more: https://nextjs.org/docs/app/api-reference/functions/generate-viewport
 ⚠ Unsupported metadata themeColor is configured in metadata export in /hplfuns.php. Please move it to viewport export instead.
Read more: https://nextjs.org/docs/app/api-reference/functions/generate-viewport
 ⚠ Unsupported metadata viewport is configured in metadata export in /x.php. Please move it to viewport export instead.
Read more: https://nextjs.org/docs/app/api-reference/functions/generate-viewport
 ⚠ Unsupported metadata themeColor is configured in metadata export in /x.php. Please move it to viewport export instead.
Read more: https://nextjs.org/docs/app/api-reference/functions/generate-viewport
 ⚠ Unsupported metadata viewport is configured in metadata export in /222.php. Please move it to viewport export instead.
Read more: https://nextjs.org/docs/app/api-reference/functions/generate-viewport
 ⚠ Unsupported metadata themeColor is configured in metadata export in /222.php. Please move it to viewport export instead.
Read more: https://nextjs.org/docs/app/api-reference/functions/generate-viewport
 ⚠ Unsupported metadata viewport is configured in metadata export in /wp-title.php. Please move it to viewport export instead.
Read more: https://nextjs.org/docs/app/api-reference/functions/generate-viewport
 ⚠ Unsupported metadata themeColor is configured in metadata export in /wp-title.php. Please move it to viewport export instead.
Read more: https://nextjs.org/docs/app/api-reference/functions/generate-viewport
 ⚠ Unsupported metadata viewport is configured in metadata export in /abc.php. Please move it to viewport export instead.
Read more: https://nextjs.org/docs/app/api-reference/functions/generate-viewport
 ⚠ Unsupported metadata themeColor is configured in metadata export in /abc.php. Please move it to viewport export instead.
Read more: https://nextjs.org/docs/app/api-reference/functions/generate-viewport
 ⚠ Unsupported metadata viewport is configured in metadata export in /wp-home.php. Please move it to viewport export instead.
Read more: https://nextjs.org/docs/app/api-reference/functions/generate-viewport
 ⚠ Unsupported metadata themeColor is configured in metadata export in /wp-home.php. Please move it to viewport export instead.
Read more: https://nextjs.org/docs/app/api-reference/functions/generate-viewport
 ⚠ Unsupported metadata viewport is configured in metadata export in /re.php. Please move it to viewport export instead.
Read more: https://nextjs.org/docs/app/api-reference/functions/generate-viewport
 ⚠ Unsupported metadata themeColor is configured in metadata export in /re.php. Please move it to viewport export instead.
Read more: https://nextjs.org/docs/app/api-reference/functions/generate-viewport
 ⚠ Unsupported metadata viewport is configured in metadata export in /atex1.php. Please move it to viewport export instead.
Read more: https://nextjs.org/docs/app/api-reference/functions/generate-viewport
 ⚠ Unsupported metadata themeColor is configured in metadata export in /atex1.php. Please move it to viewport export instead.
Read more: https://nextjs.org/docs/app/api-reference/functions/generate-viewport
 ⚠ Unsupported metadata viewport is configured in metadata export in /kdgok.php. Please move it to viewport export instead.
Read more: https://nextjs.org/docs/app/api-reference/functions/generate-viewport
 ⚠ Unsupported metadata themeColor is configured in metadata export in /kdgok.php. Please move it to viewport export instead.
Read more: https://nextjs.org/docs/app/api-reference/functions/generate-viewport
 ⚠ Unsupported metadata viewport is configured in metadata export in /vanda.php. Please move it to viewport export instead.
Read more: https://nextjs.org/docs/app/api-reference/functions/generate-viewport
 ⚠ Unsupported metadata themeColor is configured in metadata export in /vanda.php. Please move it to viewport export instead.
Read more: https://nextjs.org/docs/app/api-reference/functions/generate-viewport
 ⚠ Unsupported metadata viewport is configured in metadata export in /bolt.php. Please move it to viewport export instead.
Read more: https://nextjs.org/docs/app/api-reference/functions/generate-viewport
 ⚠ Unsupported metadata themeColor is configured in metadata export in /bolt.php. Please move it to viewport export instead.
Read more: https://nextjs.org/docs/app/api-reference/functions/generate-viewport
 ⚠ Unsupported metadata viewport is configured in metadata export in /sid-file.php. Please move it to viewport export instead.
Read more: https://nextjs.org/docs/app/api-reference/functions/generate-viewport
 ⚠ Unsupported metadata themeColor is configured in metadata export in /sid-file.php. Please move it to viewport export instead.
Read more: https://nextjs.org/docs/app/api-reference/functions/generate-viewport
 ⚠ Unsupported metadata viewport is configured in metadata export in /l3gi0n.php. Please move it to viewport export instead.
Read more: https://nextjs.org/docs/app/api-reference/functions/generate-viewport
 ⚠ Unsupported metadata themeColor is configured in metadata export in /l3gi0n.php. Please move it to viewport export instead.
Read more: https://nextjs.org/docs/app/api-reference/functions/generate-viewport
 ⚠ Unsupported metadata viewport is configured in metadata export in /test1.php. Please move it to viewport export instead.
Read more: https://nextjs.org/docs/app/api-reference/functions/generate-viewport
 ⚠ Unsupported metadata themeColor is configured in metadata export in /test1.php. Please move it to viewport export instead.
Read more: https://nextjs.org/docs/app/api-reference/functions/generate-viewport
 ⚠ Unsupported metadata viewport is configured in metadata export in /bo.php. Please move it to viewport export instead.
Read more: https://nextjs.org/docs/app/api-reference/functions/generate-viewport
 ⚠ Unsupported metadata themeColor is configured in metadata export in /bo.php. Please move it to viewport export instead.
Read more: https://nextjs.org/docs/app/api-reference/functions/generate-viewport
 ⚠ Unsupported metadata viewport is configured in metadata export in /d12.php. Please move it to viewport export instead.
Read more: https://nextjs.org/docs/app/api-reference/functions/generate-viewport
 ⚠ Unsupported metadata themeColor is configured in metadata export in /d12.php. Please move it to viewport export instead.
Read more: https://nextjs.org/docs/app/api-reference/functions/generate-viewport
 ⚠ Unsupported metadata viewport is configured in metadata export in /Contrller.php. Please move it to viewport export instead.
Read more: https://nextjs.org/docs/app/api-reference/functions/generate-viewport
 ⚠ Unsupported metadata themeColor is configured in metadata export in /Contrller.php. Please move it to viewport export instead.
Read more: https://nextjs.org/docs/app/api-reference/functions/generate-viewport
 ⚠ Unsupported metadata viewport is configured in metadata export in /o2.php. Please move it to viewport export instead.
Read more: https://nextjs.org/docs/app/api-reference/functions/generate-viewport
 ⚠ Unsupported metadata themeColor is configured in metadata export in /o2.php. Please move it to viewport export instead.
Read more: https://nextjs.org/docs/app/api-reference/functions/generate-viewport
 ⚠ Unsupported metadata viewport is configured in metadata export in /error_log.php. Please move it to viewport export instead.
Read more: https://nextjs.org/docs/app/api-reference/functions/generate-viewport
 ⚠ Unsupported metadata themeColor is configured in metadata export in /error_log.php. Please move it to viewport export instead.
Read more: https://nextjs.org/docs/app/api-reference/functions/generate-viewport
 ⚠ Unsupported metadata viewport is configured in metadata export in /inghl.php. Please move it to viewport export instead.
Read more: https://nextjs.org/docs/app/api-reference/functions/generate-viewport
 ⚠ Unsupported metadata themeColor is configured in metadata export in /inghl.php. Please move it to viewport export instead.
Read more: https://nextjs.org/docs/app/api-reference/functions/generate-viewport
 ⚠ Unsupported metadata viewport is configured in metadata export in /wp-securitiy.php. Please move it to viewport export instead.
Read more: https://nextjs.org/docs/app/api-reference/functions/generate-viewport
 ⚠ Unsupported metadata themeColor is configured in metadata export in /wp-securitiy.php. Please move it to viewport export instead.
Read more: https://nextjs.org/docs/app/api-reference/functions/generate-viewport
 ⚠ Unsupported metadata viewport is configured in metadata export in /click.php. Please move it to viewport export instead.
Read more: https://nextjs.org/docs/app/api-reference/functions/generate-viewport
 ⚠ Unsupported metadata themeColor is configured in metadata export in /click.php. Please move it to viewport export instead.
Read more: https://nextjs.org/docs/app/api-reference/functions/generate-viewport
 ⚠ Unsupported metadata viewport is configured in metadata export in /wp-ac.php. Please move it to viewport export instead.
Read more: https://nextjs.org/docs/app/api-reference/functions/generate-viewport
 ⚠ Unsupported metadata themeColor is configured in metadata export in /wp-ac.php. Please move it to viewport export instead.
Read more: https://nextjs.org/docs/app/api-reference/functions/generate-viewport
 ⚠ Unsupported metadata viewport is configured in metadata export in /krypton.php. Please move it to viewport export instead.
Read more: https://nextjs.org/docs/app/api-reference/functions/generate-viewport
 ⚠ Unsupported metadata themeColor is configured in metadata export in /krypton.php. Please move it to viewport export instead.
Read more: https://nextjs.org/docs/app/api-reference/functions/generate-viewport
 ⚠ Unsupported metadata viewport is configured in metadata export in /karma_57c3d4.php. Please move it to viewport export instead.
Read more: https://nextjs.org/docs/app/api-reference/functions/generate-viewport
 ⚠ Unsupported metadata themeColor is configured in metadata export in /karma_57c3d4.php. Please move it to viewport export instead.
Read more: https://nextjs.org/docs/app/api-reference/functions/generate-viewport
 ⚠ Unsupported metadata viewport is configured in metadata export in /fc72f.php. Please move it to viewport export instead.
Read more: https://nextjs.org/docs/app/api-reference/functions/generate-viewport
 ⚠ Unsupported metadata themeColor is configured in metadata export in /fc72f.php. Please move it to viewport export instead.
Read more: https://nextjs.org/docs/app/api-reference/functions/generate-viewport
 ⚠ Unsupported metadata viewport is configured in metadata export in /wso.php. Please move it to viewport export instead.
Read more: https://nextjs.org/docs/app/api-reference/functions/generate-viewport
 ⚠ Unsupported metadata themeColor is configured in metadata export in /wso.php. Please move it to viewport export instead.
Read more: https://nextjs.org/docs/app/api-reference/functions/generate-viewport
 ⚠ Unsupported metadata viewport is configured in metadata export in /jjrpo.php. Please move it to viewport export instead.
Read more: https://nextjs.org/docs/app/api-reference/functions/generate-viewport
 ⚠ Unsupported metadata themeColor is configured in metadata export in /jjrpo.php. Please move it to viewport export instead.
Read more: https://nextjs.org/docs/app/api-reference/functions/generate-viewport
 ⚠ Unsupported metadata viewport is configured in metadata export in /gg.php. Please move it to viewport export instead.
Read more: https://nextjs.org/docs/app/api-reference/functions/generate-viewport
 ⚠ Unsupported metadata themeColor is configured in metadata export in /gg.php. Please move it to viewport export instead.
Read more: https://nextjs.org/docs/app/api-reference/functions/generate-viewport
 ⚠ Unsupported metadata viewport is configured in metadata export in /wp-advaced.php. Please move it to viewport export instead.
Read more: https://nextjs.org/docs/app/api-reference/functions/generate-viewport
 ⚠ Unsupported metadata themeColor is configured in metadata export in /wp-advaced.php. Please move it to viewport export instead.
Read more: https://nextjs.org/docs/app/api-reference/functions/generate-viewport
 ⚠ Unsupported metadata viewport is configured in metadata export in /asd.php. Please move it to viewport export instead.
Read more: https://nextjs.org/docs/app/api-reference/functions/generate-viewport
 ⚠ Unsupported metadata themeColor is configured in metadata export in /asd.php. Please move it to viewport export instead.
Read more: https://nextjs.org/docs/app/api-reference/functions/generate-viewport
 ⚠ Unsupported metadata viewport is configured in metadata export in /xtt.php. Please move it to viewport export instead.
Read more: https://nextjs.org/docs/app/api-reference/functions/generate-viewport
 ⚠ Unsupported metadata themeColor is configured in metadata export in /xtt.php. Please move it to viewport export instead.
Read more: https://nextjs.org/docs/app/api-reference/functions/generate-viewport
 ⚠ Unsupported metadata viewport is configured in metadata export in /s.php. Please move it to viewport export instead.
Read more: https://nextjs.org/docs/app/api-reference/functions/generate-viewport
 ⚠ Unsupported metadata themeColor is configured in metadata export in /s.php. Please move it to viewport export instead.
Read more: https://nextjs.org/docs/app/api-reference/functions/generate-viewport
 ⚠ Unsupported metadata viewport is configured in metadata export in /t.php. Please move it to viewport export instead.
Read more: https://nextjs.org/docs/app/api-reference/functions/generate-viewport
 ⚠ Unsupported metadata themeColor is configured in metadata export in /t.php. Please move it to viewport export instead.
Read more: https://nextjs.org/docs/app/api-reference/functions/generate-viewport
 ⚠ Unsupported metadata viewport is configured in metadata export in /gecko.php. Please move it to viewport export instead.
Read more: https://nextjs.org/docs/app/api-reference/functions/generate-viewport
 ⚠ Unsupported metadata themeColor is configured in metadata export in /gecko.php. Please move it to viewport export instead.
Read more: https://nextjs.org/docs/app/api-reference/functions/generate-viewport
 ⚠ Unsupported metadata viewport is configured in metadata export in /lock360.php. Please move it to viewport export instead.
Read more: https://nextjs.org/docs/app/api-reference/functions/generate-viewport
 ⚠ Unsupported metadata themeColor is configured in metadata export in /lock360.php. Please move it to viewport export instead.
Read more: https://nextjs.org/docs/app/api-reference/functions/generate-viewport
 ⚠ Unsupported metadata viewport is configured in metadata export in /jdlqi.php. Please move it to viewport export instead.
Read more: https://nextjs.org/docs/app/api-reference/functions/generate-viewport
 ⚠ Unsupported metadata themeColor is configured in metadata export in /jdlqi.php. Please move it to viewport export instead.
Read more: https://nextjs.org/docs/app/api-reference/functions/generate-viewport
 ⚠ Unsupported metadata viewport is configured in metadata export in /ss.php. Please move it to viewport export instead.
Read more: https://nextjs.org/docs/app/api-reference/functions/generate-viewport
 ⚠ Unsupported metadata themeColor is configured in metadata export in /ss.php. Please move it to viewport export instead.
Read more: https://nextjs.org/docs/app/api-reference/functions/generate-viewport
 ⚠ Unsupported metadata viewport is configured in metadata export in /khgdl.php. Please move it to viewport export instead.
Read more: https://nextjs.org/docs/app/api-reference/functions/generate-viewport
 ⚠ Unsupported metadata themeColor is configured in metadata export in /khgdl.php. Please move it to viewport export instead.
Read more: https://nextjs.org/docs/app/api-reference/functions/generate-viewport
 ⚠ Unsupported metadata viewport is configured in metadata export in /hehe.php. Please move it to viewport export instead.
Read more: https://nextjs.org/docs/app/api-reference/functions/generate-viewport
 ⚠ Unsupported metadata themeColor is configured in metadata export in /hehe.php. Please move it to viewport export instead.
Read more: https://nextjs.org/docs/app/api-reference/functions/generate-viewport
 ⚠ Unsupported metadata viewport is configured in metadata export in /ghreshttryu.php. Please move it to viewport export instead.
Read more: https://nextjs.org/docs/app/api-reference/functions/generate-viewport
 ⚠ Unsupported metadata themeColor is configured in metadata export in /ghreshttryu.php. Please move it to viewport export instead.
Read more: https://nextjs.org/docs/app/api-reference/functions/generate-viewport
 ⚠ Unsupported metadata viewport is configured in metadata export in /xopvne.php. Please move it to viewport export instead.
Read more: https://nextjs.org/docs/app/api-reference/functions/generate-viewport
 ⚠ Unsupported metadata themeColor is configured in metadata export in /xopvne.php. Please move it to viewport export instead.
Read more: https://nextjs.org/docs/app/api-reference/functions/generate-viewport
 ⚠ Unsupported metadata viewport is configured in metadata export in /lm18.php. Please move it to viewport export instead.
Read more: https://nextjs.org/docs/app/api-reference/functions/generate-viewport
 ⚠ Unsupported metadata themeColor is configured in metadata export in /lm18.php. Please move it to viewport export instead.
Read more: https://nextjs.org/docs/app/api-reference/functions/generate-viewport
 ⚠ Unsupported metadata viewport is configured in metadata export in /5b9ac.php. Please move it to viewport export instead.
Read more: https://nextjs.org/docs/app/api-reference/functions/generate-viewport
 ⚠ Unsupported metadata themeColor is configured in metadata export in /5b9ac.php. Please move it to viewport export instead.
Read more: https://nextjs.org/docs/app/api-reference/functions/generate-viewport
 ⚠ Unsupported metadata viewport is configured in metadata export in /co.php. Please move it to viewport export instead.
Read more: https://nextjs.org/docs/app/api-reference/functions/generate-viewport
 ⚠ Unsupported metadata themeColor is configured in metadata export in /co.php. Please move it to viewport export instead.
Read more: https://nextjs.org/docs/app/api-reference/functions/generate-viewport
 ⚠ Unsupported metadata viewport is configured in metadata export in /56c53.php. Please move it to viewport export instead.
Read more: https://nextjs.org/docs/app/api-reference/functions/generate-viewport
 ⚠ Unsupported metadata themeColor is configured in metadata export in /56c53.php. Please move it to viewport export instead.
Read more: https://nextjs.org/docs/app/api-reference/functions/generate-viewport
 ⚠ Unsupported metadata viewport is configured in metadata export in /ce.php. Please move it to viewport export instead.
Read more: https://nextjs.org/docs/app/api-reference/functions/generate-viewport
 ⚠ Unsupported metadata themeColor is configured in metadata export in /ce.php. Please move it to viewport export instead.
Read more: https://nextjs.org/docs/app/api-reference/functions/generate-viewport
 ⚠ Unsupported metadata viewport is configured in metadata export in /domains.php. Please move it to viewport export instead.
Read more: https://nextjs.org/docs/app/api-reference/functions/generate-viewport
 ⚠ Unsupported metadata themeColor is configured in metadata export in /domains.php. Please move it to viewport export instead.
Read more: https://nextjs.org/docs/app/api-reference/functions/generate-viewport
TypeError: Cannot read properties of null (reading 'digest')
    at /var/www/engjell-website/node_modules/next/dist/compiled/next-server/app-page.runtime.prod.js:13:18520
    at AsyncLocalStorage.run (node:async_hooks:338:14)
    at e_ (/var/www/engjell-website/node_modules/next/dist/compiled/next-server/app-page.runtime.prod.js:12:141547)
    at /var/www/engjell-website/node_modules/next/dist/compiled/next-server/app-page.runtime.prod.js:12:138889
    at process.processTicksAndRejections (node:internal/process/task_queues:95:5)
 ⚠ Unsupported metadata viewport is configured in metadata export in /adfa. Please move it to viewport export instead.
Read more: https://nextjs.org/docs/app/api-reference/functions/generate-viewport
 ⚠ Unsupported metadata themeColor is configured in metadata export in /adfa. Please move it to viewport export instead.
Read more: https://nextjs.org/docs/app/api-reference/functions/generate-viewport
 ⚠ Unsupported metadata viewport is configured in metadata export in /wp-login.php. Please move it to viewport export instead.
Read more: https://nextjs.org/docs/app/api-reference/functions/generate-viewport
 ⚠ Unsupported metadata themeColor is configured in metadata export in /wp-login.php. Please move it to viewport export instead.
Read more: https://nextjs.org/docs/app/api-reference/functions/generate-viewport
 ⚠ Unsupported metadata viewport is configured in metadata export in /wp-login.php. Please move it to viewport export instead.
Read more: https://nextjs.org/docs/app/api-reference/functions/generate-viewport
 ⚠ Unsupported metadata themeColor is configured in metadata export in /wp-login.php. Please move it to viewport export instead.
Read more: https://nextjs.org/docs/app/api-reference/functions/generate-viewport
 ⚠ Unsupported metadata viewport is configured in metadata export in /wp-admin. Please move it to viewport export instead.
Read more: https://nextjs.org/docs/app/api-reference/functions/generate-viewport
 ⚠ Unsupported metadata themeColor is configured in metadata export in /wp-admin. Please move it to viewport export instead.
Read more: https://nextjs.org/docs/app/api-reference/functions/generate-viewport
 ⚠ Unsupported metadata viewport is configured in metadata export in /apple-touch-icon-precomposed.png. Please move it to viewport export instead.
Read more: https://nextjs.org/docs/app/api-reference/functions/generate-viewport
 ⚠ Unsupported metadata themeColor is configured in metadata export in /apple-touch-icon-precomposed.png. Please move it to viewport export instead.
Read more: https://nextjs.org/docs/app/api-reference/functions/generate-viewport
 ⚠ Unsupported metadata viewport is configured in metadata export in /apple-touch-icon-precomposed.png. Please move it to viewport export instead.
Read more: https://nextjs.org/docs/app/api-reference/functions/generate-viewport
 ⚠ Unsupported metadata themeColor is configured in metadata export in /apple-touch-icon-precomposed.png. Please move it to viewport export instead.
Read more: https://nextjs.org/docs/app/api-reference/functions/generate-viewport
 ⚠ Unsupported metadata viewport is configured in metadata export in /apple-touch-icon.png. Please move it to viewport export instead.
Read more: https://nextjs.org/docs/app/api-reference/functions/generate-viewport
 ⚠ Unsupported metadata themeColor is configured in metadata export in /apple-touch-icon.png. Please move it to viewport export instead.
Read more: https://nextjs.org/docs/app/api-reference/functions/generate-viewport
 ⚠ Unsupported metadata viewport is configured in metadata export in /apple-touch-icon.png. Please move it to viewport export instead.
Read more: https://nextjs.org/docs/app/api-reference/functions/generate-viewport
 ⚠ Unsupported metadata themeColor is configured in metadata export in /apple-touch-icon.png. Please move it to viewport export instead.
Read more: https://nextjs.org/docs/app/api-reference/functions/generate-viewport
 ⚠ Unsupported metadata viewport is configured in metadata export in /podcast. Please move it to viewport export instead.
Read more: https://nextjs.org/docs/app/api-reference/functions/generate-viewport
 ⚠ Unsupported metadata themeColor is configured in metadata export in /podcast. Please move it to viewport export instead.
Read more: https://nextjs.org/docs/app/api-reference/functions/generate-viewport
 ⚠ Unsupported metadata viewport is configured in metadata export in /icon-192.png. Please move it to viewport export instead.
Read more: https://nextjs.org/docs/app/api-reference/functions/generate-viewport
 ⚠ Unsupported metadata themeColor is configured in metadata export in /icon-192.png. Please move it to viewport export instead.
Read more: https://nextjs.org/docs/app/api-reference/functions/generate-viewport
 ⚠ Unsupported metadata viewport is configured in metadata export in /icon-512.png. Please move it to viewport export instead.
Read more: https://nextjs.org/docs/app/api-reference/functions/generate-viewport
 ⚠ Unsupported metadata themeColor is configured in metadata export in /icon-512.png. Please move it to viewport export instead.
Read more: https://nextjs.org/docs/app/api-reference/functions/generate-viewport
 ⚠ Unsupported metadata viewport is configured in metadata export in /icon.png. Please move it to viewport export instead.
Read more: https://nextjs.org/docs/app/api-reference/functions/generate-viewport
 ⚠ Unsupported metadata themeColor is configured in metadata export in /icon.png. Please move it to viewport export instead.
Read more: https://nextjs.org/docs/app/api-reference/functions/generate-viewport
 ⚠ Unsupported metadata viewport is configured in metadata export in /icon-192.png. Please move it to viewport export instead.
Read more: https://nextjs.org/docs/app/api-reference/functions/generate-viewport
 ⚠ Unsupported metadata themeColor is configured in metadata export in /icon-192.png. Please move it to viewport export instead.
Read more: https://nextjs.org/docs/app/api-reference/functions/generate-viewport
 ⚠ Unsupported metadata viewport is configured in metadata export in /apple-icon.png. Please move it to viewport export instead.
Read more: https://nextjs.org/docs/app/api-reference/functions/generate-viewport
 ⚠ Unsupported metadata themeColor is configured in metadata export in /apple-icon.png. Please move it to viewport export instead.
Read more: https://nextjs.org/docs/app/api-reference/functions/generate-viewport
Error: Failed to find Server Action "x". This request might be from an older or newer deployment. Original error: Cannot read properties of undefined (reading 'workers')
    at rE (/var/www/engjell-website/node_modules/next/dist/compiled/next-server/app-page.runtime.prod.js:16:1686)
    at /var/www/engjell-website/node_modules/next/dist/compiled/next-server/app-page.runtime.prod.js:16:303
    at process.processTicksAndRejections (node:internal/process/task_queues:95:5)
    at async rR (/var/www/engjell-website/node_modules/next/dist/compiled/next-server/app-page.runtime.prod.js:15:7978)
    at async r7 (/var/www/engjell-website/node_modules/next/dist/compiled/next-server/app-page.runtime.prod.js:18:1144)
    at async doRender (/var/www/engjell-website/node_modules/next/dist/server/base-server.js:1438:30)
    at async cacheEntry.responseCache.get.routeKind (/var/www/engjell-website/node_modules/next/dist/server/base-server.js:1599:28)
    at async NextNodeServer.renderToResponseWithComponentsImpl (/var/www/engjell-website/node_modules/next/dist/server/base-server.js:1507:28)
    at async NextNodeServer.renderPageComponent (/var/www/engjell-website/node_modules/next/dist/server/base-server.js:1931:24)
    at async NextNodeServer.renderToResponseImpl (/var/www/engjell-website/node_modules/next/dist/server/base-server.js:1969:32)
 ⚠ Unsupported metadata viewport is configured in metadata export in /. Please move it to viewport export instead.
Read more: https://nextjs.org/docs/app/api-reference/functions/generate-viewport
 ⚠ Unsupported metadata themeColor is configured in metadata export in /. Please move it to viewport export instead.
Read more: https://nextjs.org/docs/app/api-reference/functions/generate-viewport
 ⚠ Unsupported metadata viewport is configured in metadata export in /icon-192.png. Please move it to viewport export instead.
Read more: https://nextjs.org/docs/app/api-reference/functions/generate-viewport
 ⚠ Unsupported metadata themeColor is configured in metadata export in /icon-192.png. Please move it to viewport export instead.
Read more: https://nextjs.org/docs/app/api-reference/functions/generate-viewport
 ⚠ For production Image Optimization with Next.js, the optional 'sharp' package is strongly recommended. Run 'npm i sharp', and Next.js will use it automatically for Image Optimization.
Read more: https://nextjs.org/docs/messages/sharp-missing-in-production
 ⚠ Unsupported metadata viewport is configured in metadata export in /xmlrpc.php. Please move it to viewport export instead.
Read more: https://nextjs.org/docs/app/api-reference/functions/generate-viewport
 ⚠ Unsupported metadata themeColor is configured in metadata export in /xmlrpc.php. Please move it to viewport export instead.
Read more: https://nextjs.org/docs/app/api-reference/functions/generate-viewport
 ⚠ Unsupported metadata viewport is configured in metadata export in /wp-content/plugins/cidaas-pro-master/composer.json. Please move it to viewport export instead.
Read more: https://nextjs.org/docs/app/api-reference/functions/generate-viewport
 ⚠ Unsupported metadata themeColor is configured in metadata export in /wp-content/plugins/cidaas-pro-master/composer.json. Please move it to viewport export instead.
Read more: https://nextjs.org/docs/app/api-reference/functions/generate-viewport
 ⚠ Unsupported metadata viewport is configured in metadata export in /icon.png. Please move it to viewport export instead.
Read more: https://nextjs.org/docs/app/api-reference/functions/generate-viewport
 ⚠ Unsupported metadata themeColor is configured in metadata export in /icon.png. Please move it to viewport export instead.
Read more: https://nextjs.org/docs/app/api-reference/functions/generate-viewport
 ⚠ Unsupported metadata viewport is configured in metadata export in /.git/config. Please move it to viewport export instead.
Read more: https://nextjs.org/docs/app/api-reference/functions/generate-viewport
 ⚠ Unsupported metadata themeColor is configured in metadata export in /.git/config. Please move it to viewport export instead.
Read more: https://nextjs.org/docs/app/api-reference/functions/generate-viewport
 ⚠ Unsupported metadata viewport is configured in metadata export in /apps. Please move it to viewport export instead.
Read more: https://nextjs.org/docs/app/api-reference/functions/generate-viewport
 ⚠ Unsupported metadata themeColor is configured in metadata export in /apps. Please move it to viewport export instead.
Read more: https://nextjs.org/docs/app/api-reference/functions/generate-viewport
 ⚠ Unsupported metadata viewport is configured in metadata export in /apps. Please move it to viewport export instead.
Read more: https://nextjs.org/docs/app/api-reference/functions/generate-viewport
 ⚠ Unsupported metadata themeColor is configured in metadata export in /apps. Please move it to viewport export instead.
Read more: https://nextjs.org/docs/app/api-reference/functions/generate-viewport
 ⚠ Unsupported metadata viewport is configured in metadata export in /api/action. Please move it to viewport export instead.
Read more: https://nextjs.org/docs/app/api-reference/functions/generate-viewport
 ⚠ Unsupported metadata themeColor is configured in metadata export in /api/action. Please move it to viewport export instead.
Read more: https://nextjs.org/docs/app/api-reference/functions/generate-viewport
 ⚠ Unsupported metadata viewport is configured in metadata export in /api/action. Please move it to viewport export instead.
Read more: https://nextjs.org/docs/app/api-reference/functions/generate-viewport
 ⚠ Unsupported metadata themeColor is configured in metadata export in /api/action. Please move it to viewport export instead.
Read more: https://nextjs.org/docs/app/api-reference/functions/generate-viewport
 ⚠ Unsupported metadata viewport is configured in metadata export in /api/actions. Please move it to viewport export instead.
Read more: https://nextjs.org/docs/app/api-reference/functions/generate-viewport
 ⚠ Unsupported metadata themeColor is configured in metadata export in /api/actions. Please move it to viewport export instead.
Read more: https://nextjs.org/docs/app/api-reference/functions/generate-viewport
 ⚠ Unsupported metadata viewport is configured in metadata export in /api/actions. Please move it to viewport export instead.
Read more: https://nextjs.org/docs/app/api-reference/functions/generate-viewport
 ⚠ Unsupported metadata themeColor is configured in metadata export in /api/actions. Please move it to viewport export instead.
Read more: https://nextjs.org/docs/app/api-reference/functions/generate-viewport
 ⚠ Unsupported metadata viewport is configured in metadata export in /_next/data. Please move it to viewport export instead.
Read more: https://nextjs.org/docs/app/api-reference/functions/generate-viewport
 ⚠ Unsupported metadata themeColor is configured in metadata export in /_next/data. Please move it to viewport export instead.
Read more: https://nextjs.org/docs/app/api-reference/functions/generate-viewport
 ⚠ Unsupported metadata viewport is configured in metadata export in /_next/data. Please move it to viewport export instead.
Read more: https://nextjs.org/docs/app/api-reference/functions/generate-viewport
 ⚠ Unsupported metadata themeColor is configured in metadata export in /_next/data. Please move it to viewport export instead.
Read more: https://nextjs.org/docs/app/api-reference/functions/generate-viewport
TypeError: Cannot read properties of null (reading 'digest')
    at /var/www/engjell-website/node_modules/next/dist/compiled/next-server/app-page.runtime.prod.js:13:18520
    at AsyncLocalStorage.run (node:async_hooks:338:14)
    at e_ (/var/www/engjell-website/node_modules/next/dist/compiled/next-server/app-page.runtime.prod.js:12:141547)
    at /var/www/engjell-website/node_modules/next/dist/compiled/next-server/app-page.runtime.prod.js:12:138889
    at process.processTicksAndRejections (node:internal/process/task_queues:95:5)
TypeError: Cannot read properties of null (reading 'digest')
    at /var/www/engjell-website/node_modules/next/dist/compiled/next-server/app-page.runtime.prod.js:13:18520
    at AsyncLocalStorage.run (node:async_hooks:338:14)
    at e_ (/var/www/engjell-website/node_modules/next/dist/compiled/next-server/app-page.runtime.prod.js:12:141547)
    at /var/www/engjell-website/node_modules/next/dist/compiled/next-server/app-page.runtime.prod.js:12:138889
    at process.processTicksAndRejections (node:internal/process/task_queues:95:5)
 ⚠ Unsupported metadata viewport is configured in metadata export in /style.php. Please move it to viewport export instead.
Read more: https://nextjs.org/docs/app/api-reference/functions/generate-viewport
 ⚠ Unsupported metadata themeColor is configured in metadata export in /style.php. Please move it to viewport export instead.
Read more: https://nextjs.org/docs/app/api-reference/functions/generate-viewport
TypeError: Cannot read properties of null (reading 'digest')
    at /var/www/engjell-website/node_modules/next/dist/compiled/next-server/app-page.runtime.prod.js:13:18520
    at AsyncLocalStorage.run (node:async_hooks:338:14)
    at e_ (/var/www/engjell-website/node_modules/next/dist/compiled/next-server/app-page.runtime.prod.js:12:141547)
    at /var/www/engjell-website/node_modules/next/dist/compiled/next-server/app-page.runtime.prod.js:12:138889
    at process.processTicksAndRejections (node:internal/process/task_queues:95:5)
 ⚠ Unsupported metadata viewport is configured in metadata export in /entrepreneur/division5. Please move it to viewport export instead.
Read more: https://nextjs.org/docs/app/api-reference/functions/generate-viewport
 ⚠ Unsupported metadata themeColor is configured in metadata export in /entrepreneur/division5. Please move it to viewport export instead.
Read more: https://nextjs.org/docs/app/api-reference/functions/generate-viewport
 ⚠ Unsupported metadata viewport is configured in metadata export in /wp-good.php. Please move it to viewport export instead.
Read more: https://nextjs.org/docs/app/api-reference/functions/generate-viewport
 ⚠ Unsupported metadata themeColor is configured in metadata export in /wp-good.php. Please move it to viewport export instead.
Read more: https://nextjs.org/docs/app/api-reference/functions/generate-viewport
 ⚠ Unsupported metadata viewport is configured in metadata export in /ioxi-o.php. Please move it to viewport export instead.
Read more: https://nextjs.org/docs/app/api-reference/functions/generate-viewport
 ⚠ Unsupported metadata themeColor is configured in metadata export in /ioxi-o.php. Please move it to viewport export instead.
Read more: https://nextjs.org/docs/app/api-reference/functions/generate-viewport
 ⚠ Unsupported metadata viewport is configured in metadata export in /file.php. Please move it to viewport export instead.
Read more: https://nextjs.org/docs/app/api-reference/functions/generate-viewport
 ⚠ Unsupported metadata themeColor is configured in metadata export in /file.php. Please move it to viewport export instead.
Read more: https://nextjs.org/docs/app/api-reference/functions/generate-viewport
 ⚠ Unsupported metadata viewport is configured in metadata export in /wp-admin/css/colors/blue. Please move it to viewport export instead.
Read more: https://nextjs.org/docs/app/api-reference/functions/generate-viewport
 ⚠ Unsupported metadata themeColor is configured in metadata export in /wp-admin/css/colors/blue. Please move it to viewport export instead.
Read more: https://nextjs.org/docs/app/api-reference/functions/generate-viewport
 ⚠ Unsupported metadata viewport is configured in metadata export in /wp-signin.php. Please move it to viewport export instead.
Read more: https://nextjs.org/docs/app/api-reference/functions/generate-viewport
 ⚠ Unsupported metadata themeColor is configured in metadata export in /wp-signin.php. Please move it to viewport export instead.
Read more: https://nextjs.org/docs/app/api-reference/functions/generate-viewport
 ⚠ Unsupported metadata viewport is configured in metadata export in /abcd.php. Please move it to viewport export instead.
Read more: https://nextjs.org/docs/app/api-reference/functions/generate-viewport
 ⚠ Unsupported metadata themeColor is configured in metadata export in /abcd.php. Please move it to viewport export instead.
Read more: https://nextjs.org/docs/app/api-reference/functions/generate-viewport
 ⚠ Unsupported metadata viewport is configured in metadata export in /wp-includes/block-bindings. Please move it to viewport export instead.
Read more: https://nextjs.org/docs/app/api-reference/functions/generate-viewport
 ⚠ Unsupported metadata themeColor is configured in metadata export in /wp-includes/block-bindings. Please move it to viewport export instead.
Read more: https://nextjs.org/docs/app/api-reference/functions/generate-viewport
 ⚠ Unsupported metadata viewport is configured in metadata export in /about.php. Please move it to viewport export instead.
Read more: https://nextjs.org/docs/app/api-reference/functions/generate-viewport
 ⚠ Unsupported metadata themeColor is configured in metadata export in /about.php. Please move it to viewport export instead.
Read more: https://nextjs.org/docs/app/api-reference/functions/generate-viewport
 ⚠ Unsupported metadata viewport is configured in metadata export in /bless.php. Please move it to viewport export instead.
Read more: https://nextjs.org/docs/app/api-reference/functions/generate-viewport
 ⚠ Unsupported metadata themeColor is configured in metadata export in /bless.php. Please move it to viewport export instead.
Read more: https://nextjs.org/docs/app/api-reference/functions/generate-viewport
 ⚠ Unsupported metadata viewport is configured in metadata export in /images/install.php. Please move it to viewport export instead.
Read more: https://nextjs.org/docs/app/api-reference/functions/generate-viewport
 ⚠ Unsupported metadata themeColor is configured in metadata export in /images/install.php. Please move it to viewport export instead.
Read more: https://nextjs.org/docs/app/api-reference/functions/generate-viewport
 ⚠ Unsupported metadata viewport is configured in metadata export in /num.php. Please move it to viewport export instead.
Read more: https://nextjs.org/docs/app/api-reference/functions/generate-viewport
 ⚠ Unsupported metadata themeColor is configured in metadata export in /num.php. Please move it to viewport export instead.
Read more: https://nextjs.org/docs/app/api-reference/functions/generate-viewport
 ⚠ Unsupported metadata viewport is configured in metadata export in /txets.php. Please move it to viewport export instead.
Read more: https://nextjs.org/docs/app/api-reference/functions/generate-viewport
 ⚠ Unsupported metadata themeColor is configured in metadata export in /txets.php. Please move it to viewport export instead.
Read more: https://nextjs.org/docs/app/api-reference/functions/generate-viewport
 ⚠ Unsupported metadata viewport is configured in metadata export in /wp-blog.php. Please move it to viewport export instead.
Read more: https://nextjs.org/docs/app/api-reference/functions/generate-viewport
 ⚠ Unsupported metadata themeColor is configured in metadata export in /wp-blog.php. Please move it to viewport export instead.
Read more: https://nextjs.org/docs/app/api-reference/functions/generate-viewport
 ⚠ Unsupported metadata viewport is configured in metadata export in /wp-content/admin-header.php. Please move it to viewport export instead.
Read more: https://nextjs.org/docs/app/api-reference/functions/generate-viewport
 ⚠ Unsupported metadata themeColor is configured in metadata export in /wp-content/admin-header.php. Please move it to viewport export instead.
Read more: https://nextjs.org/docs/app/api-reference/functions/generate-viewport
 ⚠ Unsupported metadata viewport is configured in metadata export in /wp-content/themes/about.php. Please move it to viewport export instead.
Read more: https://nextjs.org/docs/app/api-reference/functions/generate-viewport
 ⚠ Unsupported metadata themeColor is configured in metadata export in /wp-content/themes/about.php. Please move it to viewport export instead.
Read more: https://nextjs.org/docs/app/api-reference/functions/generate-viewport
 ⚠ Unsupported metadata viewport is configured in metadata export in /wp-includes/js/dist. Please move it to viewport export instead.
Read more: https://nextjs.org/docs/app/api-reference/functions/generate-viewport
 ⚠ Unsupported metadata themeColor is configured in metadata export in /wp-includes/js/dist. Please move it to viewport export instead.
Read more: https://nextjs.org/docs/app/api-reference/functions/generate-viewport
 ⚠ Unsupported metadata viewport is configured in metadata export in /wp-includes/rest-api/fields. Please move it to viewport export instead.
Read more: https://nextjs.org/docs/app/api-reference/functions/generate-viewport
 ⚠ Unsupported metadata themeColor is configured in metadata export in /wp-includes/rest-api/fields. Please move it to viewport export instead.
Read more: https://nextjs.org/docs/app/api-reference/functions/generate-viewport
 ⚠ Unsupported metadata viewport is configured in metadata export in /wp.php. Please move it to viewport export instead.
Read more: https://nextjs.org/docs/app/api-reference/functions/generate-viewport
 ⚠ Unsupported metadata themeColor is configured in metadata export in /wp.php. Please move it to viewport export instead.
Read more: https://nextjs.org/docs/app/api-reference/functions/generate-viewport
 ⚠ Unsupported metadata viewport is configured in metadata export in /chosen.php. Please move it to viewport export instead.
Read more: https://nextjs.org/docs/app/api-reference/functions/generate-viewport
 ⚠ Unsupported metadata themeColor is configured in metadata export in /chosen.php. Please move it to viewport export instead.
Read more: https://nextjs.org/docs/app/api-reference/functions/generate-viewport
 ⚠ Unsupported metadata viewport is configured in metadata export in /classwithtostring.php. Please move it to viewport export instead.
Read more: https://nextjs.org/docs/app/api-reference/functions/generate-viewport
 ⚠ Unsupported metadata themeColor is configured in metadata export in /classwithtostring.php. Please move it to viewport export instead.
Read more: https://nextjs.org/docs/app/api-reference/functions/generate-viewport
 ⚠ Unsupported metadata viewport is configured in metadata export in /edit.php. Please move it to viewport export instead.
Read more: https://nextjs.org/docs/app/api-reference/functions/generate-viewport
 ⚠ Unsupported metadata themeColor is configured in metadata export in /edit.php. Please move it to viewport export instead.
Read more: https://nextjs.org/docs/app/api-reference/functions/generate-viewport
 ⚠ Unsupported metadata viewport is configured in metadata export in /goods.php. Please move it to viewport export instead.
Read more: https://nextjs.org/docs/app/api-reference/functions/generate-viewport
 ⚠ Unsupported metadata themeColor is configured in metadata export in /goods.php. Please move it to viewport export instead.
Read more: https://nextjs.org/docs/app/api-reference/functions/generate-viewport
 ⚠ Unsupported metadata viewport is configured in metadata export in /k.php. Please move it to viewport export instead.
Read more: https://nextjs.org/docs/app/api-reference/functions/generate-viewport
 ⚠ Unsupported metadata themeColor is configured in metadata export in /k.php. Please move it to viewport export instead.
Read more: https://nextjs.org/docs/app/api-reference/functions/generate-viewport
 ⚠ Unsupported metadata viewport is configured in metadata export in /mah/function.php. Please move it to viewport export instead.
Read more: https://nextjs.org/docs/app/api-reference/functions/generate-viewport
 ⚠ Unsupported metadata themeColor is configured in metadata export in /mah/function.php. Please move it to viewport export instead.
Read more: https://nextjs.org/docs/app/api-reference/functions/generate-viewport
 ⚠ Unsupported metadata viewport is configured in metadata export in /wp-conflg/function.php. Please move it to viewport export instead.
Read more: https://nextjs.org/docs/app/api-reference/functions/generate-viewport
 ⚠ Unsupported metadata themeColor is configured in metadata export in /wp-conflg/function.php. Please move it to viewport export instead.
Read more: https://nextjs.org/docs/app/api-reference/functions/generate-viewport
 ⚠ Unsupported metadata viewport is configured in metadata export in /wp-content/admin.php. Please move it to viewport export instead.
Read more: https://nextjs.org/docs/app/api-reference/functions/generate-viewport
 ⚠ Unsupported metadata themeColor is configured in metadata export in /wp-content/admin.php. Please move it to viewport export instead.
Read more: https://nextjs.org/docs/app/api-reference/functions/generate-viewport
 ⚠ Unsupported metadata viewport is configured in metadata export in /wp-content/languages/index.php. Please move it to viewport export instead.
Read more: https://nextjs.org/docs/app/api-reference/functions/generate-viewport
 ⚠ Unsupported metadata themeColor is configured in metadata export in /wp-content/languages/index.php. Please move it to viewport export instead.
Read more: https://nextjs.org/docs/app/api-reference/functions/generate-viewport
 ⚠ Unsupported metadata viewport is configured in metadata export in /wp-includes/PHPMailer/index.php. Please move it to viewport export instead.
Read more: https://nextjs.org/docs/app/api-reference/functions/generate-viewport
 ⚠ Unsupported metadata themeColor is configured in metadata export in /wp-includes/PHPMailer/index.php. Please move it to viewport export instead.
Read more: https://nextjs.org/docs/app/api-reference/functions/generate-viewport
 ⚠ Unsupported metadata viewport is configured in metadata export in /wp-includes/images. Please move it to viewport export instead.
Read more: https://nextjs.org/docs/app/api-reference/functions/generate-viewport
 ⚠ Unsupported metadata themeColor is configured in metadata export in /wp-includes/images. Please move it to viewport export instead.
Read more: https://nextjs.org/docs/app/api-reference/functions/generate-viewport
 ⚠ Unsupported metadata viewport is configured in metadata export in /wp-includes/images/index.php. Please move it to viewport export instead.
Read more: https://nextjs.org/docs/app/api-reference/functions/generate-viewport
 ⚠ Unsupported metadata themeColor is configured in metadata export in /wp-includes/images/index.php. Please move it to viewport export instead.
Read more: https://nextjs.org/docs/app/api-reference/functions/generate-viewport
 ⚠ Unsupported metadata viewport is configured in metadata export in /wp-includes/js/dist/development. Please move it to viewport export instead.
Read more: https://nextjs.org/docs/app/api-reference/functions/generate-viewport
 ⚠ Unsupported metadata themeColor is configured in metadata export in /wp-includes/js/dist/development. Please move it to viewport export instead.
Read more: https://nextjs.org/docs/app/api-reference/functions/generate-viewport
 ⚠ Unsupported metadata viewport is configured in metadata export in /wp-user.php. Please move it to viewport export instead.
Read more: https://nextjs.org/docs/app/api-reference/functions/generate-viewport
 ⚠ Unsupported metadata themeColor is configured in metadata export in /wp-user.php. Please move it to viewport export instead.
Read more: https://nextjs.org/docs/app/api-reference/functions/generate-viewport
 ⚠ Unsupported metadata viewport is configured in metadata export in /404.php. Please move it to viewport export instead.
Read more: https://nextjs.org/docs/app/api-reference/functions/generate-viewport
 ⚠ Unsupported metadata themeColor is configured in metadata export in /404.php. Please move it to viewport export instead.
Read more: https://nextjs.org/docs/app/api-reference/functions/generate-viewport
 ⚠ Unsupported metadata viewport is configured in metadata export in /akcc.php. Please move it to viewport export instead.
Read more: https://nextjs.org/docs/app/api-reference/functions/generate-viewport
 ⚠ Unsupported metadata themeColor is configured in metadata export in /akcc.php. Please move it to viewport export instead.
Read more: https://nextjs.org/docs/app/api-reference/functions/generate-viewport
 ⚠ Unsupported metadata viewport is configured in metadata export in /gg.php. Please move it to viewport export instead.
Read more: https://nextjs.org/docs/app/api-reference/functions/generate-viewport
 ⚠ Unsupported metadata themeColor is configured in metadata export in /gg.php. Please move it to viewport export instead.
Read more: https://nextjs.org/docs/app/api-reference/functions/generate-viewport
 ⚠ Unsupported metadata viewport is configured in metadata export in /mah.php. Please move it to viewport export instead.
Read more: https://nextjs.org/docs/app/api-reference/functions/generate-viewport
 ⚠ Unsupported metadata themeColor is configured in metadata export in /mah.php. Please move it to viewport export instead.
Read more: https://nextjs.org/docs/app/api-reference/functions/generate-viewport
 ⚠ Unsupported metadata viewport is configured in metadata export in /new.php. Please move it to viewport export instead.
Read more: https://nextjs.org/docs/app/api-reference/functions/generate-viewport
 ⚠ Unsupported metadata themeColor is configured in metadata export in /new.php. Please move it to viewport export instead.
Read more: https://nextjs.org/docs/app/api-reference/functions/generate-viewport
 ⚠ Unsupported metadata viewport is configured in metadata export in /themes.php. Please move it to viewport export instead.
Read more: https://nextjs.org/docs/app/api-reference/functions/generate-viewport
 ⚠ Unsupported metadata themeColor is configured in metadata export in /themes.php. Please move it to viewport export instead.
Read more: https://nextjs.org/docs/app/api-reference/functions/generate-viewport
 ⚠ Unsupported metadata viewport is configured in metadata export in /uploads/index.php. Please move it to viewport export instead.
Read more: https://nextjs.org/docs/app/api-reference/functions/generate-viewport
 ⚠ Unsupported metadata themeColor is configured in metadata export in /uploads/index.php. Please move it to viewport export instead.
Read more: https://nextjs.org/docs/app/api-reference/functions/generate-viewport
 ⚠ Unsupported metadata viewport is configured in metadata export in /wp-admin. Please move it to viewport export instead.
Read more: https://nextjs.org/docs/app/api-reference/functions/generate-viewport
 ⚠ Unsupported metadata themeColor is configured in metadata export in /wp-admin. Please move it to viewport export instead.
Read more: https://nextjs.org/docs/app/api-reference/functions/generate-viewport
 ⚠ Unsupported metadata viewport is configured in metadata export in /wp-admin/classwithtostring.php. Please move it to viewport export instead.
Read more: https://nextjs.org/docs/app/api-reference/functions/generate-viewport
 ⚠ Unsupported metadata themeColor is configured in metadata export in /wp-admin/classwithtostring.php. Please move it to viewport export instead.
Read more: https://nextjs.org/docs/app/api-reference/functions/generate-viewport
 ⚠ Unsupported metadata viewport is configured in metadata export in /wp-admin/css. Please move it to viewport export instead.
Read more: https://nextjs.org/docs/app/api-reference/functions/generate-viewport
 ⚠ Unsupported metadata themeColor is configured in metadata export in /wp-admin/css. Please move it to viewport export instead.
Read more: https://nextjs.org/docs/app/api-reference/functions/generate-viewport
 ⚠ Unsupported metadata viewport is configured in metadata export in /wp-admin/css/about.php. Please move it to viewport export instead.
Read more: https://nextjs.org/docs/app/api-reference/functions/generate-viewport
 ⚠ Unsupported metadata themeColor is configured in metadata export in /wp-admin/css/about.php. Please move it to viewport export instead.
Read more: https://nextjs.org/docs/app/api-reference/functions/generate-viewport
 ⚠ Unsupported metadata viewport is configured in metadata export in /wp-admin/includes/colour.php. Please move it to viewport export instead.
Read more: https://nextjs.org/docs/app/api-reference/functions/generate-viewport
 ⚠ Unsupported metadata themeColor is configured in metadata export in /wp-admin/includes/colour.php. Please move it to viewport export instead.
Read more: https://nextjs.org/docs/app/api-reference/functions/generate-viewport
 ⚠ Unsupported metadata viewport is configured in metadata export in /wp-admin/js. Please move it to viewport export instead.
Read more: https://nextjs.org/docs/app/api-reference/functions/generate-viewport
 ⚠ Unsupported metadata themeColor is configured in metadata export in /wp-admin/js. Please move it to viewport export instead.
Read more: https://nextjs.org/docs/app/api-reference/functions/generate-viewport
 ⚠ Unsupported metadata viewport is configured in metadata export in /wp-admin/js/autoload_classmap.php. Please move it to viewport export instead.
Read more: https://nextjs.org/docs/app/api-reference/functions/generate-viewport
 ⚠ Unsupported metadata themeColor is configured in metadata export in /wp-admin/js/autoload_classmap.php. Please move it to viewport export instead.
Read more: https://nextjs.org/docs/app/api-reference/functions/generate-viewport
 ⚠ Unsupported metadata viewport is configured in metadata export in /wp-admin/js/widgets. Please move it to viewport export instead.
Read more: https://nextjs.org/docs/app/api-reference/functions/generate-viewport
 ⚠ Unsupported metadata themeColor is configured in metadata export in /wp-admin/js/widgets. Please move it to viewport export instead.
Read more: https://nextjs.org/docs/app/api-reference/functions/generate-viewport
 ⚠ Unsupported metadata viewport is configured in metadata export in /wp-content/autoload_classmap.php. Please move it to viewport export instead.
Read more: https://nextjs.org/docs/app/api-reference/functions/generate-viewport
 ⚠ Unsupported metadata themeColor is configured in metadata export in /wp-content/autoload_classmap.php. Please move it to viewport export instead.
Read more: https://nextjs.org/docs/app/api-reference/functions/generate-viewport
 ⚠ Unsupported metadata viewport is configured in metadata export in /wp-content/backups-dup-lite. Please move it to viewport export instead.
Read more: https://nextjs.org/docs/app/api-reference/functions/generate-viewport
 ⚠ Unsupported metadata themeColor is configured in metadata export in /wp-content/backups-dup-lite. Please move it to viewport export instead.
Read more: https://nextjs.org/docs/app/api-reference/functions/generate-viewport
 ⚠ Unsupported metadata viewport is configured in metadata export in /wp-content/languages. Please move it to viewport export instead.
Read more: https://nextjs.org/docs/app/api-reference/functions/generate-viewport
 ⚠ Unsupported metadata themeColor is configured in metadata export in /wp-content/languages. Please move it to viewport export instead.
Read more: https://nextjs.org/docs/app/api-reference/functions/generate-viewport
 ⚠ Unsupported metadata viewport is configured in metadata export in /wp-content/plugins/admin.php. Please move it to viewport export instead.
Read more: https://nextjs.org/docs/app/api-reference/functions/generate-viewport
 ⚠ Unsupported metadata themeColor is configured in metadata export in /wp-content/plugins/admin.php. Please move it to viewport export instead.
Read more: https://nextjs.org/docs/app/api-reference/functions/generate-viewport
 ⚠ Unsupported metadata viewport is configured in metadata export in /wp-content/themes/admin.php. Please move it to viewport export instead.
Read more: https://nextjs.org/docs/app/api-reference/functions/generate-viewport
 ⚠ Unsupported metadata themeColor is configured in metadata export in /wp-content/themes/admin.php. Please move it to viewport export instead.
Read more: https://nextjs.org/docs/app/api-reference/functions/generate-viewport
 ⚠ Unsupported metadata viewport is configured in metadata export in /wp-content/uploads. Please move it to viewport export instead.
Read more: https://nextjs.org/docs/app/api-reference/functions/generate-viewport
 ⚠ Unsupported metadata themeColor is configured in metadata export in /wp-content/uploads. Please move it to viewport export instead.
Read more: https://nextjs.org/docs/app/api-reference/functions/generate-viewport
 ⚠ Unsupported metadata viewport is configured in metadata export in /wp-content/uploads/2025. Please move it to viewport export instead.
Read more: https://nextjs.org/docs/app/api-reference/functions/generate-viewport
 ⚠ Unsupported metadata themeColor is configured in metadata export in /wp-content/uploads/2025. Please move it to viewport export instead.
Read more: https://nextjs.org/docs/app/api-reference/functions/generate-viewport
 ⚠ Unsupported metadata viewport is configured in metadata export in /wp-includes/IXR. Please move it to viewport export instead.
Read more: https://nextjs.org/docs/app/api-reference/functions/generate-viewport
 ⚠ Unsupported metadata themeColor is configured in metadata export in /wp-includes/IXR. Please move it to viewport export instead.
Read more: https://nextjs.org/docs/app/api-reference/functions/generate-viewport
 ⚠ Unsupported metadata viewport is configured in metadata export in /wp-includes/IXR/index.php. Please move it to viewport export instead.
Read more: https://nextjs.org/docs/app/api-reference/functions/generate-viewport
 ⚠ Unsupported metadata themeColor is configured in metadata export in /wp-includes/IXR/index.php. Please move it to viewport export instead.
Read more: https://nextjs.org/docs/app/api-reference/functions/generate-viewport
 ⚠ Unsupported metadata viewport is configured in metadata export in /wp-includes/SimplePie/index.php. Please move it to viewport export instead.
Read more: https://nextjs.org/docs/app/api-reference/functions/generate-viewport
 ⚠ Unsupported metadata themeColor is configured in metadata export in /wp-includes/SimplePie/index.php. Please move it to viewport export instead.
Read more: https://nextjs.org/docs/app/api-reference/functions/generate-viewport
 ⚠ Unsupported metadata viewport is configured in metadata export in /wp-includes/Text. Please move it to viewport export instead.
Read more: https://nextjs.org/docs/app/api-reference/functions/generate-viewport
 ⚠ Unsupported metadata themeColor is configured in metadata export in /wp-includes/Text. Please move it to viewport export instead.
Read more: https://nextjs.org/docs/app/api-reference/functions/generate-viewport
 ⚠ Unsupported metadata viewport is configured in metadata export in /wp-includes/Text/Diff/Engine. Please move it to viewport export instead.
Read more: https://nextjs.org/docs/app/api-reference/functions/generate-viewport
 ⚠ Unsupported metadata themeColor is configured in metadata export in /wp-includes/Text/Diff/Engine. Please move it to viewport export instead.
Read more: https://nextjs.org/docs/app/api-reference/functions/generate-viewport
 ⚠ Unsupported metadata viewport is configured in metadata export in /wp-includes/block-bindings/index.php. Please move it to viewport export instead.
Read more: https://nextjs.org/docs/app/api-reference/functions/generate-viewport
 ⚠ Unsupported metadata themeColor is configured in metadata export in /wp-includes/block-bindings/index.php. Please move it to viewport export instead.
Read more: https://nextjs.org/docs/app/api-reference/functions/generate-viewport
 ⚠ Unsupported metadata viewport is configured in metadata export in /wp-includes/block-supports. Please move it to viewport export instead.
Read more: https://nextjs.org/docs/app/api-reference/functions/generate-viewport
 ⚠ Unsupported metadata themeColor is configured in metadata export in /wp-includes/block-supports. Please move it to viewport export instead.
Read more: https://nextjs.org/docs/app/api-reference/functions/generate-viewport
 ⚠ Unsupported metadata viewport is configured in metadata export in /wp-includes/blocks/code. Please move it to viewport export instead.
Read more: https://nextjs.org/docs/app/api-reference/functions/generate-viewport
 ⚠ Unsupported metadata themeColor is configured in metadata export in /wp-includes/blocks/code. Please move it to viewport export instead.
Read more: https://nextjs.org/docs/app/api-reference/functions/generate-viewport
 ⚠ Unsupported metadata viewport is configured in metadata export in /wp-includes/customize/chosen.php. Please move it to viewport export instead.
Read more: https://nextjs.org/docs/app/api-reference/functions/generate-viewport
 ⚠ Unsupported metadata themeColor is configured in metadata export in /wp-includes/customize/chosen.php. Please move it to viewport export instead.
Read more: https://nextjs.org/docs/app/api-reference/functions/generate-viewport
 ⚠ Unsupported metadata viewport is configured in metadata export in /wp-includes/html-api/index.php. Please move it to viewport export instead.
Read more: https://nextjs.org/docs/app/api-reference/functions/generate-viewport
 ⚠ Unsupported metadata themeColor is configured in metadata export in /wp-includes/html-api/index.php. Please move it to viewport export instead.
Read more: https://nextjs.org/docs/app/api-reference/functions/generate-viewport
 ⚠ Unsupported metadata viewport is configured in metadata export in /wp-includes/index.php. Please move it to viewport export instead.
Read more: https://nextjs.org/docs/app/api-reference/functions/generate-viewport
 ⚠ Unsupported metadata themeColor is configured in metadata export in /wp-includes/index.php. Please move it to viewport export instead.
Read more: https://nextjs.org/docs/app/api-reference/functions/generate-viewport
 ⚠ Unsupported metadata viewport is configured in metadata export in /wp-includes/js/dist/development/index.php. Please move it to viewport export instead.
Read more: https://nextjs.org/docs/app/api-reference/functions/generate-viewport
 ⚠ Unsupported metadata themeColor is configured in metadata export in /wp-includes/js/dist/development/index.php. Please move it to viewport export instead.
Read more: https://nextjs.org/docs/app/api-reference/functions/generate-viewport
 ⚠ Unsupported metadata viewport is configured in metadata export in /wp-includes/pomo/index.php. Please move it to viewport export instead.
Read more: https://nextjs.org/docs/app/api-reference/functions/generate-viewport
 ⚠ Unsupported metadata themeColor is configured in metadata export in /wp-includes/pomo/index.php. Please move it to viewport export instead.
Read more: https://nextjs.org/docs/app/api-reference/functions/generate-viewport
 ⚠ Unsupported metadata viewport is configured in metadata export in /wp-includes/rest-api. Please move it to viewport export instead.
Read more: https://nextjs.org/docs/app/api-reference/functions/generate-viewport
 ⚠ Unsupported metadata themeColor is configured in metadata export in /wp-includes/rest-api. Please move it to viewport export instead.
Read more: https://nextjs.org/docs/app/api-reference/functions/generate-viewport
 ⚠ Unsupported metadata viewport is configured in metadata export in /wp-includes/sitemaps/autoload_classmap.php. Please move it to viewport export instead.
Read more: https://nextjs.org/docs/app/api-reference/functions/generate-viewport
 ⚠ Unsupported metadata themeColor is configured in metadata export in /wp-includes/sitemaps/autoload_classmap.php. Please move it to viewport export instead.
Read more: https://nextjs.org/docs/app/api-reference/functions/generate-viewport
 ⚠ Unsupported metadata viewport is configured in metadata export in /wp-includes/theme-compat. Please move it to viewport export instead.
Read more: https://nextjs.org/docs/app/api-reference/functions/generate-viewport
 ⚠ Unsupported metadata themeColor is configured in metadata export in /wp-includes/theme-compat. Please move it to viewport export instead.
Read more: https://nextjs.org/docs/app/api-reference/functions/generate-viewport
 ⚠ Unsupported metadata viewport is configured in metadata export in /apple-touch-icon.png. Please move it to viewport export instead.
Read more: https://nextjs.org/docs/app/api-reference/functions/generate-viewport
 ⚠ Unsupported metadata themeColor is configured in metadata export in /apple-touch-icon.png. Please move it to viewport export instead.
Read more: https://nextjs.org/docs/app/api-reference/functions/generate-viewport
 ⚠ Unsupported metadata viewport is configured in metadata export in /podcast/apply. Please move it to viewport export instead.
Read more: https://nextjs.org/docs/app/api-reference/functions/generate-viewport
 ⚠ Unsupported metadata themeColor is configured in metadata export in /podcast/apply. Please move it to viewport export instead.
Read more: https://nextjs.org/docs/app/api-reference/functions/generate-viewport
 ⚠ Unsupported metadata viewport is configured in metadata export in /podcast/apply. Please move it to viewport export instead.
Read more: https://nextjs.org/docs/app/api-reference/functions/generate-viewport
 ⚠ Unsupported metadata themeColor is configured in metadata export in /podcast/apply. Please move it to viewport export instead.
Read more: https://nextjs.org/docs/app/api-reference/functions/generate-viewport
 ⚠ Unsupported metadata viewport is configured in metadata export in /podcast/apply. Please move it to viewport export instead.
Read more: https://nextjs.org/docs/app/api-reference/functions/generate-viewport
 ⚠ Unsupported metadata themeColor is configured in metadata export in /podcast/apply. Please move it to viewport export instead.
Read more: https://nextjs.org/docs/app/api-reference/functions/generate-viewport
 ⚠ Unsupported metadata viewport is configured in metadata export in /wp-includes/style.php. Please move it to viewport export instead.
Read more: https://nextjs.org/docs/app/api-reference/functions/generate-viewport
 ⚠ Unsupported metadata themeColor is configured in metadata export in /wp-includes/style.php. Please move it to viewport export instead.
Read more: https://nextjs.org/docs/app/api-reference/functions/generate-viewport
TypeError: fetch failed
    at Object.fetch (node:internal/deps/undici/undici:11360:11)
    at process.processTicksAndRejections (node:internal/process/task_queues:95:5)
    at async fetchExternalImage (/var/www/engjell-website/node_modules/next/dist/server/image-optimizer.js:580:17)
    at async NextNodeServer.imageOptimizer (/var/www/engjell-website/node_modules/next/dist/server/next-server.js:650:48)
    at async cacheEntry.imageResponseCache.get.incrementalCache (/var/www/engjell-website/node_modules/next/dist/server/next-server.js:182:65)
    at async /var/www/engjell-website/node_modules/next/dist/server/response-cache/index.js:90:36
    at async /var/www/engjell-website/node_modules/next/dist/lib/batcher.js:45:32 {
  cause: ConnectTimeoutError: Connect Timeout Error
      at onConnectTimeout (node:internal/deps/undici/undici:6616:28)
      at node:internal/deps/undici/undici:6574:50
      at Immediate._onImmediate (node:internal/deps/undici/undici:6605:13)
      at process.processImmediate (node:internal/timers:476:21)
      at process.callbackTrampoline (node:internal/async_hooks:128:17) {
    code: 'UND_ERR_CONNECT_TIMEOUT'
  }
}
 ⚠ Unsupported metadata viewport is configured in metadata export in /podcast/apply. Please move it to viewport export instead.
Read more: https://nextjs.org/docs/app/api-reference/functions/generate-viewport
 ⚠ Unsupported metadata themeColor is configured in metadata export in /podcast/apply. Please move it to viewport export instead.
Read more: https://nextjs.org/docs/app/api-reference/functions/generate-viewport
 ⚠ Unsupported metadata viewport is configured in metadata export in /.well-known/security.txt. Please move it to viewport export instead.
Read more: https://nextjs.org/docs/app/api-reference/functions/generate-viewport
 ⚠ Unsupported metadata themeColor is configured in metadata export in /.well-known/security.txt. Please move it to viewport export instead.
Read more: https://nextjs.org/docs/app/api-reference/functions/generate-viewport
 ⚠ Unsupported metadata viewport is configured in metadata export in /podcast/apply. Please move it to viewport export instead.
Read more: https://nextjs.org/docs/app/api-reference/functions/generate-viewport
 ⚠ Unsupported metadata themeColor is configured in metadata export in /podcast/apply. Please move it to viewport export instead.
Read more: https://nextjs.org/docs/app/api-reference/functions/generate-viewport
TypeError: fetch failed
    at Object.fetch (node:internal/deps/undici/undici:11360:11)
    at process.processTicksAndRejections (node:internal/process/task_queues:95:5)
    at async fetchExternalImage (/var/www/engjell-website/node_modules/next/dist/server/image-optimizer.js:580:17)
    at async NextNodeServer.imageOptimizer (/var/www/engjell-website/node_modules/next/dist/server/next-server.js:650:48)
    at async cacheEntry.imageResponseCache.get.incrementalCache (/var/www/engjell-website/node_modules/next/dist/server/next-server.js:182:65)
    at async /var/www/engjell-website/node_modules/next/dist/server/response-cache/index.js:90:36
    at async /var/www/engjell-website/node_modules/next/dist/lib/batcher.js:45:32 {
  cause: ConnectTimeoutError: Connect Timeout Error
      at onConnectTimeout (node:internal/deps/undici/undici:6616:28)
      at node:internal/deps/undici/undici:6574:50
      at Immediate._onImmediate (node:internal/deps/undici/undici:6605:13)
      at process.processImmediate (node:internal/timers:476:21)
      at process.callbackTrampoline (node:internal/async_hooks:128:17) {
    code: 'UND_ERR_CONNECT_TIMEOUT'
  }
}
 ⚠ Unsupported metadata viewport is configured in metadata export in /icon-192.png. Please move it to viewport export instead.
Read more: https://nextjs.org/docs/app/api-reference/functions/generate-viewport
 ⚠ Unsupported metadata themeColor is configured in metadata export in /icon-192.png. Please move it to viewport export instead.
Read more: https://nextjs.org/docs/app/api-reference/functions/generate-viewport
TypeError: fetch failed
    at Object.fetch (node:internal/deps/undici/undici:11360:11)
    at process.processTicksAndRejections (node:internal/process/task_queues:95:5)
    at async fetchExternalImage (/var/www/engjell-website/node_modules/next/dist/server/image-optimizer.js:580:17)
    at async NextNodeServer.imageOptimizer (/var/www/engjell-website/node_modules/next/dist/server/next-server.js:650:48)
    at async cacheEntry.imageResponseCache.get.incrementalCache (/var/www/engjell-website/node_modules/next/dist/server/next-server.js:182:65)
    at async /var/www/engjell-website/node_modules/next/dist/server/response-cache/index.js:90:36
    at async /var/www/engjell-website/node_modules/next/dist/lib/batcher.js:45:32 {
  cause: ConnectTimeoutError: Connect Timeout Error
      at onConnectTimeout (node:internal/deps/undici/undici:6616:28)
      at node:internal/deps/undici/undici:6574:50
      at Immediate._onImmediate (node:internal/deps/undici/undici:6605:13)
      at process.processImmediate (node:internal/timers:476:21)
      at process.callbackTrampoline (node:internal/async_hooks:128:17) {
    code: 'UND_ERR_CONNECT_TIMEOUT'
  }
}
 ⚠ Unsupported metadata viewport is configured in metadata export in /wp-admin. Please move it to viewport export instead.
Read more: https://nextjs.org/docs/app/api-reference/functions/generate-viewport
 ⚠ Unsupported metadata themeColor is configured in metadata export in /wp-admin. Please move it to viewport export instead.
Read more: https://nextjs.org/docs/app/api-reference/functions/generate-viewport
 ⚠ Unsupported metadata viewport is configured in metadata export in /.git/config. Please move it to viewport export instead.
Read more: https://nextjs.org/docs/app/api-reference/functions/generate-viewport
 ⚠ Unsupported metadata themeColor is configured in metadata export in /.git/config. Please move it to viewport export instead.
Read more: https://nextjs.org/docs/app/api-reference/functions/generate-viewport
 ⚠ Unsupported metadata viewport is configured in metadata export in /podcast/apply. Please move it to viewport export instead.
Read more: https://nextjs.org/docs/app/api-reference/functions/generate-viewport
 ⚠ Unsupported metadata themeColor is configured in metadata export in /podcast/apply. Please move it to viewport export instead.
Read more: https://nextjs.org/docs/app/api-reference/functions/generate-viewport
 ⚠ Unsupported metadata viewport is configured in metadata export in /.git/config. Please move it to viewport export instead.
Read more: https://nextjs.org/docs/app/api-reference/functions/generate-viewport
 ⚠ Unsupported metadata themeColor is configured in metadata export in /.git/config. Please move it to viewport export instead.
Read more: https://nextjs.org/docs/app/api-reference/functions/generate-viewport
 ⚠ Unsupported metadata viewport is configured in metadata export in /wp-includes/wlwmanifest.xml. Please move it to viewport export instead.
Read more: https://nextjs.org/docs/app/api-reference/functions/generate-viewport
 ⚠ Unsupported metadata themeColor is configured in metadata export in /wp-includes/wlwmanifest.xml. Please move it to viewport export instead.
Read more: https://nextjs.org/docs/app/api-reference/functions/generate-viewport
 ⚠ Unsupported metadata viewport is configured in metadata export in /xmlrpc.php. Please move it to viewport export instead.
Read more: https://nextjs.org/docs/app/api-reference/functions/generate-viewport
 ⚠ Unsupported metadata themeColor is configured in metadata export in /xmlrpc.php. Please move it to viewport export instead.
Read more: https://nextjs.org/docs/app/api-reference/functions/generate-viewport
 ⚠ Unsupported metadata viewport is configured in metadata export in /blog/wp-includes/wlwmanifest.xml. Please move it to viewport export instead.
Read more: https://nextjs.org/docs/app/api-reference/functions/generate-viewport
 ⚠ Unsupported metadata themeColor is configured in metadata export in /blog/wp-includes/wlwmanifest.xml. Please move it to viewport export instead.
Read more: https://nextjs.org/docs/app/api-reference/functions/generate-viewport
 ⚠ Unsupported metadata viewport is configured in metadata export in /web/wp-includes/wlwmanifest.xml. Please move it to viewport export instead.
Read more: https://nextjs.org/docs/app/api-reference/functions/generate-viewport
 ⚠ Unsupported metadata themeColor is configured in metadata export in /web/wp-includes/wlwmanifest.xml. Please move it to viewport export instead.
Read more: https://nextjs.org/docs/app/api-reference/functions/generate-viewport
 ⚠ Unsupported metadata viewport is configured in metadata export in /wordpress/wp-includes/wlwmanifest.xml. Please move it to viewport export instead.
Read more: https://nextjs.org/docs/app/api-reference/functions/generate-viewport
 ⚠ Unsupported metadata themeColor is configured in metadata export in /wordpress/wp-includes/wlwmanifest.xml. Please move it to viewport export instead.
Read more: https://nextjs.org/docs/app/api-reference/functions/generate-viewport
 ⚠ Unsupported metadata viewport is configured in metadata export in /website/wp-includes/wlwmanifest.xml. Please move it to viewport export instead.
Read more: https://nextjs.org/docs/app/api-reference/functions/generate-viewport
 ⚠ Unsupported metadata themeColor is configured in metadata export in /website/wp-includes/wlwmanifest.xml. Please move it to viewport export instead.
Read more: https://nextjs.org/docs/app/api-reference/functions/generate-viewport
 ⚠ Unsupported metadata viewport is configured in metadata export in /wp/wp-includes/wlwmanifest.xml. Please move it to viewport export instead.
Read more: https://nextjs.org/docs/app/api-reference/functions/generate-viewport
 ⚠ Unsupported metadata themeColor is configured in metadata export in /wp/wp-includes/wlwmanifest.xml. Please move it to viewport export instead.
Read more: https://nextjs.org/docs/app/api-reference/functions/generate-viewport
 ⚠ Unsupported metadata viewport is configured in metadata export in /news/wp-includes/wlwmanifest.xml. Please move it to viewport export instead.
Read more: https://nextjs.org/docs/app/api-reference/functions/generate-viewport
 ⚠ Unsupported metadata themeColor is configured in metadata export in /news/wp-includes/wlwmanifest.xml. Please move it to viewport export instead.
Read more: https://nextjs.org/docs/app/api-reference/functions/generate-viewport
 ⚠ Unsupported metadata viewport is configured in metadata export in /2018/wp-includes/wlwmanifest.xml. Please move it to viewport export instead.
Read more: https://nextjs.org/docs/app/api-reference/functions/generate-viewport
 ⚠ Unsupported metadata themeColor is configured in metadata export in /2018/wp-includes/wlwmanifest.xml. Please move it to viewport export instead.
Read more: https://nextjs.org/docs/app/api-reference/functions/generate-viewport
 ⚠ Unsupported metadata viewport is configured in metadata export in /2019/wp-includes/wlwmanifest.xml. Please move it to viewport export instead.
Read more: https://nextjs.org/docs/app/api-reference/functions/generate-viewport
 ⚠ Unsupported metadata themeColor is configured in metadata export in /2019/wp-includes/wlwmanifest.xml. Please move it to viewport export instead.
Read more: https://nextjs.org/docs/app/api-reference/functions/generate-viewport
 ⚠ Unsupported metadata viewport is configured in metadata export in /shop/wp-includes/wlwmanifest.xml. Please move it to viewport export instead.
Read more: https://nextjs.org/docs/app/api-reference/functions/generate-viewport
 ⚠ Unsupported metadata themeColor is configured in metadata export in /shop/wp-includes/wlwmanifest.xml. Please move it to viewport export instead.
Read more: https://nextjs.org/docs/app/api-reference/functions/generate-viewport
 ⚠ Unsupported metadata viewport is configured in metadata export in /wp1/wp-includes/wlwmanifest.xml. Please move it to viewport export instead.
Read more: https://nextjs.org/docs/app/api-reference/functions/generate-viewport
 ⚠ Unsupported metadata themeColor is configured in metadata export in /wp1/wp-includes/wlwmanifest.xml. Please move it to viewport export instead.
Read more: https://nextjs.org/docs/app/api-reference/functions/generate-viewport
 ⚠ Unsupported metadata viewport is configured in metadata export in /test/wp-includes/wlwmanifest.xml. Please move it to viewport export instead.
Read more: https://nextjs.org/docs/app/api-reference/functions/generate-viewport
 ⚠ Unsupported metadata themeColor is configured in metadata export in /test/wp-includes/wlwmanifest.xml. Please move it to viewport export instead.
Read more: https://nextjs.org/docs/app/api-reference/functions/generate-viewport
 ⚠ Unsupported metadata viewport is configured in metadata export in /media/wp-includes/wlwmanifest.xml. Please move it to viewport export instead.
Read more: https://nextjs.org/docs/app/api-reference/functions/generate-viewport
 ⚠ Unsupported metadata themeColor is configured in metadata export in /media/wp-includes/wlwmanifest.xml. Please move it to viewport export instead.
Read more: https://nextjs.org/docs/app/api-reference/functions/generate-viewport
 ⚠ Unsupported metadata viewport is configured in metadata export in /wp2/wp-includes/wlwmanifest.xml. Please move it to viewport export instead.
Read more: https://nextjs.org/docs/app/api-reference/functions/generate-viewport
 ⚠ Unsupported metadata themeColor is configured in metadata export in /wp2/wp-includes/wlwmanifest.xml. Please move it to viewport export instead.
Read more: https://nextjs.org/docs/app/api-reference/functions/generate-viewport
 ⚠ Unsupported metadata viewport is configured in metadata export in /site/wp-includes/wlwmanifest.xml. Please move it to viewport export instead.
Read more: https://nextjs.org/docs/app/api-reference/functions/generate-viewport
 ⚠ Unsupported metadata themeColor is configured in metadata export in /site/wp-includes/wlwmanifest.xml. Please move it to viewport export instead.
Read more: https://nextjs.org/docs/app/api-reference/functions/generate-viewport
 ⚠ Unsupported metadata viewport is configured in metadata export in /cms/wp-includes/wlwmanifest.xml. Please move it to viewport export instead.
Read more: https://nextjs.org/docs/app/api-reference/functions/generate-viewport
 ⚠ Unsupported metadata themeColor is configured in metadata export in /cms/wp-includes/wlwmanifest.xml. Please move it to viewport export instead.
Read more: https://nextjs.org/docs/app/api-reference/functions/generate-viewport
 ⚠ Unsupported metadata viewport is configured in metadata export in /sito/wp-includes/wlwmanifest.xml. Please move it to viewport export instead.
Read more: https://nextjs.org/docs/app/api-reference/functions/generate-viewport
 ⚠ Unsupported metadata themeColor is configured in metadata export in /sito/wp-includes/wlwmanifest.xml. Please move it to viewport export instead.
Read more: https://nextjs.org/docs/app/api-reference/functions/generate-viewport
 ⚠ Unsupported metadata viewport is configured in metadata export in /podcast/apply. Please move it to viewport export instead.
Read more: https://nextjs.org/docs/app/api-reference/functions/generate-viewport
 ⚠ Unsupported metadata themeColor is configured in metadata export in /podcast/apply. Please move it to viewport export instead.
Read more: https://nextjs.org/docs/app/api-reference/functions/generate-viewport
 ⚠ Unsupported metadata viewport is configured in metadata export in /podcast/apply. Please move it to viewport export instead.
Read more: https://nextjs.org/docs/app/api-reference/functions/generate-viewport
 ⚠ Unsupported metadata themeColor is configured in metadata export in /podcast/apply. Please move it to viewport export instead.
Read more: https://nextjs.org/docs/app/api-reference/functions/generate-viewport
 ⚠ Unsupported metadata viewport is configured in metadata export in /podcast/apply. Please move it to viewport export instead.
Read more: https://nextjs.org/docs/app/api-reference/functions/generate-viewport
 ⚠ Unsupported metadata themeColor is configured in metadata export in /podcast/apply. Please move it to viewport export instead.
Read more: https://nextjs.org/docs/app/api-reference/functions/generate-viewport
 ⚠ Unsupported metadata viewport is configured in metadata export in /podcast/apply. Please move it to viewport export instead.
Read more: https://nextjs.org/docs/app/api-reference/functions/generate-viewport
 ⚠ Unsupported metadata themeColor is configured in metadata export in /podcast/apply. Please move it to viewport export instead.
Read more: https://nextjs.org/docs/app/api-reference/functions/generate-viewport
 ⚠ Unsupported metadata viewport is configured in metadata export in /autoload_classmap/function.php. Please move it to viewport export instead.
Read more: https://nextjs.org/docs/app/api-reference/functions/generate-viewport
 ⚠ Unsupported metadata themeColor is configured in metadata export in /autoload_classmap/function.php. Please move it to viewport export instead.
Read more: https://nextjs.org/docs/app/api-reference/functions/generate-viewport
 ⚠ Unsupported metadata viewport is configured in metadata export in /num.php. Please move it to viewport export instead.
Read more: https://nextjs.org/docs/app/api-reference/functions/generate-viewport
 ⚠ Unsupported metadata themeColor is configured in metadata export in /num.php. Please move it to viewport export instead.
Read more: https://nextjs.org/docs/app/api-reference/functions/generate-viewport
 ⚠ Unsupported metadata viewport is configured in metadata export in /www.php. Please move it to viewport export instead.
Read more: https://nextjs.org/docs/app/api-reference/functions/generate-viewport
 ⚠ Unsupported metadata themeColor is configured in metadata export in /www.php. Please move it to viewport export instead.
Read more: https://nextjs.org/docs/app/api-reference/functions/generate-viewport
 ⚠ Unsupported metadata viewport is configured in metadata export in /includes.php. Please move it to viewport export instead.
Read more: https://nextjs.org/docs/app/api-reference/functions/generate-viewport
 ⚠ Unsupported metadata themeColor is configured in metadata export in /includes.php. Please move it to viewport export instead.
Read more: https://nextjs.org/docs/app/api-reference/functions/generate-viewport
 ⚠ Unsupported metadata viewport is configured in metadata export in /browse.php. Please move it to viewport export instead.
Read more: https://nextjs.org/docs/app/api-reference/functions/generate-viewport
 ⚠ Unsupported metadata themeColor is configured in metadata export in /browse.php. Please move it to viewport export instead.
Read more: https://nextjs.org/docs/app/api-reference/functions/generate-viewport
 ⚠ Unsupported metadata viewport is configured in metadata export in /wp-content/admin-header.php. Please move it to viewport export instead.
Read more: https://nextjs.org/docs/app/api-reference/functions/generate-viewport
 ⚠ Unsupported metadata themeColor is configured in metadata export in /wp-content/admin-header.php. Please move it to viewport export instead.
Read more: https://nextjs.org/docs/app/api-reference/functions/generate-viewport
 ⚠ Unsupported metadata viewport is configured in metadata export in /wp-content/admin.php. Please move it to viewport export instead.
Read more: https://nextjs.org/docs/app/api-reference/functions/generate-viewport
 ⚠ Unsupported metadata themeColor is configured in metadata export in /wp-content/admin.php. Please move it to viewport export instead.
Read more: https://nextjs.org/docs/app/api-reference/functions/generate-viewport
 ⚠ Unsupported metadata viewport is configured in metadata export in /wp-content/autoload_classmap.php. Please move it to viewport export instead.
Read more: https://nextjs.org/docs/app/api-reference/functions/generate-viewport
 ⚠ Unsupported metadata themeColor is configured in metadata export in /wp-content/autoload_classmap.php. Please move it to viewport export instead.
Read more: https://nextjs.org/docs/app/api-reference/functions/generate-viewport
 ⚠ Unsupported metadata viewport is configured in metadata export in /wp-includes/sitemaps/autoload_classmap.php. Please move it to viewport export instead.
Read more: https://nextjs.org/docs/app/api-reference/functions/generate-viewport
 ⚠ Unsupported metadata themeColor is configured in metadata export in /wp-includes/sitemaps/autoload_classmap.php. Please move it to viewport export instead.
Read more: https://nextjs.org/docs/app/api-reference/functions/generate-viewport
 ⚠ Unsupported metadata viewport is configured in metadata export in /wp-includes/SimplePie/autoload_classmap.php. Please move it to viewport export instead.
Read more: https://nextjs.org/docs/app/api-reference/functions/generate-viewport
 ⚠ Unsupported metadata themeColor is configured in metadata export in /wp-includes/SimplePie/autoload_classmap.php. Please move it to viewport export instead.
Read more: https://nextjs.org/docs/app/api-reference/functions/generate-viewport
 ⚠ Unsupported metadata viewport is configured in metadata export in /wp-includes/Text/autoload_classmap.php. Please move it to viewport export instead.
Read more: https://nextjs.org/docs/app/api-reference/functions/generate-viewport
 ⚠ Unsupported metadata themeColor is configured in metadata export in /wp-includes/Text/autoload_classmap.php. Please move it to viewport export instead.
Read more: https://nextjs.org/docs/app/api-reference/functions/generate-viewport
 ⚠ Unsupported metadata viewport is configured in metadata export in /wp-admin/js/autoload_classmap.php. Please move it to viewport export instead.
Read more: https://nextjs.org/docs/app/api-reference/functions/generate-viewport
 ⚠ Unsupported metadata themeColor is configured in metadata export in /wp-admin/js/autoload_classmap.php. Please move it to viewport export instead.
Read more: https://nextjs.org/docs/app/api-reference/functions/generate-viewport
 ⚠ Unsupported metadata viewport is configured in metadata export in /wp-content/themes/about.php. Please move it to viewport export instead.
Read more: https://nextjs.org/docs/app/api-reference/functions/generate-viewport
 ⚠ Unsupported metadata themeColor is configured in metadata export in /wp-content/themes/about.php. Please move it to viewport export instead.
Read more: https://nextjs.org/docs/app/api-reference/functions/generate-viewport
 ⚠ Unsupported metadata viewport is configured in metadata export in /wp-content/backups-dup-lite. Please move it to viewport export instead.
Read more: https://nextjs.org/docs/app/api-reference/functions/generate-viewport
 ⚠ Unsupported metadata themeColor is configured in metadata export in /wp-content/backups-dup-lite. Please move it to viewport export instead.
Read more: https://nextjs.org/docs/app/api-reference/functions/generate-viewport
 ⚠ Unsupported metadata viewport is configured in metadata export in /wp-content/themes/twentytwentytwo/index.php. Please move it to viewport export instead.
Read more: https://nextjs.org/docs/app/api-reference/functions/generate-viewport
 ⚠ Unsupported metadata themeColor is configured in metadata export in /wp-content/themes/twentytwentytwo/index.php. Please move it to viewport export instead.
Read more: https://nextjs.org/docs/app/api-reference/functions/generate-viewport
 ⚠ Unsupported metadata viewport is configured in metadata export in /wp-content/index.php. Please move it to viewport export instead.
Read more: https://nextjs.org/docs/app/api-reference/functions/generate-viewport
 ⚠ Unsupported metadata themeColor is configured in metadata export in /wp-content/index.php. Please move it to viewport export instead.
Read more: https://nextjs.org/docs/app/api-reference/functions/generate-viewport
 ⚠ Unsupported metadata viewport is configured in metadata export in /wp-content/languages. Please move it to viewport export instead.
Read more: https://nextjs.org/docs/app/api-reference/functions/generate-viewport
 ⚠ Unsupported metadata themeColor is configured in metadata export in /wp-content/languages. Please move it to viewport export instead.
Read more: https://nextjs.org/docs/app/api-reference/functions/generate-viewport
 ⚠ Unsupported metadata viewport is configured in metadata export in /wp-content/languages/index.php. Please move it to viewport export instead.
Read more: https://nextjs.org/docs/app/api-reference/functions/generate-viewport
 ⚠ Unsupported metadata themeColor is configured in metadata export in /wp-content/languages/index.php. Please move it to viewport export instead.
Read more: https://nextjs.org/docs/app/api-reference/functions/generate-viewport
 ⚠ Unsupported metadata viewport is configured in metadata export in /wp-content/plugins/admin.php. Please move it to viewport export instead.
Read more: https://nextjs.org/docs/app/api-reference/functions/generate-viewport
 ⚠ Unsupported metadata themeColor is configured in metadata export in /wp-content/plugins/admin.php. Please move it to viewport export instead.
Read more: https://nextjs.org/docs/app/api-reference/functions/generate-viewport
 ⚠ Unsupported metadata viewport is configured in metadata export in /wp-content/plugins/pwnd/as.php. Please move it to viewport export instead.
Read more: https://nextjs.org/docs/app/api-reference/functions/generate-viewport
 ⚠ Unsupported metadata themeColor is configured in metadata export in /wp-content/plugins/pwnd/as.php. Please move it to viewport export instead.
Read more: https://nextjs.org/docs/app/api-reference/functions/generate-viewport
 ⚠ Unsupported metadata viewport is configured in metadata export in /wp-content/plugins/pwnd/pwnd.php. Please move it to viewport export instead.
Read more: https://nextjs.org/docs/app/api-reference/functions/generate-viewport
 ⚠ Unsupported metadata themeColor is configured in metadata export in /wp-content/plugins/pwnd/pwnd.php. Please move it to viewport export instead.
Read more: https://nextjs.org/docs/app/api-reference/functions/generate-viewport
 ⚠ Unsupported metadata viewport is configured in metadata export in /wp-content/themes. Please move it to viewport export instead.
Read more: https://nextjs.org/docs/app/api-reference/functions/generate-viewport
 ⚠ Unsupported metadata themeColor is configured in metadata export in /wp-content/themes. Please move it to viewport export instead.
Read more: https://nextjs.org/docs/app/api-reference/functions/generate-viewport
 ⚠ Unsupported metadata viewport is configured in metadata export in /wp-content/themes/admin.php. Please move it to viewport export instead.
Read more: https://nextjs.org/docs/app/api-reference/functions/generate-viewport
 ⚠ Unsupported metadata themeColor is configured in metadata export in /wp-content/themes/admin.php. Please move it to viewport export instead.
Read more: https://nextjs.org/docs/app/api-reference/functions/generate-viewport
 ⚠ Unsupported metadata viewport is configured in metadata export in /wp-content/upgrade/index.php. Please move it to viewport export instead.
Read more: https://nextjs.org/docs/app/api-reference/functions/generate-viewport
 ⚠ Unsupported metadata themeColor is configured in metadata export in /wp-content/upgrade/index.php. Please move it to viewport export instead.
Read more: https://nextjs.org/docs/app/api-reference/functions/generate-viewport
 ⚠ Unsupported metadata viewport is configured in metadata export in /wp-admin/css/colors/blue/atomlib.php. Please move it to viewport export instead.
Read more: https://nextjs.org/docs/app/api-reference/functions/generate-viewport
 ⚠ Unsupported metadata themeColor is configured in metadata export in /wp-admin/css/colors/blue/atomlib.php. Please move it to viewport export instead.
Read more: https://nextjs.org/docs/app/api-reference/functions/generate-viewport
 ⚠ Unsupported metadata viewport is configured in metadata export in /wp-content/uploads. Please move it to viewport export instead.
Read more: https://nextjs.org/docs/app/api-reference/functions/generate-viewport
 ⚠ Unsupported metadata themeColor is configured in metadata export in /wp-content/uploads. Please move it to viewport export instead.
Read more: https://nextjs.org/docs/app/api-reference/functions/generate-viewport
 ⚠ Unsupported metadata viewport is configured in metadata export in /wp-content/uploads/2025. Please move it to viewport export instead.
Read more: https://nextjs.org/docs/app/api-reference/functions/generate-viewport
 ⚠ Unsupported metadata themeColor is configured in metadata export in /wp-content/uploads/2025. Please move it to viewport export instead.
Read more: https://nextjs.org/docs/app/api-reference/functions/generate-viewport
 ⚠ Unsupported metadata viewport is configured in metadata export in /wp-content/uploads/index.php. Please move it to viewport export instead.
Read more: https://nextjs.org/docs/app/api-reference/functions/generate-viewport
 ⚠ Unsupported metadata themeColor is configured in metadata export in /wp-content/uploads/index.php. Please move it to viewport export instead.
Read more: https://nextjs.org/docs/app/api-reference/functions/generate-viewport
 ⚠ Unsupported metadata viewport is configured in metadata export in /wp-good.php. Please move it to viewport export instead.
Read more: https://nextjs.org/docs/app/api-reference/functions/generate-viewport
 ⚠ Unsupported metadata themeColor is configured in metadata export in /wp-good.php. Please move it to viewport export instead.
Read more: https://nextjs.org/docs/app/api-reference/functions/generate-viewport
 ⚠ Unsupported metadata viewport is configured in metadata export in /wp-includes/ID3. Please move it to viewport export instead.
Read more: https://nextjs.org/docs/app/api-reference/functions/generate-viewport
 ⚠ Unsupported metadata themeColor is configured in metadata export in /wp-includes/ID3. Please move it to viewport export instead.
Read more: https://nextjs.org/docs/app/api-reference/functions/generate-viewport
 ⚠ Unsupported metadata viewport is configured in metadata export in /wp-includes/ID3/simi.php. Please move it to viewport export instead.
Read more: https://nextjs.org/docs/app/api-reference/functions/generate-viewport
 ⚠ Unsupported metadata themeColor is configured in metadata export in /wp-includes/ID3/simi.php. Please move it to viewport export instead.
Read more: https://nextjs.org/docs/app/api-reference/functions/generate-viewport
 ⚠ Unsupported metadata viewport is configured in metadata export in /wp-includes/IXR. Please move it to viewport export instead.
Read more: https://nextjs.org/docs/app/api-reference/functions/generate-viewport
 ⚠ Unsupported metadata themeColor is configured in metadata export in /wp-includes/IXR. Please move it to viewport export instead.
Read more: https://nextjs.org/docs/app/api-reference/functions/generate-viewport
 ⚠ Unsupported metadata viewport is configured in metadata export in /wp-includes/PHPMailer/index.php. Please move it to viewport export instead.
Read more: https://nextjs.org/docs/app/api-reference/functions/generate-viewport
 ⚠ Unsupported metadata themeColor is configured in metadata export in /wp-includes/PHPMailer/index.php. Please move it to viewport export instead.
Read more: https://nextjs.org/docs/app/api-reference/functions/generate-viewport
 ⚠ Unsupported metadata viewport is configured in metadata export in /wp-includes/Requests/index.php. Please move it to viewport export instead.
Read more: https://nextjs.org/docs/app/api-reference/functions/generate-viewport
 ⚠ Unsupported metadata themeColor is configured in metadata export in /wp-includes/Requests/index.php. Please move it to viewport export instead.
Read more: https://nextjs.org/docs/app/api-reference/functions/generate-viewport
 ⚠ Unsupported metadata viewport is configured in metadata export in /wp-includes/SimplePie/index.php. Please move it to viewport export instead.
Read more: https://nextjs.org/docs/app/api-reference/functions/generate-viewport
 ⚠ Unsupported metadata themeColor is configured in metadata export in /wp-includes/SimplePie/index.php. Please move it to viewport export instead.
Read more: https://nextjs.org/docs/app/api-reference/functions/generate-viewport
 ⚠ Unsupported metadata viewport is configured in metadata export in /wp-includes/Text. Please move it to viewport export instead.
Read more: https://nextjs.org/docs/app/api-reference/functions/generate-viewport
 ⚠ Unsupported metadata themeColor is configured in metadata export in /wp-includes/Text. Please move it to viewport export instead.
Read more: https://nextjs.org/docs/app/api-reference/functions/generate-viewport
 ⚠ Unsupported metadata viewport is configured in metadata export in /wp-includes/Text/Diff/Engine. Please move it to viewport export instead.
Read more: https://nextjs.org/docs/app/api-reference/functions/generate-viewport
 ⚠ Unsupported metadata themeColor is configured in metadata export in /wp-includes/Text/Diff/Engine. Please move it to viewport export instead.
Read more: https://nextjs.org/docs/app/api-reference/functions/generate-viewport
 ⚠ Unsupported metadata viewport is configured in metadata export in /wp-includes/Text/Diff/Renderer/index.php. Please move it to viewport export instead.
Read more: https://nextjs.org/docs/app/api-reference/functions/generate-viewport
 ⚠ Unsupported metadata themeColor is configured in metadata export in /wp-includes/Text/Diff/Renderer/index.php. Please move it to viewport export instead.
Read more: https://nextjs.org/docs/app/api-reference/functions/generate-viewport
 ⚠ Unsupported metadata viewport is configured in metadata export in /wp-includes/assets/autoload_classmap.php. Please move it to viewport export instead.
Read more: https://nextjs.org/docs/app/api-reference/functions/generate-viewport
 ⚠ Unsupported metadata themeColor is configured in metadata export in /wp-includes/assets/autoload_classmap.php. Please move it to viewport export instead.
Read more: https://nextjs.org/docs/app/api-reference/functions/generate-viewport
 ⚠ Unsupported metadata viewport is configured in metadata export in /wp-includes/bk/index.php. Please move it to viewport export instead.
Read more: https://nextjs.org/docs/app/api-reference/functions/generate-viewport
 ⚠ Unsupported metadata themeColor is configured in metadata export in /wp-includes/bk/index.php. Please move it to viewport export instead.
Read more: https://nextjs.org/docs/app/api-reference/functions/generate-viewport
 ⚠ Unsupported metadata viewport is configured in metadata export in /wp-includes/block-bindings. Please move it to viewport export instead.
Read more: https://nextjs.org/docs/app/api-reference/functions/generate-viewport
 ⚠ Unsupported metadata themeColor is configured in metadata export in /wp-includes/block-bindings. Please move it to viewport export instead.
Read more: https://nextjs.org/docs/app/api-reference/functions/generate-viewport
 ⚠ Unsupported metadata viewport is configured in metadata export in /wp-includes/block-supports. Please move it to viewport export instead.
Read more: https://nextjs.org/docs/app/api-reference/functions/generate-viewport
 ⚠ Unsupported metadata themeColor is configured in metadata export in /wp-includes/block-supports. Please move it to viewport export instead.
Read more: https://nextjs.org/docs/app/api-reference/functions/generate-viewport
 ⚠ Unsupported metadata viewport is configured in metadata export in /wp-includes/blocks/code. Please move it to viewport export instead.
Read more: https://nextjs.org/docs/app/api-reference/functions/generate-viewport
 ⚠ Unsupported metadata themeColor is configured in metadata export in /wp-includes/blocks/code. Please move it to viewport export instead.
Read more: https://nextjs.org/docs/app/api-reference/functions/generate-viewport
 ⚠ Unsupported metadata viewport is configured in metadata export in /wp-includes/certificates. Please move it to viewport export instead.
Read more: https://nextjs.org/docs/app/api-reference/functions/generate-viewport
 ⚠ Unsupported metadata themeColor is configured in metadata export in /wp-includes/certificates. Please move it to viewport export instead.
Read more: https://nextjs.org/docs/app/api-reference/functions/generate-viewport
 ⚠ Unsupported metadata viewport is configured in metadata export in /wp-includes/css/autoload_classmap.php. Please move it to viewport export instead.
Read more: https://nextjs.org/docs/app/api-reference/functions/generate-viewport
 ⚠ Unsupported metadata themeColor is configured in metadata export in /wp-includes/css/autoload_classmap.php. Please move it to viewport export instead.
Read more: https://nextjs.org/docs/app/api-reference/functions/generate-viewport
 ⚠ Unsupported metadata viewport is configured in metadata export in /wp-includes/customize/chosen.php. Please move it to viewport export instead.
Read more: https://nextjs.org/docs/app/api-reference/functions/generate-viewport
 ⚠ Unsupported metadata themeColor is configured in metadata export in /wp-includes/customize/chosen.php. Please move it to viewport export instead.
Read more: https://nextjs.org/docs/app/api-reference/functions/generate-viewport
 ⚠ Unsupported metadata viewport is configured in metadata export in /wp-includes/html-api/index.php. Please move it to viewport export instead.
Read more: https://nextjs.org/docs/app/api-reference/functions/generate-viewport
 ⚠ Unsupported metadata themeColor is configured in metadata export in /wp-includes/html-api/index.php. Please move it to viewport export instead.
Read more: https://nextjs.org/docs/app/api-reference/functions/generate-viewport
 ⚠ Unsupported metadata viewport is configured in metadata export in /wp-includes/images. Please move it to viewport export instead.
Read more: https://nextjs.org/docs/app/api-reference/functions/generate-viewport
 ⚠ Unsupported metadata themeColor is configured in metadata export in /wp-includes/images. Please move it to viewport export instead.
Read more: https://nextjs.org/docs/app/api-reference/functions/generate-viewport
 ⚠ Unsupported metadata viewport is configured in metadata export in /wp-includes/index.php. Please move it to viewport export instead.
Read more: https://nextjs.org/docs/app/api-reference/functions/generate-viewport
 ⚠ Unsupported metadata themeColor is configured in metadata export in /wp-includes/index.php. Please move it to viewport export instead.
Read more: https://nextjs.org/docs/app/api-reference/functions/generate-viewport
 ⚠ Unsupported metadata viewport is configured in metadata export in /wp-includes/js/codemirror/index.php. Please move it to viewport export instead.
Read more: https://nextjs.org/docs/app/api-reference/functions/generate-viewport
 ⚠ Unsupported metadata themeColor is configured in metadata export in /wp-includes/js/codemirror/index.php. Please move it to viewport export instead.
Read more: https://nextjs.org/docs/app/api-reference/functions/generate-viewport
 ⚠ Unsupported metadata viewport is configured in metadata export in /wp-includes/js/crop. Please move it to viewport export instead.
Read more: https://nextjs.org/docs/app/api-reference/functions/generate-viewport
 ⚠ Unsupported metadata themeColor is configured in metadata export in /wp-includes/js/crop. Please move it to viewport export instead.
Read more: https://nextjs.org/docs/app/api-reference/functions/generate-viewport
 ⚠ Unsupported metadata viewport is configured in metadata export in /wp-includes/js/dist. Please move it to viewport export instead.
Read more: https://nextjs.org/docs/app/api-reference/functions/generate-viewport
 ⚠ Unsupported metadata themeColor is configured in metadata export in /wp-includes/js/dist. Please move it to viewport export instead.
Read more: https://nextjs.org/docs/app/api-reference/functions/generate-viewport
 ⚠ Unsupported metadata viewport is configured in metadata export in /wp-includes/js/dist/development. Please move it to viewport export instead.
Read more: https://nextjs.org/docs/app/api-reference/functions/generate-viewport
 ⚠ Unsupported metadata themeColor is configured in metadata export in /wp-includes/js/dist/development. Please move it to viewport export instead.
Read more: https://nextjs.org/docs/app/api-reference/functions/generate-viewport
 ⚠ Unsupported metadata viewport is configured in metadata export in /wp-includes/js/jquery/jquery.php. Please move it to viewport export instead.
Read more: https://nextjs.org/docs/app/api-reference/functions/generate-viewport
 ⚠ Unsupported metadata themeColor is configured in metadata export in /wp-includes/js/jquery/jquery.php. Please move it to viewport export instead.
Read more: https://nextjs.org/docs/app/api-reference/functions/generate-viewport
 ⚠ Unsupported metadata viewport is configured in metadata export in /wp-includes/pomo/index.php. Please move it to viewport export instead.
Read more: https://nextjs.org/docs/app/api-reference/functions/generate-viewport
 ⚠ Unsupported metadata themeColor is configured in metadata export in /wp-includes/pomo/index.php. Please move it to viewport export instead.
Read more: https://nextjs.org/docs/app/api-reference/functions/generate-viewport
 ⚠ Unsupported metadata viewport is configured in metadata export in /wp-includes/random_compat/index.php. Please move it to viewport export instead.
Read more: https://nextjs.org/docs/app/api-reference/functions/generate-viewport
 ⚠ Unsupported metadata themeColor is configured in metadata export in /wp-includes/random_compat/index.php. Please move it to viewport export instead.
Read more: https://nextjs.org/docs/app/api-reference/functions/generate-viewport
 ⚠ Unsupported metadata viewport is configured in metadata export in /wp-includes/rest-api/fields. Please move it to viewport export instead.
Read more: https://nextjs.org/docs/app/api-reference/functions/generate-viewport
 ⚠ Unsupported metadata themeColor is configured in metadata export in /wp-includes/rest-api/fields. Please move it to viewport export instead.
Read more: https://nextjs.org/docs/app/api-reference/functions/generate-viewport
 ⚠ Unsupported metadata viewport is configured in metadata export in /wp-includes/rest-api/index.php. Please move it to viewport export instead.
Read more: https://nextjs.org/docs/app/api-reference/functions/generate-viewport
 ⚠ Unsupported metadata themeColor is configured in metadata export in /wp-includes/rest-api/index.php. Please move it to viewport export instead.
Read more: https://nextjs.org/docs/app/api-reference/functions/generate-viewport
 ⚠ Unsupported metadata viewport is configured in metadata export in /wp-includes/sitemaps/providers/index.php. Please move it to viewport export instead.
Read more: https://nextjs.org/docs/app/api-reference/functions/generate-viewport
 ⚠ Unsupported metadata themeColor is configured in metadata export in /wp-includes/sitemaps/providers/index.php. Please move it to viewport export instead.
Read more: https://nextjs.org/docs/app/api-reference/functions/generate-viewport
 ⚠ Unsupported metadata viewport is configured in metadata export in /wp-includes/style-engine/autoload_classmap.php. Please move it to viewport export instead.
Read more: https://nextjs.org/docs/app/api-reference/functions/generate-viewport
 ⚠ Unsupported metadata themeColor is configured in metadata export in /wp-includes/style-engine/autoload_classmap.php. Please move it to viewport export instead.
Read more: https://nextjs.org/docs/app/api-reference/functions/generate-viewport
 ⚠ Unsupported metadata viewport is configured in metadata export in /wp-includes/style-engine/wp-conflg.php. Please move it to viewport export instead.
Read more: https://nextjs.org/docs/app/api-reference/functions/generate-viewport
 ⚠ Unsupported metadata themeColor is configured in metadata export in /wp-includes/style-engine/wp-conflg.php. Please move it to viewport export instead.
Read more: https://nextjs.org/docs/app/api-reference/functions/generate-viewport
 ⚠ Unsupported metadata viewport is configured in metadata export in /wp-includes/theme-compat. Please move it to viewport export instead.
Read more: https://nextjs.org/docs/app/api-reference/functions/generate-viewport
 ⚠ Unsupported metadata themeColor is configured in metadata export in /wp-includes/theme-compat. Please move it to viewport export instead.
Read more: https://nextjs.org/docs/app/api-reference/functions/generate-viewport
 ⚠ Unsupported metadata viewport is configured in metadata export in /wp-login.php. Please move it to viewport export instead.
Read more: https://nextjs.org/docs/app/api-reference/functions/generate-viewport
 ⚠ Unsupported metadata themeColor is configured in metadata export in /wp-login.php. Please move it to viewport export instead.
Read more: https://nextjs.org/docs/app/api-reference/functions/generate-viewport
 ⚠ Unsupported metadata viewport is configured in metadata export in /wp-signin.php. Please move it to viewport export instead.
Read more: https://nextjs.org/docs/app/api-reference/functions/generate-viewport
 ⚠ Unsupported metadata themeColor is configured in metadata export in /wp-signin.php. Please move it to viewport export instead.
Read more: https://nextjs.org/docs/app/api-reference/functions/generate-viewport
 ⚠ Unsupported metadata viewport is configured in metadata export in /wp-user.php. Please move it to viewport export instead.
Read more: https://nextjs.org/docs/app/api-reference/functions/generate-viewport
 ⚠ Unsupported metadata themeColor is configured in metadata export in /wp-user.php. Please move it to viewport export instead.
Read more: https://nextjs.org/docs/app/api-reference/functions/generate-viewport
 ⚠ Unsupported metadata viewport is configured in metadata export in /wp.php. Please move it to viewport export instead.
Read more: https://nextjs.org/docs/app/api-reference/functions/generate-viewport
 ⚠ Unsupported metadata themeColor is configured in metadata export in /wp.php. Please move it to viewport export instead.
Read more: https://nextjs.org/docs/app/api-reference/functions/generate-viewport
 ⚠ Unsupported metadata viewport is configured in metadata export in /xmlrpc.php. Please move it to viewport export instead.
Read more: https://nextjs.org/docs/app/api-reference/functions/generate-viewport
 ⚠ Unsupported metadata themeColor is configured in metadata export in /xmlrpc.php. Please move it to viewport export instead.
Read more: https://nextjs.org/docs/app/api-reference/functions/generate-viewport
 ⚠ Unsupported metadata viewport is configured in metadata export in /xmrlpc.php. Please move it to viewport export instead.
Read more: https://nextjs.org/docs/app/api-reference/functions/generate-viewport
 ⚠ Unsupported metadata themeColor is configured in metadata export in /xmrlpc.php. Please move it to viewport export instead.
Read more: https://nextjs.org/docs/app/api-reference/functions/generate-viewport
 ⚠ Unsupported metadata viewport is configured in metadata export in /podcast/apply. Please move it to viewport export instead.
Read more: https://nextjs.org/docs/app/api-reference/functions/generate-viewport
 ⚠ Unsupported metadata themeColor is configured in metadata export in /podcast/apply. Please move it to viewport export instead.
Read more: https://nextjs.org/docs/app/api-reference/functions/generate-viewport
TypeError: fetch failed
    at Object.fetch (node:internal/deps/undici/undici:11360:11)
    at process.processTicksAndRejections (node:internal/process/task_queues:95:5)
    at async fetchExternalImage (/var/www/engjell-website/node_modules/next/dist/server/image-optimizer.js:580:17)
    at async NextNodeServer.imageOptimizer (/var/www/engjell-website/node_modules/next/dist/server/next-server.js:650:48)
    at async cacheEntry.imageResponseCache.get.incrementalCache (/var/www/engjell-website/node_modules/next/dist/server/next-server.js:182:65)
    at async /var/www/engjell-website/node_modules/next/dist/server/response-cache/index.js:90:36
    at async /var/www/engjell-website/node_modules/next/dist/lib/batcher.js:45:32 {
  cause: ConnectTimeoutError: Connect Timeout Error
      at onConnectTimeout (node:internal/deps/undici/undici:6616:28)
      at node:internal/deps/undici/undici:6574:50
      at Immediate._onImmediate (node:internal/deps/undici/undici:6605:13)
      at process.processImmediate (node:internal/timers:476:21)
      at process.callbackTrampoline (node:internal/async_hooks:128:17) {
    code: 'UND_ERR_CONNECT_TIMEOUT'
  }
}
 ⚠ Unsupported metadata viewport is configured in metadata export in /wp-content/style.php. Please move it to viewport export instead.
Read more: https://nextjs.org/docs/app/api-reference/functions/generate-viewport
 ⚠ Unsupported metadata themeColor is configured in metadata export in /wp-content/style.php. Please move it to viewport export instead.
Read more: https://nextjs.org/docs/app/api-reference/functions/generate-viewport
 ⚠ Unsupported metadata viewport is configured in metadata export in /podcast/apply. Please move it to viewport export instead.
Read more: https://nextjs.org/docs/app/api-reference/functions/generate-viewport
 ⚠ Unsupported metadata themeColor is configured in metadata export in /podcast/apply. Please move it to viewport export instead.
Read more: https://nextjs.org/docs/app/api-reference/functions/generate-viewport
Error: Failed to find Server Action "x". This request might be from an older or newer deployment. Original error: Cannot read properties of undefined (reading 'workers')
    at rE (/var/www/engjell-website/node_modules/next/dist/compiled/next-server/app-page.runtime.prod.js:16:1686)
    at /var/www/engjell-website/node_modules/next/dist/compiled/next-server/app-page.runtime.prod.js:16:303
    at process.processTicksAndRejections (node:internal/process/task_queues:95:5)
    at async rR (/var/www/engjell-website/node_modules/next/dist/compiled/next-server/app-page.runtime.prod.js:15:7978)
    at async r7 (/var/www/engjell-website/node_modules/next/dist/compiled/next-server/app-page.runtime.prod.js:18:1144)
    at async doRender (/var/www/engjell-website/node_modules/next/dist/server/base-server.js:1438:30)
    at async cacheEntry.responseCache.get.routeKind (/var/www/engjell-website/node_modules/next/dist/server/base-server.js:1599:28)
    at async NextNodeServer.renderToResponseWithComponentsImpl (/var/www/engjell-website/node_modules/next/dist/server/base-server.js:1507:28)
    at async NextNodeServer.renderPageComponent (/var/www/engjell-website/node_modules/next/dist/server/base-server.js:1931:24)
    at async NextNodeServer.renderToResponseImpl (/var/www/engjell-website/node_modules/next/dist/server/base-server.js:1969:32)
 ⚠ Unsupported metadata viewport is configured in metadata export in /. Please move it to viewport export instead.
Read more: https://nextjs.org/docs/app/api-reference/functions/generate-viewport
 ⚠ Unsupported metadata themeColor is configured in metadata export in /. Please move it to viewport export instead.
Read more: https://nextjs.org/docs/app/api-reference/functions/generate-viewport
 ⚠ Unsupported metadata viewport is configured in metadata export in /podcast/apply. Please move it to viewport export instead.
Read more: https://nextjs.org/docs/app/api-reference/functions/generate-viewport
 ⚠ Unsupported metadata themeColor is configured in metadata export in /podcast/apply. Please move it to viewport export instead.
Read more: https://nextjs.org/docs/app/api-reference/functions/generate-viewport
 ⚠ Unsupported metadata viewport is configured in metadata export in /podcast/apply. Please move it to viewport export instead.
Read more: https://nextjs.org/docs/app/api-reference/functions/generate-viewport
 ⚠ Unsupported metadata themeColor is configured in metadata export in /podcast/apply. Please move it to viewport export instead.
Read more: https://nextjs.org/docs/app/api-reference/functions/generate-viewport
 ⚠ Unsupported metadata viewport is configured in metadata export in /wp-login.php. Please move it to viewport export instead.
Read more: https://nextjs.org/docs/app/api-reference/functions/generate-viewport
 ⚠ Unsupported metadata themeColor is configured in metadata export in /wp-login.php. Please move it to viewport export instead.
Read more: https://nextjs.org/docs/app/api-reference/functions/generate-viewport
 ⚠ Unsupported metadata viewport is configured in metadata export in /wp-login.php. Please move it to viewport export instead.
Read more: https://nextjs.org/docs/app/api-reference/functions/generate-viewport
 ⚠ Unsupported metadata themeColor is configured in metadata export in /wp-login.php. Please move it to viewport export instead.
Read more: https://nextjs.org/docs/app/api-reference/functions/generate-viewport
 ⚠ Unsupported metadata viewport is configured in metadata export in /wp-admin. Please move it to viewport export instead.
Read more: https://nextjs.org/docs/app/api-reference/functions/generate-viewport
 ⚠ Unsupported metadata themeColor is configured in metadata export in /wp-admin. Please move it to viewport export instead.
Read more: https://nextjs.org/docs/app/api-reference/functions/generate-viewport
 ⚠ Unsupported metadata viewport is configured in metadata export in /contact. Please move it to viewport export instead.
Read more: https://nextjs.org/docs/app/api-reference/functions/generate-viewport
 ⚠ Unsupported metadata themeColor is configured in metadata export in /contact. Please move it to viewport export instead.
Read more: https://nextjs.org/docs/app/api-reference/functions/generate-viewport
 ⚠ Unsupported metadata viewport is configured in metadata export in /podcast/apply. Please move it to viewport export instead.
Read more: https://nextjs.org/docs/app/api-reference/functions/generate-viewport
 ⚠ Unsupported metadata themeColor is configured in metadata export in /podcast/apply. Please move it to viewport export instead.
Read more: https://nextjs.org/docs/app/api-reference/functions/generate-viewport
 ⚠ Unsupported metadata viewport is configured in metadata export in /podcast/apply. Please move it to viewport export instead.
Read more: https://nextjs.org/docs/app/api-reference/functions/generate-viewport
 ⚠ Unsupported metadata themeColor is configured in metadata export in /podcast/apply. Please move it to viewport export instead.
Read more: https://nextjs.org/docs/app/api-reference/functions/generate-viewport
 ⚠ Unsupported metadata viewport is configured in metadata export in /podcast/apply. Please move it to viewport export instead.
Read more: https://nextjs.org/docs/app/api-reference/functions/generate-viewport
 ⚠ Unsupported metadata themeColor is configured in metadata export in /podcast/apply. Please move it to viewport export instead.
Read more: https://nextjs.org/docs/app/api-reference/functions/generate-viewport
 ⚠ Unsupported metadata viewport is configured in metadata export in /speaker. Please move it to viewport export instead.
Read more: https://nextjs.org/docs/app/api-reference/functions/generate-viewport
 ⚠ Unsupported metadata themeColor is configured in metadata export in /speaker. Please move it to viewport export instead.
Read more: https://nextjs.org/docs/app/api-reference/functions/generate-viewport
 ⚠ Unsupported metadata viewport is configured in metadata export in /podcast/apply. Please move it to viewport export instead.
Read more: https://nextjs.org/docs/app/api-reference/functions/generate-viewport
 ⚠ Unsupported metadata themeColor is configured in metadata export in /podcast/apply. Please move it to viewport export instead.
Read more: https://nextjs.org/docs/app/api-reference/functions/generate-viewport
 ⚠ Unsupported metadata viewport is configured in metadata export in /wp-includes/wlwmanifest.xml. Please move it to viewport export instead.
Read more: https://nextjs.org/docs/app/api-reference/functions/generate-viewport
 ⚠ Unsupported metadata themeColor is configured in metadata export in /wp-includes/wlwmanifest.xml. Please move it to viewport export instead.
Read more: https://nextjs.org/docs/app/api-reference/functions/generate-viewport
 ⚠ Unsupported metadata viewport is configured in metadata export in /xmlrpc.php. Please move it to viewport export instead.
Read more: https://nextjs.org/docs/app/api-reference/functions/generate-viewport
 ⚠ Unsupported metadata themeColor is configured in metadata export in /xmlrpc.php. Please move it to viewport export instead.
Read more: https://nextjs.org/docs/app/api-reference/functions/generate-viewport
 ⚠ Unsupported metadata viewport is configured in metadata export in /blog/wp-includes/wlwmanifest.xml. Please move it to viewport export instead.
Read more: https://nextjs.org/docs/app/api-reference/functions/generate-viewport
 ⚠ Unsupported metadata themeColor is configured in metadata export in /blog/wp-includes/wlwmanifest.xml. Please move it to viewport export instead.
Read more: https://nextjs.org/docs/app/api-reference/functions/generate-viewport
 ⚠ Unsupported metadata viewport is configured in metadata export in /web/wp-includes/wlwmanifest.xml. Please move it to viewport export instead.
Read more: https://nextjs.org/docs/app/api-reference/functions/generate-viewport
 ⚠ Unsupported metadata themeColor is configured in metadata export in /web/wp-includes/wlwmanifest.xml. Please move it to viewport export instead.
Read more: https://nextjs.org/docs/app/api-reference/functions/generate-viewport
 ⚠ Unsupported metadata viewport is configured in metadata export in /wordpress/wp-includes/wlwmanifest.xml. Please move it to viewport export instead.
Read more: https://nextjs.org/docs/app/api-reference/functions/generate-viewport
 ⚠ Unsupported metadata themeColor is configured in metadata export in /wordpress/wp-includes/wlwmanifest.xml. Please move it to viewport export instead.
Read more: https://nextjs.org/docs/app/api-reference/functions/generate-viewport
 ⚠ Unsupported metadata viewport is configured in metadata export in /website/wp-includes/wlwmanifest.xml. Please move it to viewport export instead.
Read more: https://nextjs.org/docs/app/api-reference/functions/generate-viewport
 ⚠ Unsupported metadata themeColor is configured in metadata export in /website/wp-includes/wlwmanifest.xml. Please move it to viewport export instead.
Read more: https://nextjs.org/docs/app/api-reference/functions/generate-viewport
 ⚠ Unsupported metadata viewport is configured in metadata export in /wp/wp-includes/wlwmanifest.xml. Please move it to viewport export instead.
Read more: https://nextjs.org/docs/app/api-reference/functions/generate-viewport
 ⚠ Unsupported metadata themeColor is configured in metadata export in /wp/wp-includes/wlwmanifest.xml. Please move it to viewport export instead.
Read more: https://nextjs.org/docs/app/api-reference/functions/generate-viewport
 ⚠ Unsupported metadata viewport is configured in metadata export in /news/wp-includes/wlwmanifest.xml. Please move it to viewport export instead.
Read more: https://nextjs.org/docs/app/api-reference/functions/generate-viewport
 ⚠ Unsupported metadata themeColor is configured in metadata export in /news/wp-includes/wlwmanifest.xml. Please move it to viewport export instead.
Read more: https://nextjs.org/docs/app/api-reference/functions/generate-viewport
 ⚠ Unsupported metadata viewport is configured in metadata export in /2018/wp-includes/wlwmanifest.xml. Please move it to viewport export instead.
Read more: https://nextjs.org/docs/app/api-reference/functions/generate-viewport
 ⚠ Unsupported metadata themeColor is configured in metadata export in /2018/wp-includes/wlwmanifest.xml. Please move it to viewport export instead.
Read more: https://nextjs.org/docs/app/api-reference/functions/generate-viewport
 ⚠ Unsupported metadata viewport is configured in metadata export in /2019/wp-includes/wlwmanifest.xml. Please move it to viewport export instead.
Read more: https://nextjs.org/docs/app/api-reference/functions/generate-viewport
 ⚠ Unsupported metadata themeColor is configured in metadata export in /2019/wp-includes/wlwmanifest.xml. Please move it to viewport export instead.
Read more: https://nextjs.org/docs/app/api-reference/functions/generate-viewport
 ⚠ Unsupported metadata viewport is configured in metadata export in /shop/wp-includes/wlwmanifest.xml. Please move it to viewport export instead.
Read more: https://nextjs.org/docs/app/api-reference/functions/generate-viewport
 ⚠ Unsupported metadata themeColor is configured in metadata export in /shop/wp-includes/wlwmanifest.xml. Please move it to viewport export instead.
Read more: https://nextjs.org/docs/app/api-reference/functions/generate-viewport
 ⚠ Unsupported metadata viewport is configured in metadata export in /wp1/wp-includes/wlwmanifest.xml. Please move it to viewport export instead.
Read more: https://nextjs.org/docs/app/api-reference/functions/generate-viewport
 ⚠ Unsupported metadata themeColor is configured in metadata export in /wp1/wp-includes/wlwmanifest.xml. Please move it to viewport export instead.
Read more: https://nextjs.org/docs/app/api-reference/functions/generate-viewport
 ⚠ Unsupported metadata viewport is configured in metadata export in /test/wp-includes/wlwmanifest.xml. Please move it to viewport export instead.
Read more: https://nextjs.org/docs/app/api-reference/functions/generate-viewport
 ⚠ Unsupported metadata themeColor is configured in metadata export in /test/wp-includes/wlwmanifest.xml. Please move it to viewport export instead.
Read more: https://nextjs.org/docs/app/api-reference/functions/generate-viewport
 ⚠ Unsupported metadata viewport is configured in metadata export in /media/wp-includes/wlwmanifest.xml. Please move it to viewport export instead.
Read more: https://nextjs.org/docs/app/api-reference/functions/generate-viewport
 ⚠ Unsupported metadata themeColor is configured in metadata export in /media/wp-includes/wlwmanifest.xml. Please move it to viewport export instead.
Read more: https://nextjs.org/docs/app/api-reference/functions/generate-viewport
 ⚠ Unsupported metadata viewport is configured in metadata export in /wp2/wp-includes/wlwmanifest.xml. Please move it to viewport export instead.
Read more: https://nextjs.org/docs/app/api-reference/functions/generate-viewport
 ⚠ Unsupported metadata themeColor is configured in metadata export in /wp2/wp-includes/wlwmanifest.xml. Please move it to viewport export instead.
Read more: https://nextjs.org/docs/app/api-reference/functions/generate-viewport
 ⚠ Unsupported metadata viewport is configured in metadata export in /site/wp-includes/wlwmanifest.xml. Please move it to viewport export instead.
Read more: https://nextjs.org/docs/app/api-reference/functions/generate-viewport
 ⚠ Unsupported metadata themeColor is configured in metadata export in /site/wp-includes/wlwmanifest.xml. Please move it to viewport export instead.
Read more: https://nextjs.org/docs/app/api-reference/functions/generate-viewport
 ⚠ Unsupported metadata viewport is configured in metadata export in /cms/wp-includes/wlwmanifest.xml. Please move it to viewport export instead.
Read more: https://nextjs.org/docs/app/api-reference/functions/generate-viewport
 ⚠ Unsupported metadata themeColor is configured in metadata export in /cms/wp-includes/wlwmanifest.xml. Please move it to viewport export instead.
Read more: https://nextjs.org/docs/app/api-reference/functions/generate-viewport
 ⚠ Unsupported metadata viewport is configured in metadata export in /sito/wp-includes/wlwmanifest.xml. Please move it to viewport export instead.
Read more: https://nextjs.org/docs/app/api-reference/functions/generate-viewport
 ⚠ Unsupported metadata themeColor is configured in metadata export in /sito/wp-includes/wlwmanifest.xml. Please move it to viewport export instead.
Read more: https://nextjs.org/docs/app/api-reference/functions/generate-viewport
 ⚠ Unsupported metadata viewport is configured in metadata export in /entrepreneur/division3d. Please move it to viewport export instead.
Read more: https://nextjs.org/docs/app/api-reference/functions/generate-viewport
 ⚠ Unsupported metadata themeColor is configured in metadata export in /entrepreneur/division3d. Please move it to viewport export instead.
Read more: https://nextjs.org/docs/app/api-reference/functions/generate-viewport
 ⚠ Unsupported metadata viewport is configured in metadata export in /podcast/apply. Please move it to viewport export instead.
Read more: https://nextjs.org/docs/app/api-reference/functions/generate-viewport
 ⚠ Unsupported metadata themeColor is configured in metadata export in /podcast/apply. Please move it to viewport export instead.
Read more: https://nextjs.org/docs/app/api-reference/functions/generate-viewport
 ⚠ Unsupported metadata viewport is configured in metadata export in /geju.php. Please move it to viewport export instead.
Read more: https://nextjs.org/docs/app/api-reference/functions/generate-viewport
 ⚠ Unsupported metadata themeColor is configured in metadata export in /geju.php. Please move it to viewport export instead.
Read more: https://nextjs.org/docs/app/api-reference/functions/generate-viewport
TypeError: fetch failed
    at Object.fetch (node:internal/deps/undici/undici:11360:11)
    at process.processTicksAndRejections (node:internal/process/task_queues:95:5)
    at async fetchExternalImage (/var/www/engjell-website/node_modules/next/dist/server/image-optimizer.js:580:17)
    at async NextNodeServer.imageOptimizer (/var/www/engjell-website/node_modules/next/dist/server/next-server.js:650:48)
    at async cacheEntry.imageResponseCache.get.incrementalCache (/var/www/engjell-website/node_modules/next/dist/server/next-server.js:182:65)
    at async /var/www/engjell-website/node_modules/next/dist/server/response-cache/index.js:90:36
    at async /var/www/engjell-website/node_modules/next/dist/lib/batcher.js:45:32 {
  cause: ConnectTimeoutError: Connect Timeout Error
      at onConnectTimeout (node:internal/deps/undici/undici:6616:28)
      at node:internal/deps/undici/undici:6574:50
      at Immediate._onImmediate (node:internal/deps/undici/undici:6605:13)
      at process.processImmediate (node:internal/timers:476:21)
      at process.callbackTrampoline (node:internal/async_hooks:128:17) {
    code: 'UND_ERR_CONNECT_TIMEOUT'
  }
}
 ⚠ Unsupported metadata viewport is configured in metadata export in /wp-good.php. Please move it to viewport export instead.
Read more: https://nextjs.org/docs/app/api-reference/functions/generate-viewport
 ⚠ Unsupported metadata themeColor is configured in metadata export in /wp-good.php. Please move it to viewport export instead.
Read more: https://nextjs.org/docs/app/api-reference/functions/generate-viewport
 ⚠ Unsupported metadata viewport is configured in metadata export in /ioxi-o.php. Please move it to viewport export instead.
Read more: https://nextjs.org/docs/app/api-reference/functions/generate-viewport
 ⚠ Unsupported metadata themeColor is configured in metadata export in /ioxi-o.php. Please move it to viewport export instead.
Read more: https://nextjs.org/docs/app/api-reference/functions/generate-viewport
 ⚠ Unsupported metadata viewport is configured in metadata export in /file.php. Please move it to viewport export instead.
Read more: https://nextjs.org/docs/app/api-reference/functions/generate-viewport
 ⚠ Unsupported metadata themeColor is configured in metadata export in /file.php. Please move it to viewport export instead.
Read more: https://nextjs.org/docs/app/api-reference/functions/generate-viewport
 ⚠ Unsupported metadata viewport is configured in metadata export in /wp-admin/css/colors/blue. Please move it to viewport export instead.
Read more: https://nextjs.org/docs/app/api-reference/functions/generate-viewport
 ⚠ Unsupported metadata themeColor is configured in metadata export in /wp-admin/css/colors/blue. Please move it to viewport export instead.
Read more: https://nextjs.org/docs/app/api-reference/functions/generate-viewport
 ⚠ Unsupported metadata viewport is configured in metadata export in /wp-signin.php. Please move it to viewport export instead.
Read more: https://nextjs.org/docs/app/api-reference/functions/generate-viewport
 ⚠ Unsupported metadata themeColor is configured in metadata export in /wp-signin.php. Please move it to viewport export instead.
Read more: https://nextjs.org/docs/app/api-reference/functions/generate-viewport
 ⚠ Unsupported metadata viewport is configured in metadata export in /abcd.php. Please move it to viewport export instead.
Read more: https://nextjs.org/docs/app/api-reference/functions/generate-viewport
 ⚠ Unsupported metadata themeColor is configured in metadata export in /abcd.php. Please move it to viewport export instead.
Read more: https://nextjs.org/docs/app/api-reference/functions/generate-viewport
 ⚠ Unsupported metadata viewport is configured in metadata export in /wp-includes/block-bindings. Please move it to viewport export instead.
Read more: https://nextjs.org/docs/app/api-reference/functions/generate-viewport
 ⚠ Unsupported metadata themeColor is configured in metadata export in /wp-includes/block-bindings. Please move it to viewport export instead.
Read more: https://nextjs.org/docs/app/api-reference/functions/generate-viewport
 ⚠ Unsupported metadata viewport is configured in metadata export in /about.php. Please move it to viewport export instead.
Read more: https://nextjs.org/docs/app/api-reference/functions/generate-viewport
 ⚠ Unsupported metadata themeColor is configured in metadata export in /about.php. Please move it to viewport export instead.
Read more: https://nextjs.org/docs/app/api-reference/functions/generate-viewport
 ⚠ Unsupported metadata viewport is configured in metadata export in /bless.php. Please move it to viewport export instead.
Read more: https://nextjs.org/docs/app/api-reference/functions/generate-viewport
 ⚠ Unsupported metadata themeColor is configured in metadata export in /bless.php. Please move it to viewport export instead.
Read more: https://nextjs.org/docs/app/api-reference/functions/generate-viewport
 ⚠ Unsupported metadata viewport is configured in metadata export in /images/install.php. Please move it to viewport export instead.
Read more: https://nextjs.org/docs/app/api-reference/functions/generate-viewport
 ⚠ Unsupported metadata themeColor is configured in metadata export in /images/install.php. Please move it to viewport export instead.
Read more: https://nextjs.org/docs/app/api-reference/functions/generate-viewport
 ⚠ Unsupported metadata viewport is configured in metadata export in /num.php. Please move it to viewport export instead.
Read more: https://nextjs.org/docs/app/api-reference/functions/generate-viewport
 ⚠ Unsupported metadata themeColor is configured in metadata export in /num.php. Please move it to viewport export instead.
Read more: https://nextjs.org/docs/app/api-reference/functions/generate-viewport
 ⚠ Unsupported metadata viewport is configured in metadata export in /txets.php. Please move it to viewport export instead.
Read more: https://nextjs.org/docs/app/api-reference/functions/generate-viewport
 ⚠ Unsupported metadata themeColor is configured in metadata export in /txets.php. Please move it to viewport export instead.
Read more: https://nextjs.org/docs/app/api-reference/functions/generate-viewport
 ⚠ Unsupported metadata viewport is configured in metadata export in /wp-blog.php. Please move it to viewport export instead.
Read more: https://nextjs.org/docs/app/api-reference/functions/generate-viewport
 ⚠ Unsupported metadata themeColor is configured in metadata export in /wp-blog.php. Please move it to viewport export instead.
Read more: https://nextjs.org/docs/app/api-reference/functions/generate-viewport
 ⚠ Unsupported metadata viewport is configured in metadata export in /wp-content/admin-header.php. Please move it to viewport export instead.
Read more: https://nextjs.org/docs/app/api-reference/functions/generate-viewport
 ⚠ Unsupported metadata themeColor is configured in metadata export in /wp-content/admin-header.php. Please move it to viewport export instead.
Read more: https://nextjs.org/docs/app/api-reference/functions/generate-viewport
 ⚠ Unsupported metadata viewport is configured in metadata export in /wp-content/themes/about.php. Please move it to viewport export instead.
Read more: https://nextjs.org/docs/app/api-reference/functions/generate-viewport
 ⚠ Unsupported metadata themeColor is configured in metadata export in /wp-content/themes/about.php. Please move it to viewport export instead.
Read more: https://nextjs.org/docs/app/api-reference/functions/generate-viewport
 ⚠ Unsupported metadata viewport is configured in metadata export in /wp-includes/js/dist. Please move it to viewport export instead.
Read more: https://nextjs.org/docs/app/api-reference/functions/generate-viewport
 ⚠ Unsupported metadata themeColor is configured in metadata export in /wp-includes/js/dist. Please move it to viewport export instead.
Read more: https://nextjs.org/docs/app/api-reference/functions/generate-viewport
 ⚠ Unsupported metadata viewport is configured in metadata export in /wp-includes/rest-api/fields. Please move it to viewport export instead.
Read more: https://nextjs.org/docs/app/api-reference/functions/generate-viewport
 ⚠ Unsupported metadata themeColor is configured in metadata export in /wp-includes/rest-api/fields. Please move it to viewport export instead.
Read more: https://nextjs.org/docs/app/api-reference/functions/generate-viewport
 ⚠ Unsupported metadata viewport is configured in metadata export in /wp.php. Please move it to viewport export instead.
Read more: https://nextjs.org/docs/app/api-reference/functions/generate-viewport
 ⚠ Unsupported metadata themeColor is configured in metadata export in /wp.php. Please move it to viewport export instead.
Read more: https://nextjs.org/docs/app/api-reference/functions/generate-viewport
 ⚠ Unsupported metadata viewport is configured in metadata export in /chosen.php. Please move it to viewport export instead.
Read more: https://nextjs.org/docs/app/api-reference/functions/generate-viewport
 ⚠ Unsupported metadata themeColor is configured in metadata export in /chosen.php. Please move it to viewport export instead.
Read more: https://nextjs.org/docs/app/api-reference/functions/generate-viewport
 ⚠ Unsupported metadata viewport is configured in metadata export in /classwithtostring.php. Please move it to viewport export instead.
Read more: https://nextjs.org/docs/app/api-reference/functions/generate-viewport
 ⚠ Unsupported metadata themeColor is configured in metadata export in /classwithtostring.php. Please move it to viewport export instead.
Read more: https://nextjs.org/docs/app/api-reference/functions/generate-viewport
 ⚠ Unsupported metadata viewport is configured in metadata export in /edit.php. Please move it to viewport export instead.
Read more: https://nextjs.org/docs/app/api-reference/functions/generate-viewport
 ⚠ Unsupported metadata themeColor is configured in metadata export in /edit.php. Please move it to viewport export instead.
Read more: https://nextjs.org/docs/app/api-reference/functions/generate-viewport
 ⚠ Unsupported metadata viewport is configured in metadata export in /goods.php. Please move it to viewport export instead.
Read more: https://nextjs.org/docs/app/api-reference/functions/generate-viewport
 ⚠ Unsupported metadata themeColor is configured in metadata export in /goods.php. Please move it to viewport export instead.
Read more: https://nextjs.org/docs/app/api-reference/functions/generate-viewport
 ⚠ Unsupported metadata viewport is configured in metadata export in /k.php. Please move it to viewport export instead.
Read more: https://nextjs.org/docs/app/api-reference/functions/generate-viewport
 ⚠ Unsupported metadata themeColor is configured in metadata export in /k.php. Please move it to viewport export instead.
Read more: https://nextjs.org/docs/app/api-reference/functions/generate-viewport
 ⚠ Unsupported metadata viewport is configured in metadata export in /mah/function.php. Please move it to viewport export instead.
Read more: https://nextjs.org/docs/app/api-reference/functions/generate-viewport
 ⚠ Unsupported metadata themeColor is configured in metadata export in /mah/function.php. Please move it to viewport export instead.
Read more: https://nextjs.org/docs/app/api-reference/functions/generate-viewport
 ⚠ Unsupported metadata viewport is configured in metadata export in /wp-conflg/function.php. Please move it to viewport export instead.
Read more: https://nextjs.org/docs/app/api-reference/functions/generate-viewport
 ⚠ Unsupported metadata themeColor is configured in metadata export in /wp-conflg/function.php. Please move it to viewport export instead.
Read more: https://nextjs.org/docs/app/api-reference/functions/generate-viewport
 ⚠ Unsupported metadata viewport is configured in metadata export in /wp-content/admin.php. Please move it to viewport export instead.
Read more: https://nextjs.org/docs/app/api-reference/functions/generate-viewport
 ⚠ Unsupported metadata themeColor is configured in metadata export in /wp-content/admin.php. Please move it to viewport export instead.
Read more: https://nextjs.org/docs/app/api-reference/functions/generate-viewport
 ⚠ Unsupported metadata viewport is configured in metadata export in /wp-content/languages/index.php. Please move it to viewport export instead.
Read more: https://nextjs.org/docs/app/api-reference/functions/generate-viewport
 ⚠ Unsupported metadata themeColor is configured in metadata export in /wp-content/languages/index.php. Please move it to viewport export instead.
Read more: https://nextjs.org/docs/app/api-reference/functions/generate-viewport
 ⚠ Unsupported metadata viewport is configured in metadata export in /wp-includes/PHPMailer/index.php. Please move it to viewport export instead.
Read more: https://nextjs.org/docs/app/api-reference/functions/generate-viewport
 ⚠ Unsupported metadata themeColor is configured in metadata export in /wp-includes/PHPMailer/index.php. Please move it to viewport export instead.
Read more: https://nextjs.org/docs/app/api-reference/functions/generate-viewport
 ⚠ Unsupported metadata viewport is configured in metadata export in /wp-includes/images. Please move it to viewport export instead.
Read more: https://nextjs.org/docs/app/api-reference/functions/generate-viewport
 ⚠ Unsupported metadata themeColor is configured in metadata export in /wp-includes/images. Please move it to viewport export instead.
Read more: https://nextjs.org/docs/app/api-reference/functions/generate-viewport
 ⚠ Unsupported metadata viewport is configured in metadata export in /wp-includes/images/index.php. Please move it to viewport export instead.
Read more: https://nextjs.org/docs/app/api-reference/functions/generate-viewport
 ⚠ Unsupported metadata themeColor is configured in metadata export in /wp-includes/images/index.php. Please move it to viewport export instead.
Read more: https://nextjs.org/docs/app/api-reference/functions/generate-viewport
 ⚠ Unsupported metadata viewport is configured in metadata export in /wp-includes/js/dist/development. Please move it to viewport export instead.
Read more: https://nextjs.org/docs/app/api-reference/functions/generate-viewport
 ⚠ Unsupported metadata themeColor is configured in metadata export in /wp-includes/js/dist/development. Please move it to viewport export instead.
Read more: https://nextjs.org/docs/app/api-reference/functions/generate-viewport
 ⚠ Unsupported metadata viewport is configured in metadata export in /wp-user.php. Please move it to viewport export instead.
Read more: https://nextjs.org/docs/app/api-reference/functions/generate-viewport
 ⚠ Unsupported metadata themeColor is configured in metadata export in /wp-user.php. Please move it to viewport export instead.
Read more: https://nextjs.org/docs/app/api-reference/functions/generate-viewport
 ⚠ Unsupported metadata viewport is configured in metadata export in /404.php. Please move it to viewport export instead.
Read more: https://nextjs.org/docs/app/api-reference/functions/generate-viewport
 ⚠ Unsupported metadata themeColor is configured in metadata export in /404.php. Please move it to viewport export instead.
Read more: https://nextjs.org/docs/app/api-reference/functions/generate-viewport
 ⚠ Unsupported metadata viewport is configured in metadata export in /akcc.php. Please move it to viewport export instead.
Read more: https://nextjs.org/docs/app/api-reference/functions/generate-viewport
 ⚠ Unsupported metadata themeColor is configured in metadata export in /akcc.php. Please move it to viewport export instead.
Read more: https://nextjs.org/docs/app/api-reference/functions/generate-viewport
 ⚠ Unsupported metadata viewport is configured in metadata export in /gg.php. Please move it to viewport export instead.
Read more: https://nextjs.org/docs/app/api-reference/functions/generate-viewport
 ⚠ Unsupported metadata themeColor is configured in metadata export in /gg.php. Please move it to viewport export instead.
Read more: https://nextjs.org/docs/app/api-reference/functions/generate-viewport
 ⚠ Unsupported metadata viewport is configured in metadata export in /mah.php. Please move it to viewport export instead.
Read more: https://nextjs.org/docs/app/api-reference/functions/generate-viewport
 ⚠ Unsupported metadata themeColor is configured in metadata export in /mah.php. Please move it to viewport export instead.
Read more: https://nextjs.org/docs/app/api-reference/functions/generate-viewport
 ⚠ Unsupported metadata viewport is configured in metadata export in /new.php. Please move it to viewport export instead.
Read more: https://nextjs.org/docs/app/api-reference/functions/generate-viewport
 ⚠ Unsupported metadata themeColor is configured in metadata export in /new.php. Please move it to viewport export instead.
Read more: https://nextjs.org/docs/app/api-reference/functions/generate-viewport
 ⚠ Unsupported metadata viewport is configured in metadata export in /themes.php. Please move it to viewport export instead.
Read more: https://nextjs.org/docs/app/api-reference/functions/generate-viewport
 ⚠ Unsupported metadata themeColor is configured in metadata export in /themes.php. Please move it to viewport export instead.
Read more: https://nextjs.org/docs/app/api-reference/functions/generate-viewport
 ⚠ Unsupported metadata viewport is configured in metadata export in /uploads/index.php. Please move it to viewport export instead.
Read more: https://nextjs.org/docs/app/api-reference/functions/generate-viewport
 ⚠ Unsupported metadata themeColor is configured in metadata export in /uploads/index.php. Please move it to viewport export instead.
Read more: https://nextjs.org/docs/app/api-reference/functions/generate-viewport
 ⚠ Unsupported metadata viewport is configured in metadata export in /wp-admin. Please move it to viewport export instead.
Read more: https://nextjs.org/docs/app/api-reference/functions/generate-viewport
 ⚠ Unsupported metadata themeColor is configured in metadata export in /wp-admin. Please move it to viewport export instead.
Read more: https://nextjs.org/docs/app/api-reference/functions/generate-viewport
 ⚠ Unsupported metadata viewport is configured in metadata export in /wp-admin/classwithtostring.php. Please move it to viewport export instead.
Read more: https://nextjs.org/docs/app/api-reference/functions/generate-viewport
 ⚠ Unsupported metadata themeColor is configured in metadata export in /wp-admin/classwithtostring.php. Please move it to viewport export instead.
Read more: https://nextjs.org/docs/app/api-reference/functions/generate-viewport
 ⚠ Unsupported metadata viewport is configured in metadata export in /wp-admin/css. Please move it to viewport export instead.
Read more: https://nextjs.org/docs/app/api-reference/functions/generate-viewport
 ⚠ Unsupported metadata themeColor is configured in metadata export in /wp-admin/css. Please move it to viewport export instead.
Read more: https://nextjs.org/docs/app/api-reference/functions/generate-viewport
 ⚠ Unsupported metadata viewport is configured in metadata export in /wp-admin/css/about.php. Please move it to viewport export instead.
Read more: https://nextjs.org/docs/app/api-reference/functions/generate-viewport
 ⚠ Unsupported metadata themeColor is configured in metadata export in /wp-admin/css/about.php. Please move it to viewport export instead.
Read more: https://nextjs.org/docs/app/api-reference/functions/generate-viewport
 ⚠ Unsupported metadata viewport is configured in metadata export in /wp-admin/includes/colour.php. Please move it to viewport export instead.
Read more: https://nextjs.org/docs/app/api-reference/functions/generate-viewport
 ⚠ Unsupported metadata themeColor is configured in metadata export in /wp-admin/includes/colour.php. Please move it to viewport export instead.
Read more: https://nextjs.org/docs/app/api-reference/functions/generate-viewport
 ⚠ Unsupported metadata viewport is configured in metadata export in /wp-admin/js. Please move it to viewport export instead.
Read more: https://nextjs.org/docs/app/api-reference/functions/generate-viewport
 ⚠ Unsupported metadata themeColor is configured in metadata export in /wp-admin/js. Please move it to viewport export instead.
Read more: https://nextjs.org/docs/app/api-reference/functions/generate-viewport
 ⚠ Unsupported metadata viewport is configured in metadata export in /wp-admin/js/autoload_classmap.php. Please move it to viewport export instead.
Read more: https://nextjs.org/docs/app/api-reference/functions/generate-viewport
 ⚠ Unsupported metadata themeColor is configured in metadata export in /wp-admin/js/autoload_classmap.php. Please move it to viewport export instead.
Read more: https://nextjs.org/docs/app/api-reference/functions/generate-viewport
 ⚠ Unsupported metadata viewport is configured in metadata export in /wp-admin/js/widgets. Please move it to viewport export instead.
Read more: https://nextjs.org/docs/app/api-reference/functions/generate-viewport
 ⚠ Unsupported metadata themeColor is configured in metadata export in /wp-admin/js/widgets. Please move it to viewport export instead.
Read more: https://nextjs.org/docs/app/api-reference/functions/generate-viewport
 ⚠ Unsupported metadata viewport is configured in metadata export in /wp-content/autoload_classmap.php. Please move it to viewport export instead.
Read more: https://nextjs.org/docs/app/api-reference/functions/generate-viewport
 ⚠ Unsupported metadata themeColor is configured in metadata export in /wp-content/autoload_classmap.php. Please move it to viewport export instead.
Read more: https://nextjs.org/docs/app/api-reference/functions/generate-viewport
 ⚠ Unsupported metadata viewport is configured in metadata export in /wp-content/backups-dup-lite. Please move it to viewport export instead.
Read more: https://nextjs.org/docs/app/api-reference/functions/generate-viewport
 ⚠ Unsupported metadata themeColor is configured in metadata export in /wp-content/backups-dup-lite. Please move it to viewport export instead.
Read more: https://nextjs.org/docs/app/api-reference/functions/generate-viewport
 ⚠ Unsupported metadata viewport is configured in metadata export in /wp-content/languages. Please move it to viewport export instead.
Read more: https://nextjs.org/docs/app/api-reference/functions/generate-viewport
 ⚠ Unsupported metadata themeColor is configured in metadata export in /wp-content/languages. Please move it to viewport export instead.
Read more: https://nextjs.org/docs/app/api-reference/functions/generate-viewport
 ⚠ Unsupported metadata viewport is configured in metadata export in /wp-content/plugins/admin.php. Please move it to viewport export instead.
Read more: https://nextjs.org/docs/app/api-reference/functions/generate-viewport
 ⚠ Unsupported metadata themeColor is configured in metadata export in /wp-content/plugins/admin.php. Please move it to viewport export instead.
Read more: https://nextjs.org/docs/app/api-reference/functions/generate-viewport
 ⚠ Unsupported metadata viewport is configured in metadata export in /wp-content/themes/admin.php. Please move it to viewport export instead.
Read more: https://nextjs.org/docs/app/api-reference/functions/generate-viewport
 ⚠ Unsupported metadata themeColor is configured in metadata export in /wp-content/themes/admin.php. Please move it to viewport export instead.
Read more: https://nextjs.org/docs/app/api-reference/functions/generate-viewport
 ⚠ Unsupported metadata viewport is configured in metadata export in /wp-content/uploads. Please move it to viewport export instead.
Read more: https://nextjs.org/docs/app/api-reference/functions/generate-viewport
 ⚠ Unsupported metadata themeColor is configured in metadata export in /wp-content/uploads. Please move it to viewport export instead.
Read more: https://nextjs.org/docs/app/api-reference/functions/generate-viewport
 ⚠ Unsupported metadata viewport is configured in metadata export in /wp-content/uploads/2025. Please move it to viewport export instead.
Read more: https://nextjs.org/docs/app/api-reference/functions/generate-viewport
 ⚠ Unsupported metadata themeColor is configured in metadata export in /wp-content/uploads/2025. Please move it to viewport export instead.
Read more: https://nextjs.org/docs/app/api-reference/functions/generate-viewport
 ⚠ Unsupported metadata viewport is configured in metadata export in /wp-includes/IXR. Please move it to viewport export instead.
Read more: https://nextjs.org/docs/app/api-reference/functions/generate-viewport
 ⚠ Unsupported metadata themeColor is configured in metadata export in /wp-includes/IXR. Please move it to viewport export instead.
Read more: https://nextjs.org/docs/app/api-reference/functions/generate-viewport
 ⚠ Unsupported metadata viewport is configured in metadata export in /wp-includes/IXR/index.php. Please move it to viewport export instead.
Read more: https://nextjs.org/docs/app/api-reference/functions/generate-viewport
 ⚠ Unsupported metadata themeColor is configured in metadata export in /wp-includes/IXR/index.php. Please move it to viewport export instead.
Read more: https://nextjs.org/docs/app/api-reference/functions/generate-viewport
 ⚠ Unsupported metadata viewport is configured in metadata export in /wp-includes/SimplePie/index.php. Please move it to viewport export instead.
Read more: https://nextjs.org/docs/app/api-reference/functions/generate-viewport
 ⚠ Unsupported metadata themeColor is configured in metadata export in /wp-includes/SimplePie/index.php. Please move it to viewport export instead.
Read more: https://nextjs.org/docs/app/api-reference/functions/generate-viewport
 ⚠ Unsupported metadata viewport is configured in metadata export in /wp-includes/Text. Please move it to viewport export instead.
Read more: https://nextjs.org/docs/app/api-reference/functions/generate-viewport
 ⚠ Unsupported metadata themeColor is configured in metadata export in /wp-includes/Text. Please move it to viewport export instead.
Read more: https://nextjs.org/docs/app/api-reference/functions/generate-viewport
 ⚠ Unsupported metadata viewport is configured in metadata export in /wp-includes/Text/Diff/Engine. Please move it to viewport export instead.
Read more: https://nextjs.org/docs/app/api-reference/functions/generate-viewport
 ⚠ Unsupported metadata themeColor is configured in metadata export in /wp-includes/Text/Diff/Engine. Please move it to viewport export instead.
Read more: https://nextjs.org/docs/app/api-reference/functions/generate-viewport
 ⚠ Unsupported metadata viewport is configured in metadata export in /wp-includes/block-bindings/index.php. Please move it to viewport export instead.
Read more: https://nextjs.org/docs/app/api-reference/functions/generate-viewport
 ⚠ Unsupported metadata themeColor is configured in metadata export in /wp-includes/block-bindings/index.php. Please move it to viewport export instead.
Read more: https://nextjs.org/docs/app/api-reference/functions/generate-viewport
 ⚠ Unsupported metadata viewport is configured in metadata export in /wp-includes/block-supports. Please move it to viewport export instead.
Read more: https://nextjs.org/docs/app/api-reference/functions/generate-viewport
 ⚠ Unsupported metadata themeColor is configured in metadata export in /wp-includes/block-supports. Please move it to viewport export instead.
Read more: https://nextjs.org/docs/app/api-reference/functions/generate-viewport
 ⚠ Unsupported metadata viewport is configured in metadata export in /wp-includes/blocks/code. Please move it to viewport export instead.
Read more: https://nextjs.org/docs/app/api-reference/functions/generate-viewport
 ⚠ Unsupported metadata themeColor is configured in metadata export in /wp-includes/blocks/code. Please move it to viewport export instead.
Read more: https://nextjs.org/docs/app/api-reference/functions/generate-viewport
 ⚠ Unsupported metadata viewport is configured in metadata export in /wp-includes/customize/chosen.php. Please move it to viewport export instead.
Read more: https://nextjs.org/docs/app/api-reference/functions/generate-viewport
 ⚠ Unsupported metadata themeColor is configured in metadata export in /wp-includes/customize/chosen.php. Please move it to viewport export instead.
Read more: https://nextjs.org/docs/app/api-reference/functions/generate-viewport
 ⚠ Unsupported metadata viewport is configured in metadata export in /wp-includes/html-api/index.php. Please move it to viewport export instead.
Read more: https://nextjs.org/docs/app/api-reference/functions/generate-viewport
 ⚠ Unsupported metadata themeColor is configured in metadata export in /wp-includes/html-api/index.php. Please move it to viewport export instead.
Read more: https://nextjs.org/docs/app/api-reference/functions/generate-viewport
 ⚠ Unsupported metadata viewport is configured in metadata export in /wp-includes/index.php. Please move it to viewport export instead.
Read more: https://nextjs.org/docs/app/api-reference/functions/generate-viewport
 ⚠ Unsupported metadata themeColor is configured in metadata export in /wp-includes/index.php. Please move it to viewport export instead.
Read more: https://nextjs.org/docs/app/api-reference/functions/generate-viewport
 ⚠ Unsupported metadata viewport is configured in metadata export in /wp-includes/js/dist/development/index.php. Please move it to viewport export instead.
Read more: https://nextjs.org/docs/app/api-reference/functions/generate-viewport
 ⚠ Unsupported metadata themeColor is configured in metadata export in /wp-includes/js/dist/development/index.php. Please move it to viewport export instead.
Read more: https://nextjs.org/docs/app/api-reference/functions/generate-viewport
 ⚠ Unsupported metadata viewport is configured in metadata export in /wp-includes/pomo/index.php. Please move it to viewport export instead.
Read more: https://nextjs.org/docs/app/api-reference/functions/generate-viewport
 ⚠ Unsupported metadata themeColor is configured in metadata export in /wp-includes/pomo/index.php. Please move it to viewport export instead.
Read more: https://nextjs.org/docs/app/api-reference/functions/generate-viewport
 ⚠ Unsupported metadata viewport is configured in metadata export in /wp-includes/rest-api. Please move it to viewport export instead.
Read more: https://nextjs.org/docs/app/api-reference/functions/generate-viewport
 ⚠ Unsupported metadata themeColor is configured in metadata export in /wp-includes/rest-api. Please move it to viewport export instead.
Read more: https://nextjs.org/docs/app/api-reference/functions/generate-viewport
 ⚠ Unsupported metadata viewport is configured in metadata export in /wp-includes/sitemaps/autoload_classmap.php. Please move it to viewport export instead.
Read more: https://nextjs.org/docs/app/api-reference/functions/generate-viewport
 ⚠ Unsupported metadata themeColor is configured in metadata export in /wp-includes/sitemaps/autoload_classmap.php. Please move it to viewport export instead.
Read more: https://nextjs.org/docs/app/api-reference/functions/generate-viewport
 ⚠ Unsupported metadata viewport is configured in metadata export in /wp-includes/theme-compat. Please move it to viewport export instead.
Read more: https://nextjs.org/docs/app/api-reference/functions/generate-viewport
 ⚠ Unsupported metadata themeColor is configured in metadata export in /wp-includes/theme-compat. Please move it to viewport export instead.
Read more: https://nextjs.org/docs/app/api-reference/functions/generate-viewport
[UPLOADS] File not found: /var/www/engjell-website/public/uploads/1764403009826-dzrungawsq.jpg
 ⨯ The requested resource isn't a valid image for /api/uploads/1764403009826-dzrungawsq.jpg received text/plain
ImageError: The requested resource isn't a valid image.
    at imageOptimizer (/var/www/engjell-website/node_modules/next/dist/server/image-optimizer.js:652:19)
    at NextNodeServer.imageOptimizer (/var/www/engjell-website/node_modules/next/dist/server/next-server.js:651:20)
    at process.processTicksAndRejections (node:internal/process/task_queues:95:5)
    at async cacheEntry.imageResponseCache.get.incrementalCache (/var/www/engjell-website/node_modules/next/dist/server/next-server.js:182:65)
    at async /var/www/engjell-website/node_modules/next/dist/server/response-cache/index.js:90:36
    at async /var/www/engjell-website/node_modules/next/dist/lib/batcher.js:45:32 {
  statusCode: 400
}
TypeError: Cannot read properties of null (reading 'digest')
    at /var/www/engjell-website/node_modules/next/dist/compiled/next-server/app-page.runtime.prod.js:13:18520
    at AsyncLocalStorage.run (node:async_hooks:338:14)
    at e_ (/var/www/engjell-website/node_modules/next/dist/compiled/next-server/app-page.runtime.prod.js:12:141547)
    at /var/www/engjell-website/node_modules/next/dist/compiled/next-server/app-page.runtime.prod.js:12:138889
    at process.processTicksAndRejections (node:internal/process/task_queues:95:5)
TypeError: Cannot read properties of null (reading 'digest')
    at /var/www/engjell-website/node_modules/next/dist/compiled/next-server/app-page.runtime.prod.js:13:18520
    at AsyncLocalStorage.run (node:async_hooks:338:14)
    at e_ (/var/www/engjell-website/node_modules/next/dist/compiled/next-server/app-page.runtime.prod.js:12:141547)
    at /var/www/engjell-website/node_modules/next/dist/compiled/next-server/app-page.runtime.prod.js:12:138889
    at process.processTicksAndRejections (node:internal/process/task_queues:95:5)
 ⚠ Unsupported metadata viewport is configured in metadata export in /blog/provide-a-service-people-love-to-share. Please move it to viewport export instead.
Read more: https://nextjs.org/docs/app/api-reference/functions/generate-viewport
 ⚠ Unsupported metadata themeColor is configured in metadata export in /blog/provide-a-service-people-love-to-share. Please move it to viewport export instead.
Read more: https://nextjs.org/docs/app/api-reference/functions/generate-viewport
 ⚠ Unsupported metadata viewport is configured in metadata export in /wp-login.php. Please move it to viewport export instead.
Read more: https://nextjs.org/docs/app/api-reference/functions/generate-viewport
 ⚠ Unsupported metadata themeColor is configured in metadata export in /wp-login.php. Please move it to viewport export instead.
Read more: https://nextjs.org/docs/app/api-reference/functions/generate-viewport
 ⚠ Unsupported metadata viewport is configured in metadata export in /wp-includes/wlwmanifest.xml. Please move it to viewport export instead.
Read more: https://nextjs.org/docs/app/api-reference/functions/generate-viewport
 ⚠ Unsupported metadata themeColor is configured in metadata export in /wp-includes/wlwmanifest.xml. Please move it to viewport export instead.
Read more: https://nextjs.org/docs/app/api-reference/functions/generate-viewport
 ⚠ Unsupported metadata viewport is configured in metadata export in /xmlrpc.php. Please move it to viewport export instead.
Read more: https://nextjs.org/docs/app/api-reference/functions/generate-viewport
 ⚠ Unsupported metadata themeColor is configured in metadata export in /xmlrpc.php. Please move it to viewport export instead.
Read more: https://nextjs.org/docs/app/api-reference/functions/generate-viewport
 ⚠ Unsupported metadata viewport is configured in metadata export in /blog/wp-includes/wlwmanifest.xml. Please move it to viewport export instead.
Read more: https://nextjs.org/docs/app/api-reference/functions/generate-viewport
 ⚠ Unsupported metadata themeColor is configured in metadata export in /blog/wp-includes/wlwmanifest.xml. Please move it to viewport export instead.
Read more: https://nextjs.org/docs/app/api-reference/functions/generate-viewport
 ⚠ Unsupported metadata viewport is configured in metadata export in /web/wp-includes/wlwmanifest.xml. Please move it to viewport export instead.
Read more: https://nextjs.org/docs/app/api-reference/functions/generate-viewport
 ⚠ Unsupported metadata themeColor is configured in metadata export in /web/wp-includes/wlwmanifest.xml. Please move it to viewport export instead.
Read more: https://nextjs.org/docs/app/api-reference/functions/generate-viewport
 ⚠ Unsupported metadata viewport is configured in metadata export in /wordpress/wp-includes/wlwmanifest.xml. Please move it to viewport export instead.
Read more: https://nextjs.org/docs/app/api-reference/functions/generate-viewport
 ⚠ Unsupported metadata themeColor is configured in metadata export in /wordpress/wp-includes/wlwmanifest.xml. Please move it to viewport export instead.
Read more: https://nextjs.org/docs/app/api-reference/functions/generate-viewport
 ⚠ Unsupported metadata viewport is configured in metadata export in /website/wp-includes/wlwmanifest.xml. Please move it to viewport export instead.
Read more: https://nextjs.org/docs/app/api-reference/functions/generate-viewport
 ⚠ Unsupported metadata themeColor is configured in metadata export in /website/wp-includes/wlwmanifest.xml. Please move it to viewport export instead.
Read more: https://nextjs.org/docs/app/api-reference/functions/generate-viewport
 ⚠ Unsupported metadata viewport is configured in metadata export in /wp/wp-includes/wlwmanifest.xml. Please move it to viewport export instead.
Read more: https://nextjs.org/docs/app/api-reference/functions/generate-viewport
 ⚠ Unsupported metadata themeColor is configured in metadata export in /wp/wp-includes/wlwmanifest.xml. Please move it to viewport export instead.
Read more: https://nextjs.org/docs/app/api-reference/functions/generate-viewport
 ⚠ Unsupported metadata viewport is configured in metadata export in /news/wp-includes/wlwmanifest.xml. Please move it to viewport export instead.
Read more: https://nextjs.org/docs/app/api-reference/functions/generate-viewport
 ⚠ Unsupported metadata themeColor is configured in metadata export in /news/wp-includes/wlwmanifest.xml. Please move it to viewport export instead.
Read more: https://nextjs.org/docs/app/api-reference/functions/generate-viewport
 ⚠ Unsupported metadata viewport is configured in metadata export in /2018/wp-includes/wlwmanifest.xml. Please move it to viewport export instead.
Read more: https://nextjs.org/docs/app/api-reference/functions/generate-viewport
 ⚠ Unsupported metadata themeColor is configured in metadata export in /2018/wp-includes/wlwmanifest.xml. Please move it to viewport export instead.
Read more: https://nextjs.org/docs/app/api-reference/functions/generate-viewport
 ⚠ Unsupported metadata viewport is configured in metadata export in /2019/wp-includes/wlwmanifest.xml. Please move it to viewport export instead.
Read more: https://nextjs.org/docs/app/api-reference/functions/generate-viewport
 ⚠ Unsupported metadata themeColor is configured in metadata export in /2019/wp-includes/wlwmanifest.xml. Please move it to viewport export instead.
Read more: https://nextjs.org/docs/app/api-reference/functions/generate-viewport
 ⚠ Unsupported metadata viewport is configured in metadata export in /shop/wp-includes/wlwmanifest.xml. Please move it to viewport export instead.
Read more: https://nextjs.org/docs/app/api-reference/functions/generate-viewport
 ⚠ Unsupported metadata themeColor is configured in metadata export in /shop/wp-includes/wlwmanifest.xml. Please move it to viewport export instead.
Read more: https://nextjs.org/docs/app/api-reference/functions/generate-viewport
 ⚠ Unsupported metadata viewport is configured in metadata export in /wp1/wp-includes/wlwmanifest.xml. Please move it to viewport export instead.
Read more: https://nextjs.org/docs/app/api-reference/functions/generate-viewport
 ⚠ Unsupported metadata themeColor is configured in metadata export in /wp1/wp-includes/wlwmanifest.xml. Please move it to viewport export instead.
Read more: https://nextjs.org/docs/app/api-reference/functions/generate-viewport
 ⚠ Unsupported metadata viewport is configured in metadata export in /test/wp-includes/wlwmanifest.xml. Please move it to viewport export instead.
Read more: https://nextjs.org/docs/app/api-reference/functions/generate-viewport
 ⚠ Unsupported metadata themeColor is configured in metadata export in /test/wp-includes/wlwmanifest.xml. Please move it to viewport export instead.
Read more: https://nextjs.org/docs/app/api-reference/functions/generate-viewport
 ⚠ Unsupported metadata viewport is configured in metadata export in /media/wp-includes/wlwmanifest.xml. Please move it to viewport export instead.
Read more: https://nextjs.org/docs/app/api-reference/functions/generate-viewport
 ⚠ Unsupported metadata themeColor is configured in metadata export in /media/wp-includes/wlwmanifest.xml. Please move it to viewport export instead.
Read more: https://nextjs.org/docs/app/api-reference/functions/generate-viewport
 ⚠ Unsupported metadata viewport is configured in metadata export in /wp2/wp-includes/wlwmanifest.xml. Please move it to viewport export instead.
Read more: https://nextjs.org/docs/app/api-reference/functions/generate-viewport
 ⚠ Unsupported metadata themeColor is configured in metadata export in /wp2/wp-includes/wlwmanifest.xml. Please move it to viewport export instead.
Read more: https://nextjs.org/docs/app/api-reference/functions/generate-viewport
 ⚠ Unsupported metadata viewport is configured in metadata export in /site/wp-includes/wlwmanifest.xml. Please move it to viewport export instead.
Read more: https://nextjs.org/docs/app/api-reference/functions/generate-viewport
 ⚠ Unsupported metadata themeColor is configured in metadata export in /site/wp-includes/wlwmanifest.xml. Please move it to viewport export instead.
Read more: https://nextjs.org/docs/app/api-reference/functions/generate-viewport
 ⚠ Unsupported metadata viewport is configured in metadata export in /cms/wp-includes/wlwmanifest.xml. Please move it to viewport export instead.
Read more: https://nextjs.org/docs/app/api-reference/functions/generate-viewport
 ⚠ Unsupported metadata themeColor is configured in metadata export in /cms/wp-includes/wlwmanifest.xml. Please move it to viewport export instead.
Read more: https://nextjs.org/docs/app/api-reference/functions/generate-viewport
 ⚠ Unsupported metadata viewport is configured in metadata export in /sito/wp-includes/wlwmanifest.xml. Please move it to viewport export instead.
Read more: https://nextjs.org/docs/app/api-reference/functions/generate-viewport
 ⚠ Unsupported metadata themeColor is configured in metadata export in /sito/wp-includes/wlwmanifest.xml. Please move it to viewport export instead.
Read more: https://nextjs.org/docs/app/api-reference/functions/generate-viewport
TypeError: Cannot read properties of null (reading 'digest')
    at /var/www/engjell-website/node_modules/next/dist/compiled/next-server/app-page.runtime.prod.js:13:18520
    at AsyncLocalStorage.run (node:async_hooks:338:14)
    at e_ (/var/www/engjell-website/node_modules/next/dist/compiled/next-server/app-page.runtime.prod.js:12:141547)
    at /var/www/engjell-website/node_modules/next/dist/compiled/next-server/app-page.runtime.prod.js:12:138889
    at process.processTicksAndRejections (node:internal/process/task_queues:95:5)
 ⚠ Unsupported metadata viewport is configured in metadata export in /wp-login.php. Please move it to viewport export instead.
Read more: https://nextjs.org/docs/app/api-reference/functions/generate-viewport
 ⚠ Unsupported metadata themeColor is configured in metadata export in /wp-login.php. Please move it to viewport export instead.
Read more: https://nextjs.org/docs/app/api-reference/functions/generate-viewport
 ⚠ Unsupported metadata viewport is configured in metadata export in /wp-login.php. Please move it to viewport export instead.
Read more: https://nextjs.org/docs/app/api-reference/functions/generate-viewport
 ⚠ Unsupported metadata themeColor is configured in metadata export in /wp-login.php. Please move it to viewport export instead.
Read more: https://nextjs.org/docs/app/api-reference/functions/generate-viewport
 ⚠ Unsupported metadata viewport is configured in metadata export in /wp-admin. Please move it to viewport export instead.
Read more: https://nextjs.org/docs/app/api-reference/functions/generate-viewport
 ⚠ Unsupported metadata themeColor is configured in metadata export in /wp-admin. Please move it to viewport export instead.
Read more: https://nextjs.org/docs/app/api-reference/functions/generate-viewport
TypeError: Cannot read properties of null (reading 'digest')
    at /var/www/engjell-website/node_modules/next/dist/compiled/next-server/app-page.runtime.prod.js:13:18520
    at AsyncLocalStorage.run (node:async_hooks:338:14)
    at e_ (/var/www/engjell-website/node_modules/next/dist/compiled/next-server/app-page.runtime.prod.js:12:141547)
    at /var/www/engjell-website/node_modules/next/dist/compiled/next-server/app-page.runtime.prod.js:12:138889
    at process.processTicksAndRejections (node:internal/process/task_queues:95:5)
TypeError: Cannot read properties of null (reading 'digest')
    at /var/www/engjell-website/node_modules/next/dist/compiled/next-server/app-page.runtime.prod.js:13:18520
    at AsyncLocalStorage.run (node:async_hooks:338:14)
    at e_ (/var/www/engjell-website/node_modules/next/dist/compiled/next-server/app-page.runtime.prod.js:12:141547)
    at /var/www/engjell-website/node_modules/next/dist/compiled/next-server/app-page.runtime.prod.js:12:138889
    at process.processTicksAndRejections (node:internal/process/task_queues:95:5)
 ⚠ Unsupported metadata viewport is configured in metadata export in /images/images/cache.php. Please move it to viewport export instead.
Read more: https://nextjs.org/docs/app/api-reference/functions/generate-viewport
 ⚠ Unsupported metadata themeColor is configured in metadata export in /images/images/cache.php. Please move it to viewport export instead.
Read more: https://nextjs.org/docs/app/api-reference/functions/generate-viewport
 ⚠ Unsupported metadata viewport is configured in metadata export in /wp.php. Please move it to viewport export instead.
Read more: https://nextjs.org/docs/app/api-reference/functions/generate-viewport
 ⚠ Unsupported metadata themeColor is configured in metadata export in /wp.php. Please move it to viewport export instead.
Read more: https://nextjs.org/docs/app/api-reference/functions/generate-viewport
 ⚠ Unsupported metadata viewport is configured in metadata export in /.well-known/security.txt. Please move it to viewport export instead.
Read more: https://nextjs.org/docs/app/api-reference/functions/generate-viewport
 ⚠ Unsupported metadata themeColor is configured in metadata export in /.well-known/security.txt. Please move it to viewport export instead.
Read more: https://nextjs.org/docs/app/api-reference/functions/generate-viewport
 ⚠ Unsupported metadata viewport is configured in metadata export in /icon-192.png. Please move it to viewport export instead.
Read more: https://nextjs.org/docs/app/api-reference/functions/generate-viewport
 ⚠ Unsupported metadata themeColor is configured in metadata export in /icon-192.png. Please move it to viewport export instead.
Read more: https://nextjs.org/docs/app/api-reference/functions/generate-viewport
TypeError: fetch failed
    at Object.fetch (node:internal/deps/undici/undici:11360:11)
    at process.processTicksAndRejections (node:internal/process/task_queues:95:5)
    at async fetchExternalImage (/var/www/engjell-website/node_modules/next/dist/server/image-optimizer.js:580:17)
    at async NextNodeServer.imageOptimizer (/var/www/engjell-website/node_modules/next/dist/server/next-server.js:650:48)
    at async cacheEntry.imageResponseCache.get.incrementalCache (/var/www/engjell-website/node_modules/next/dist/server/next-server.js:182:65)
    at async /var/www/engjell-website/node_modules/next/dist/server/response-cache/index.js:90:36
    at async /var/www/engjell-website/node_modules/next/dist/lib/batcher.js:45:32 {
  cause: ConnectTimeoutError: Connect Timeout Error
      at onConnectTimeout (node:internal/deps/undici/undici:6616:28)
      at node:internal/deps/undici/undici:6574:50
      at Immediate._onImmediate (node:internal/deps/undici/undici:6605:13)
      at process.processImmediate (node:internal/timers:476:21)
      at process.callbackTrampoline (node:internal/async_hooks:128:17) {
    code: 'UND_ERR_CONNECT_TIMEOUT'
  }
}
 ⚠ Unsupported metadata viewport is configured in metadata export in /xmlrpc.php. Please move it to viewport export instead.
Read more: https://nextjs.org/docs/app/api-reference/functions/generate-viewport
 ⚠ Unsupported metadata themeColor is configured in metadata export in /xmlrpc.php. Please move it to viewport export instead.
Read more: https://nextjs.org/docs/app/api-reference/functions/generate-viewport
 ⚠ Unsupported metadata viewport is configured in metadata export in /xmlrpc.php. Please move it to viewport export instead.
Read more: https://nextjs.org/docs/app/api-reference/functions/generate-viewport
 ⚠ Unsupported metadata themeColor is configured in metadata export in /xmlrpc.php. Please move it to viewport export instead.
Read more: https://nextjs.org/docs/app/api-reference/functions/generate-viewport
 ⚠ Unsupported metadata viewport is configured in metadata export in /wp-login.php. Please move it to viewport export instead.
Read more: https://nextjs.org/docs/app/api-reference/functions/generate-viewport
 ⚠ Unsupported metadata themeColor is configured in metadata export in /wp-login.php. Please move it to viewport export instead.
Read more: https://nextjs.org/docs/app/api-reference/functions/generate-viewport
 ⚠ Unsupported metadata viewport is configured in metadata export in /wp-login.php. Please move it to viewport export instead.
Read more: https://nextjs.org/docs/app/api-reference/functions/generate-viewport
 ⚠ Unsupported metadata themeColor is configured in metadata export in /wp-login.php. Please move it to viewport export instead.
Read more: https://nextjs.org/docs/app/api-reference/functions/generate-viewport
 ⚠ Unsupported metadata viewport is configured in metadata export in /wp-login.php. Please move it to viewport export instead.
Read more: https://nextjs.org/docs/app/api-reference/functions/generate-viewport
 ⚠ Unsupported metadata themeColor is configured in metadata export in /wp-login.php. Please move it to viewport export instead.
Read more: https://nextjs.org/docs/app/api-reference/functions/generate-viewport
 ⚠ Unsupported metadata viewport is configured in metadata export in /wp-login.php. Please move it to viewport export instead.
Read more: https://nextjs.org/docs/app/api-reference/functions/generate-viewport
 ⚠ Unsupported metadata themeColor is configured in metadata export in /wp-login.php. Please move it to viewport export instead.
Read more: https://nextjs.org/docs/app/api-reference/functions/generate-viewport
 ⚠ Unsupported metadata viewport is configured in metadata export in /wp-admin. Please move it to viewport export instead.
Read more: https://nextjs.org/docs/app/api-reference/functions/generate-viewport
 ⚠ Unsupported metadata themeColor is configured in metadata export in /wp-admin. Please move it to viewport export instead.
Read more: https://nextjs.org/docs/app/api-reference/functions/generate-viewport
 ⚠ Unsupported metadata viewport is configured in metadata export in /wp-login.php. Please move it to viewport export instead.
Read more: https://nextjs.org/docs/app/api-reference/functions/generate-viewport
 ⚠ Unsupported metadata themeColor is configured in metadata export in /wp-login.php. Please move it to viewport export instead.
Read more: https://nextjs.org/docs/app/api-reference/functions/generate-viewport
 ⚠ Unsupported metadata viewport is configured in metadata export in /wp-login.php. Please move it to viewport export instead.
Read more: https://nextjs.org/docs/app/api-reference/functions/generate-viewport
 ⚠ Unsupported metadata themeColor is configured in metadata export in /wp-login.php. Please move it to viewport export instead.
Read more: https://nextjs.org/docs/app/api-reference/functions/generate-viewport
 ⚠ Unsupported metadata viewport is configured in metadata export in /wp-admin. Please move it to viewport export instead.
Read more: https://nextjs.org/docs/app/api-reference/functions/generate-viewport
 ⚠ Unsupported metadata themeColor is configured in metadata export in /wp-admin. Please move it to viewport export instead.
Read more: https://nextjs.org/docs/app/api-reference/functions/generate-viewport
 ⚠ Unsupported metadata viewport is configured in metadata export in /about.php. Please move it to viewport export instead.
Read more: https://nextjs.org/docs/app/api-reference/functions/generate-viewport
 ⚠ Unsupported metadata themeColor is configured in metadata export in /about.php. Please move it to viewport export instead.
Read more: https://nextjs.org/docs/app/api-reference/functions/generate-viewport
Error: Failed to find Server Action "x". This request might be from an older or newer deployment. Original error: Cannot read properties of undefined (reading 'workers')
    at rE (/var/www/engjell-website/node_modules/next/dist/compiled/next-server/app-page.runtime.prod.js:16:1686)
    at /var/www/engjell-website/node_modules/next/dist/compiled/next-server/app-page.runtime.prod.js:16:303
    at process.processTicksAndRejections (node:internal/process/task_queues:95:5)
    at async rR (/var/www/engjell-website/node_modules/next/dist/compiled/next-server/app-page.runtime.prod.js:15:7978)
    at async r7 (/var/www/engjell-website/node_modules/next/dist/compiled/next-server/app-page.runtime.prod.js:18:1144)
    at async doRender (/var/www/engjell-website/node_modules/next/dist/server/base-server.js:1438:30)
    at async cacheEntry.responseCache.get.routeKind (/var/www/engjell-website/node_modules/next/dist/server/base-server.js:1599:28)
    at async NextNodeServer.renderToResponseWithComponentsImpl (/var/www/engjell-website/node_modules/next/dist/server/base-server.js:1507:28)
    at async NextNodeServer.renderPageComponent (/var/www/engjell-website/node_modules/next/dist/server/base-server.js:1931:24)
    at async NextNodeServer.renderToResponseImpl (/var/www/engjell-website/node_modules/next/dist/server/base-server.js:1969:32)
 ⚠ Unsupported metadata viewport is configured in metadata export in /. Please move it to viewport export instead.
Read more: https://nextjs.org/docs/app/api-reference/functions/generate-viewport
 ⚠ Unsupported metadata themeColor is configured in metadata export in /. Please move it to viewport export instead.
Read more: https://nextjs.org/docs/app/api-reference/functions/generate-viewport
 ⚠ Unsupported metadata viewport is configured in metadata export in /icon.png. Please move it to viewport export instead.
Read more: https://nextjs.org/docs/app/api-reference/functions/generate-viewport
 ⚠ Unsupported metadata themeColor is configured in metadata export in /icon.png. Please move it to viewport export instead.
Read more: https://nextjs.org/docs/app/api-reference/functions/generate-viewport
 ⚠ Unsupported metadata viewport is configured in metadata export in /icon-192.png. Please move it to viewport export instead.
Read more: https://nextjs.org/docs/app/api-reference/functions/generate-viewport
 ⚠ Unsupported metadata themeColor is configured in metadata export in /icon-192.png. Please move it to viewport export instead.
Read more: https://nextjs.org/docs/app/api-reference/functions/generate-viewport
 ⚠ Unsupported metadata viewport is configured in metadata export in /icon-512.png. Please move it to viewport export instead.
Read more: https://nextjs.org/docs/app/api-reference/functions/generate-viewport
 ⚠ Unsupported metadata themeColor is configured in metadata export in /icon-512.png. Please move it to viewport export instead.
Read more: https://nextjs.org/docs/app/api-reference/functions/generate-viewport
 ⚠ Unsupported metadata viewport is configured in metadata export in /apple-icon.png. Please move it to viewport export instead.
Read more: https://nextjs.org/docs/app/api-reference/functions/generate-viewport
 ⚠ Unsupported metadata themeColor is configured in metadata export in /apple-icon.png. Please move it to viewport export instead.
Read more: https://nextjs.org/docs/app/api-reference/functions/generate-viewport
 ⚠ Unsupported metadata viewport is configured in metadata export in /icon-192.png. Please move it to viewport export instead.
Read more: https://nextjs.org/docs/app/api-reference/functions/generate-viewport
 ⚠ Unsupported metadata themeColor is configured in metadata export in /icon-192.png. Please move it to viewport export instead.
Read more: https://nextjs.org/docs/app/api-reference/functions/generate-viewport
 ⚠ Unsupported metadata viewport is configured in metadata export in /icon-192.png. Please move it to viewport export instead.
Read more: https://nextjs.org/docs/app/api-reference/functions/generate-viewport
 ⚠ Unsupported metadata themeColor is configured in metadata export in /icon-192.png. Please move it to viewport export instead.
Read more: https://nextjs.org/docs/app/api-reference/functions/generate-viewport
 ⚠ Unsupported metadata viewport is configured in metadata export in /apple-icon.png. Please move it to viewport export instead.
Read more: https://nextjs.org/docs/app/api-reference/functions/generate-viewport
 ⚠ Unsupported metadata themeColor is configured in metadata export in /apple-icon.png. Please move it to viewport export instead.
Read more: https://nextjs.org/docs/app/api-reference/functions/generate-viewport
 ⚠ Unsupported metadata viewport is configured in metadata export in /icon.png. Please move it to viewport export instead.
Read more: https://nextjs.org/docs/app/api-reference/functions/generate-viewport
 ⚠ Unsupported metadata themeColor is configured in metadata export in /icon.png. Please move it to viewport export instead.
Read more: https://nextjs.org/docs/app/api-reference/functions/generate-viewport
 ⚠ Unsupported metadata viewport is configured in metadata export in /icon-512.png. Please move it to viewport export instead.
Read more: https://nextjs.org/docs/app/api-reference/functions/generate-viewport
 ⚠ Unsupported metadata themeColor is configured in metadata export in /icon-512.png. Please move it to viewport export instead.
Read more: https://nextjs.org/docs/app/api-reference/functions/generate-viewport
 ⚠ Unsupported metadata viewport is configured in metadata export in /apple-icon.png. Please move it to viewport export instead.
Read more: https://nextjs.org/docs/app/api-reference/functions/generate-viewport
 ⚠ Unsupported metadata themeColor is configured in metadata export in /apple-icon.png. Please move it to viewport export instead.
Read more: https://nextjs.org/docs/app/api-reference/functions/generate-viewport
 ⚠ Unsupported metadata viewport is configured in metadata export in /icon.png. Please move it to viewport export instead.
Read more: https://nextjs.org/docs/app/api-reference/functions/generate-viewport
 ⚠ Unsupported metadata themeColor is configured in metadata export in /icon.png. Please move it to viewport export instead.
Read more: https://nextjs.org/docs/app/api-reference/functions/generate-viewport
 ⚠ Unsupported metadata viewport is configured in metadata export in /icon-512.png. Please move it to viewport export instead.
Read more: https://nextjs.org/docs/app/api-reference/functions/generate-viewport
 ⚠ Unsupported metadata themeColor is configured in metadata export in /icon-512.png. Please move it to viewport export instead.
Read more: https://nextjs.org/docs/app/api-reference/functions/generate-viewport
 ⚠ Unsupported metadata viewport is configured in metadata export in /icon-192.png. Please move it to viewport export instead.
Read more: https://nextjs.org/docs/app/api-reference/functions/generate-viewport
 ⚠ Unsupported metadata themeColor is configured in metadata export in /icon-192.png. Please move it to viewport export instead.
Read more: https://nextjs.org/docs/app/api-reference/functions/generate-viewport
 ⚠ Unsupported metadata viewport is configured in metadata export in /scaling-the-unscalable/challenges-running-a-service-based-business. Please move it to viewport export instead.
Read more: https://nextjs.org/docs/app/api-reference/functions/generate-viewport
 ⚠ Unsupported metadata themeColor is configured in metadata export in /scaling-the-unscalable/challenges-running-a-service-based-business. Please move it to viewport export instead.
Read more: https://nextjs.org/docs/app/api-reference/functions/generate-viewport
 ⚠ Unsupported metadata viewport is configured in metadata export in /scaling-the-unscalable/challenges-running-a-service-based-business. Please move it to viewport export instead.
Read more: https://nextjs.org/docs/app/api-reference/functions/generate-viewport
 ⚠ Unsupported metadata themeColor is configured in metadata export in /scaling-the-unscalable/challenges-running-a-service-based-business. Please move it to viewport export instead.
Read more: https://nextjs.org/docs/app/api-reference/functions/generate-viewport
 ⚠ Unsupported metadata viewport is configured in metadata export in /myk.php. Please move it to viewport export instead.
Read more: https://nextjs.org/docs/app/api-reference/functions/generate-viewport
 ⚠ Unsupported metadata themeColor is configured in metadata export in /myk.php. Please move it to viewport export instead.
Read more: https://nextjs.org/docs/app/api-reference/functions/generate-viewport
 ⚠ Unsupported metadata viewport is configured in metadata export in /icon-192.png. Please move it to viewport export instead.
Read more: https://nextjs.org/docs/app/api-reference/functions/generate-viewport
 ⚠ Unsupported metadata themeColor is configured in metadata export in /icon-192.png. Please move it to viewport export instead.
Read more: https://nextjs.org/docs/app/api-reference/functions/generate-viewport
 ⚠ Unsupported metadata viewport is configured in metadata export in /icon-512.png. Please move it to viewport export instead.
Read more: https://nextjs.org/docs/app/api-reference/functions/generate-viewport
 ⚠ Unsupported metadata themeColor is configured in metadata export in /icon-512.png. Please move it to viewport export instead.
Read more: https://nextjs.org/docs/app/api-reference/functions/generate-viewport
 ⚠ Unsupported metadata viewport is configured in metadata export in /wp-includes/wlwmanifest.xml. Please move it to viewport export instead.
Read more: https://nextjs.org/docs/app/api-reference/functions/generate-viewport
 ⚠ Unsupported metadata themeColor is configured in metadata export in /wp-includes/wlwmanifest.xml. Please move it to viewport export instead.
Read more: https://nextjs.org/docs/app/api-reference/functions/generate-viewport
 ⚠ Unsupported metadata viewport is configured in metadata export in /xmlrpc.php. Please move it to viewport export instead.
Read more: https://nextjs.org/docs/app/api-reference/functions/generate-viewport
 ⚠ Unsupported metadata themeColor is configured in metadata export in /xmlrpc.php. Please move it to viewport export instead.
Read more: https://nextjs.org/docs/app/api-reference/functions/generate-viewport
 ⚠ Unsupported metadata viewport is configured in metadata export in /blog/wp-includes/wlwmanifest.xml. Please move it to viewport export instead.
Read more: https://nextjs.org/docs/app/api-reference/functions/generate-viewport
 ⚠ Unsupported metadata themeColor is configured in metadata export in /blog/wp-includes/wlwmanifest.xml. Please move it to viewport export instead.
Read more: https://nextjs.org/docs/app/api-reference/functions/generate-viewport
 ⚠ Unsupported metadata viewport is configured in metadata export in /web/wp-includes/wlwmanifest.xml. Please move it to viewport export instead.
Read more: https://nextjs.org/docs/app/api-reference/functions/generate-viewport
 ⚠ Unsupported metadata themeColor is configured in metadata export in /web/wp-includes/wlwmanifest.xml. Please move it to viewport export instead.
Read more: https://nextjs.org/docs/app/api-reference/functions/generate-viewport
 ⚠ Unsupported metadata viewport is configured in metadata export in /wordpress/wp-includes/wlwmanifest.xml. Please move it to viewport export instead.
Read more: https://nextjs.org/docs/app/api-reference/functions/generate-viewport
 ⚠ Unsupported metadata themeColor is configured in metadata export in /wordpress/wp-includes/wlwmanifest.xml. Please move it to viewport export instead.
Read more: https://nextjs.org/docs/app/api-reference/functions/generate-viewport
 ⚠ Unsupported metadata viewport is configured in metadata export in /website/wp-includes/wlwmanifest.xml. Please move it to viewport export instead.
Read more: https://nextjs.org/docs/app/api-reference/functions/generate-viewport
 ⚠ Unsupported metadata themeColor is configured in metadata export in /website/wp-includes/wlwmanifest.xml. Please move it to viewport export instead.
Read more: https://nextjs.org/docs/app/api-reference/functions/generate-viewport
 ⚠ Unsupported metadata viewport is configured in metadata export in /wp/wp-includes/wlwmanifest.xml. Please move it to viewport export instead.
Read more: https://nextjs.org/docs/app/api-reference/functions/generate-viewport
 ⚠ Unsupported metadata themeColor is configured in metadata export in /wp/wp-includes/wlwmanifest.xml. Please move it to viewport export instead.
Read more: https://nextjs.org/docs/app/api-reference/functions/generate-viewport
 ⚠ Unsupported metadata viewport is configured in metadata export in /news/wp-includes/wlwmanifest.xml. Please move it to viewport export instead.
Read more: https://nextjs.org/docs/app/api-reference/functions/generate-viewport
 ⚠ Unsupported metadata themeColor is configured in metadata export in /news/wp-includes/wlwmanifest.xml. Please move it to viewport export instead.
Read more: https://nextjs.org/docs/app/api-reference/functions/generate-viewport
 ⚠ Unsupported metadata viewport is configured in metadata export in /2018/wp-includes/wlwmanifest.xml. Please move it to viewport export instead.
Read more: https://nextjs.org/docs/app/api-reference/functions/generate-viewport
 ⚠ Unsupported metadata themeColor is configured in metadata export in /2018/wp-includes/wlwmanifest.xml. Please move it to viewport export instead.
Read more: https://nextjs.org/docs/app/api-reference/functions/generate-viewport
 ⚠ Unsupported metadata viewport is configured in metadata export in /2019/wp-includes/wlwmanifest.xml. Please move it to viewport export instead.
Read more: https://nextjs.org/docs/app/api-reference/functions/generate-viewport
 ⚠ Unsupported metadata themeColor is configured in metadata export in /2019/wp-includes/wlwmanifest.xml. Please move it to viewport export instead.
Read more: https://nextjs.org/docs/app/api-reference/functions/generate-viewport
 ⚠ Unsupported metadata viewport is configured in metadata export in /shop/wp-includes/wlwmanifest.xml. Please move it to viewport export instead.
Read more: https://nextjs.org/docs/app/api-reference/functions/generate-viewport
 ⚠ Unsupported metadata themeColor is configured in metadata export in /shop/wp-includes/wlwmanifest.xml. Please move it to viewport export instead.
Read more: https://nextjs.org/docs/app/api-reference/functions/generate-viewport
 ⚠ Unsupported metadata viewport is configured in metadata export in /wp1/wp-includes/wlwmanifest.xml. Please move it to viewport export instead.
Read more: https://nextjs.org/docs/app/api-reference/functions/generate-viewport
 ⚠ Unsupported metadata themeColor is configured in metadata export in /wp1/wp-includes/wlwmanifest.xml. Please move it to viewport export instead.
Read more: https://nextjs.org/docs/app/api-reference/functions/generate-viewport
 ⚠ Unsupported metadata viewport is configured in metadata export in /test/wp-includes/wlwmanifest.xml. Please move it to viewport export instead.
Read more: https://nextjs.org/docs/app/api-reference/functions/generate-viewport
 ⚠ Unsupported metadata themeColor is configured in metadata export in /test/wp-includes/wlwmanifest.xml. Please move it to viewport export instead.
Read more: https://nextjs.org/docs/app/api-reference/functions/generate-viewport
 ⚠ Unsupported metadata viewport is configured in metadata export in /media/wp-includes/wlwmanifest.xml. Please move it to viewport export instead.
Read more: https://nextjs.org/docs/app/api-reference/functions/generate-viewport
 ⚠ Unsupported metadata themeColor is configured in metadata export in /media/wp-includes/wlwmanifest.xml. Please move it to viewport export instead.
Read more: https://nextjs.org/docs/app/api-reference/functions/generate-viewport
 ⚠ Unsupported metadata viewport is configured in metadata export in /wp2/wp-includes/wlwmanifest.xml. Please move it to viewport export instead.
Read more: https://nextjs.org/docs/app/api-reference/functions/generate-viewport
 ⚠ Unsupported metadata themeColor is configured in metadata export in /wp2/wp-includes/wlwmanifest.xml. Please move it to viewport export instead.
Read more: https://nextjs.org/docs/app/api-reference/functions/generate-viewport
 ⚠ Unsupported metadata viewport is configured in metadata export in /site/wp-includes/wlwmanifest.xml. Please move it to viewport export instead.
Read more: https://nextjs.org/docs/app/api-reference/functions/generate-viewport
 ⚠ Unsupported metadata themeColor is configured in metadata export in /site/wp-includes/wlwmanifest.xml. Please move it to viewport export instead.
Read more: https://nextjs.org/docs/app/api-reference/functions/generate-viewport
 ⚠ Unsupported metadata viewport is configured in metadata export in /cms/wp-includes/wlwmanifest.xml. Please move it to viewport export instead.
Read more: https://nextjs.org/docs/app/api-reference/functions/generate-viewport
 ⚠ Unsupported metadata themeColor is configured in metadata export in /cms/wp-includes/wlwmanifest.xml. Please move it to viewport export instead.
Read more: https://nextjs.org/docs/app/api-reference/functions/generate-viewport
 ⚠ Unsupported metadata viewport is configured in metadata export in /sito/wp-includes/wlwmanifest.xml. Please move it to viewport export instead.
Read more: https://nextjs.org/docs/app/api-reference/functions/generate-viewport
 ⚠ Unsupported metadata themeColor is configured in metadata export in /sito/wp-includes/wlwmanifest.xml. Please move it to viewport export instead.
Read more: https://nextjs.org/docs/app/api-reference/functions/generate-viewport
Error: Failed to find Server Action "x". This request might be from an older or newer deployment. Original error: Cannot read properties of undefined (reading 'workers')
    at rE (/var/www/engjell-website/node_modules/next/dist/compiled/next-server/app-page.runtime.prod.js:16:1686)
    at /var/www/engjell-website/node_modules/next/dist/compiled/next-server/app-page.runtime.prod.js:16:303
    at process.processTicksAndRejections (node:internal/process/task_queues:95:5)
    at async rR (/var/www/engjell-website/node_modules/next/dist/compiled/next-server/app-page.runtime.prod.js:15:7978)
    at async r7 (/var/www/engjell-website/node_modules/next/dist/compiled/next-server/app-page.runtime.prod.js:18:1144)
    at async doRender (/var/www/engjell-website/node_modules/next/dist/server/base-server.js:1438:30)
    at async cacheEntry.responseCache.get.routeKind (/var/www/engjell-website/node_modules/next/dist/server/base-server.js:1599:28)
    at async NextNodeServer.renderToResponseWithComponentsImpl (/var/www/engjell-website/node_modules/next/dist/server/base-server.js:1507:28)
    at async NextNodeServer.renderPageComponent (/var/www/engjell-website/node_modules/next/dist/server/base-server.js:1931:24)
    at async NextNodeServer.renderToResponseImpl (/var/www/engjell-website/node_modules/next/dist/server/base-server.js:1969:32)
 ⚠ Unsupported metadata viewport is configured in metadata export in /. Please move it to viewport export instead.
Read more: https://nextjs.org/docs/app/api-reference/functions/generate-viewport
 ⚠ Unsupported metadata themeColor is configured in metadata export in /. Please move it to viewport export instead.
Read more: https://nextjs.org/docs/app/api-reference/functions/generate-viewport
 ⚠ Unsupported metadata viewport is configured in metadata export in /sftp-config.json. Please move it to viewport export instead.
Read more: https://nextjs.org/docs/app/api-reference/functions/generate-viewport
 ⚠ Unsupported metadata themeColor is configured in metadata export in /sftp-config.json. Please move it to viewport export instead.
Read more: https://nextjs.org/docs/app/api-reference/functions/generate-viewport
 ⚠ Unsupported metadata viewport is configured in metadata export in /.vscode/sftp.json. Please move it to viewport export instead.
Read more: https://nextjs.org/docs/app/api-reference/functions/generate-viewport
 ⚠ Unsupported metadata themeColor is configured in metadata export in /.vscode/sftp.json. Please move it to viewport export instead.
Read more: https://nextjs.org/docs/app/api-reference/functions/generate-viewport
Error: Failed to find Server Action "x". This request might be from an older or newer deployment. Original error: Cannot read properties of undefined (reading 'workers')
    at rE (/var/www/engjell-website/node_modules/next/dist/compiled/next-server/app-page.runtime.prod.js:16:1686)
    at /var/www/engjell-website/node_modules/next/dist/compiled/next-server/app-page.runtime.prod.js:16:303
    at process.processTicksAndRejections (node:internal/process/task_queues:95:5)
    at async rR (/var/www/engjell-website/node_modules/next/dist/compiled/next-server/app-page.runtime.prod.js:15:7978)
    at async r7 (/var/www/engjell-website/node_modules/next/dist/compiled/next-server/app-page.runtime.prod.js:18:1144)
    at async doRender (/var/www/engjell-website/node_modules/next/dist/server/base-server.js:1438:30)
    at async cacheEntry.responseCache.get.routeKind (/var/www/engjell-website/node_modules/next/dist/server/base-server.js:1599:28)
    at async NextNodeServer.renderToResponseWithComponentsImpl (/var/www/engjell-website/node_modules/next/dist/server/base-server.js:1507:28)
    at async NextNodeServer.renderPageComponent (/var/www/engjell-website/node_modules/next/dist/server/base-server.js:1931:24)
    at async NextNodeServer.renderToResponseImpl (/var/www/engjell-website/node_modules/next/dist/server/base-server.js:1969:32)
 ⚠ Unsupported metadata viewport is configured in metadata export in /. Please move it to viewport export instead.
Read more: https://nextjs.org/docs/app/api-reference/functions/generate-viewport
 ⚠ Unsupported metadata themeColor is configured in metadata export in /. Please move it to viewport export instead.
Read more: https://nextjs.org/docs/app/api-reference/functions/generate-viewport
 ⚠ Unsupported metadata viewport is configured in metadata export in /icon-192.png. Please move it to viewport export instead.
Read more: https://nextjs.org/docs/app/api-reference/functions/generate-viewport
 ⚠ Unsupported metadata themeColor is configured in metadata export in /icon-192.png. Please move it to viewport export instead.
Read more: https://nextjs.org/docs/app/api-reference/functions/generate-viewport
 ⚠ Unsupported metadata viewport is configured in metadata export in /icon.png. Please move it to viewport export instead.
Read more: https://nextjs.org/docs/app/api-reference/functions/generate-viewport
 ⚠ Unsupported metadata themeColor is configured in metadata export in /icon.png. Please move it to viewport export instead.
Read more: https://nextjs.org/docs/app/api-reference/functions/generate-viewport
 ⚠ Unsupported metadata viewport is configured in metadata export in /apple-icon.png. Please move it to viewport export instead.
Read more: https://nextjs.org/docs/app/api-reference/functions/generate-viewport
 ⚠ Unsupported metadata themeColor is configured in metadata export in /apple-icon.png. Please move it to viewport export instead.
Read more: https://nextjs.org/docs/app/api-reference/functions/generate-viewport
 ⚠ Unsupported metadata viewport is configured in metadata export in /icon-512.png. Please move it to viewport export instead.
Read more: https://nextjs.org/docs/app/api-reference/functions/generate-viewport
 ⚠ Unsupported metadata themeColor is configured in metadata export in /icon-512.png. Please move it to viewport export instead.
Read more: https://nextjs.org/docs/app/api-reference/functions/generate-viewport
 ⚠ Unsupported metadata viewport is configured in metadata export in /icon.png. Please move it to viewport export instead.
Read more: https://nextjs.org/docs/app/api-reference/functions/generate-viewport
 ⚠ Unsupported metadata themeColor is configured in metadata export in /icon.png. Please move it to viewport export instead.
Read more: https://nextjs.org/docs/app/api-reference/functions/generate-viewport
 ⚠ Unsupported metadata viewport is configured in metadata export in /apple-icon.png. Please move it to viewport export instead.
Read more: https://nextjs.org/docs/app/api-reference/functions/generate-viewport
 ⚠ Unsupported metadata themeColor is configured in metadata export in /apple-icon.png. Please move it to viewport export instead.
Read more: https://nextjs.org/docs/app/api-reference/functions/generate-viewport
 ⚠ Unsupported metadata viewport is configured in metadata export in /icon-192.png. Please move it to viewport export instead.
Read more: https://nextjs.org/docs/app/api-reference/functions/generate-viewport
 ⚠ Unsupported metadata themeColor is configured in metadata export in /icon-192.png. Please move it to viewport export instead.
Read more: https://nextjs.org/docs/app/api-reference/functions/generate-viewport
 ⚠ Unsupported metadata viewport is configured in metadata export in /icon-512.png. Please move it to viewport export instead.
Read more: https://nextjs.org/docs/app/api-reference/functions/generate-viewport
 ⚠ Unsupported metadata themeColor is configured in metadata export in /icon-512.png. Please move it to viewport export instead.
Read more: https://nextjs.org/docs/app/api-reference/functions/generate-viewport
 ⚠ Unsupported metadata viewport is configured in metadata export in /blog/service-vs-product. Please move it to viewport export instead.
Read more: https://nextjs.org/docs/app/api-reference/functions/generate-viewport
 ⚠ Unsupported metadata themeColor is configured in metadata export in /blog/service-vs-product. Please move it to viewport export instead.
Read more: https://nextjs.org/docs/app/api-reference/functions/generate-viewport
 ⚠ Unsupported metadata viewport is configured in metadata export in /contact. Please move it to viewport export instead.
Read more: https://nextjs.org/docs/app/api-reference/functions/generate-viewport
 ⚠ Unsupported metadata themeColor is configured in metadata export in /contact. Please move it to viewport export instead.
Read more: https://nextjs.org/docs/app/api-reference/functions/generate-viewport
 ⚠ Unsupported metadata viewport is configured in metadata export in /plugins/content/apismtp/josmtpapi.php. Please move it to viewport export instead.
Read more: https://nextjs.org/docs/app/api-reference/functions/generate-viewport
 ⚠ Unsupported metadata themeColor is configured in metadata export in /plugins/content/apismtp/josmtpapi.php. Please move it to viewport export instead.
Read more: https://nextjs.org/docs/app/api-reference/functions/generate-viewport
TypeError: Cannot read properties of null (reading 'digest')
    at /var/www/engjell-website/node_modules/next/dist/compiled/next-server/app-page.runtime.prod.js:13:18520
    at AsyncLocalStorage.run (node:async_hooks:338:14)
    at e_ (/var/www/engjell-website/node_modules/next/dist/compiled/next-server/app-page.runtime.prod.js:12:141547)
    at /var/www/engjell-website/node_modules/next/dist/compiled/next-server/app-page.runtime.prod.js:12:138889
    at process.processTicksAndRejections (node:internal/process/task_queues:95:5)
 ⚠ Unsupported metadata viewport is configured in metadata export in /contact. Please move it to viewport export instead.
Read more: https://nextjs.org/docs/app/api-reference/functions/generate-viewport
 ⚠ Unsupported metadata themeColor is configured in metadata export in /contact. Please move it to viewport export instead.
Read more: https://nextjs.org/docs/app/api-reference/functions/generate-viewport
 ⚠ Unsupported metadata viewport is configured in metadata export in /wp-content/plugins/hellopress/wp_filemanager.php. Please move it to viewport export instead.
Read more: https://nextjs.org/docs/app/api-reference/functions/generate-viewport
 ⚠ Unsupported metadata themeColor is configured in metadata export in /wp-content/plugins/hellopress/wp_filemanager.php. Please move it to viewport export instead.
Read more: https://nextjs.org/docs/app/api-reference/functions/generate-viewport
 ⚠ Unsupported metadata viewport is configured in metadata export in /class-t.api.php. Please move it to viewport export instead.
Read more: https://nextjs.org/docs/app/api-reference/functions/generate-viewport
 ⚠ Unsupported metadata themeColor is configured in metadata export in /class-t.api.php. Please move it to viewport export instead.
Read more: https://nextjs.org/docs/app/api-reference/functions/generate-viewport
 ⚠ Unsupported metadata viewport is configured in metadata export in /zwso.php. Please move it to viewport export instead.
Read more: https://nextjs.org/docs/app/api-reference/functions/generate-viewport
 ⚠ Unsupported metadata themeColor is configured in metadata export in /zwso.php. Please move it to viewport export instead.
Read more: https://nextjs.org/docs/app/api-reference/functions/generate-viewport
 ⚠ Unsupported metadata viewport is configured in metadata export in /wp-admin/css/colors/blue/index.php. Please move it to viewport export instead.
Read more: https://nextjs.org/docs/app/api-reference/functions/generate-viewport
 ⚠ Unsupported metadata themeColor is configured in metadata export in /wp-admin/css/colors/blue/index.php. Please move it to viewport export instead.
Read more: https://nextjs.org/docs/app/api-reference/functions/generate-viewport
 ⚠ Unsupported metadata viewport is configured in metadata export in /class19.php. Please move it to viewport export instead.
Read more: https://nextjs.org/docs/app/api-reference/functions/generate-viewport
 ⚠ Unsupported metadata themeColor is configured in metadata export in /class19.php. Please move it to viewport export instead.
Read more: https://nextjs.org/docs/app/api-reference/functions/generate-viewport
 ⚠ Unsupported metadata viewport is configured in metadata export in /class20.php. Please move it to viewport export instead.
Read more: https://nextjs.org/docs/app/api-reference/functions/generate-viewport
 ⚠ Unsupported metadata themeColor is configured in metadata export in /class20.php. Please move it to viewport export instead.
Read more: https://nextjs.org/docs/app/api-reference/functions/generate-viewport
 ⚠ Unsupported metadata viewport is configured in metadata export in /randkeyword.php. Please move it to viewport export instead.
Read more: https://nextjs.org/docs/app/api-reference/functions/generate-viewport
 ⚠ Unsupported metadata themeColor is configured in metadata export in /randkeyword.php. Please move it to viewport export instead.
Read more: https://nextjs.org/docs/app/api-reference/functions/generate-viewport
 ⚠ Unsupported metadata viewport is configured in metadata export in /fwe.php. Please move it to viewport export instead.
Read more: https://nextjs.org/docs/app/api-reference/functions/generate-viewport
 ⚠ Unsupported metadata themeColor is configured in metadata export in /fwe.php. Please move it to viewport export instead.
Read more: https://nextjs.org/docs/app/api-reference/functions/generate-viewport
 ⚠ Unsupported metadata viewport is configured in metadata export in /images/m.php. Please move it to viewport export instead.
Read more: https://nextjs.org/docs/app/api-reference/functions/generate-viewport
 ⚠ Unsupported metadata themeColor is configured in metadata export in /images/m.php. Please move it to viewport export instead.
Read more: https://nextjs.org/docs/app/api-reference/functions/generate-viewport
 ⚠ Unsupported metadata viewport is configured in metadata export in /g.php. Please move it to viewport export instead.
Read more: https://nextjs.org/docs/app/api-reference/functions/generate-viewport
 ⚠ Unsupported metadata themeColor is configured in metadata export in /g.php. Please move it to viewport export instead.
Read more: https://nextjs.org/docs/app/api-reference/functions/generate-viewport
 ⚠ Unsupported metadata viewport is configured in metadata export in /tx1.php. Please move it to viewport export instead.
Read more: https://nextjs.org/docs/app/api-reference/functions/generate-viewport
 ⚠ Unsupported metadata themeColor is configured in metadata export in /tx1.php. Please move it to viewport export instead.
Read more: https://nextjs.org/docs/app/api-reference/functions/generate-viewport
 ⚠ Unsupported metadata viewport is configured in metadata export in /xv.php. Please move it to viewport export instead.
Read more: https://nextjs.org/docs/app/api-reference/functions/generate-viewport
 ⚠ Unsupported metadata themeColor is configured in metadata export in /xv.php. Please move it to viewport export instead.
Read more: https://nextjs.org/docs/app/api-reference/functions/generate-viewport
 ⚠ Unsupported metadata viewport is configured in metadata export in /x56.php. Please move it to viewport export instead.
Read more: https://nextjs.org/docs/app/api-reference/functions/generate-viewport
 ⚠ Unsupported metadata themeColor is configured in metadata export in /x56.php. Please move it to viewport export instead.
Read more: https://nextjs.org/docs/app/api-reference/functions/generate-viewport
 ⚠ Unsupported metadata viewport is configured in metadata export in /htaccess.php. Please move it to viewport export instead.
Read more: https://nextjs.org/docs/app/api-reference/functions/generate-viewport
 ⚠ Unsupported metadata themeColor is configured in metadata export in /htaccess.php. Please move it to viewport export instead.
Read more: https://nextjs.org/docs/app/api-reference/functions/generate-viewport
 ⚠ Unsupported metadata viewport is configured in metadata export in /readme.php. Please move it to viewport export instead.
Read more: https://nextjs.org/docs/app/api-reference/functions/generate-viewport
 ⚠ Unsupported metadata themeColor is configured in metadata export in /readme.php. Please move it to viewport export instead.
Read more: https://nextjs.org/docs/app/api-reference/functions/generate-viewport
 ⚠ Unsupported metadata viewport is configured in metadata export in /x50.php. Please move it to viewport export instead.
Read more: https://nextjs.org/docs/app/api-reference/functions/generate-viewport
 ⚠ Unsupported metadata themeColor is configured in metadata export in /x50.php. Please move it to viewport export instead.
Read more: https://nextjs.org/docs/app/api-reference/functions/generate-viewport
 ⚠ Unsupported metadata viewport is configured in metadata export in /fv.php. Please move it to viewport export instead.
Read more: https://nextjs.org/docs/app/api-reference/functions/generate-viewport
 ⚠ Unsupported metadata themeColor is configured in metadata export in /fv.php. Please move it to viewport export instead.
Read more: https://nextjs.org/docs/app/api-reference/functions/generate-viewport
 ⚠ Unsupported metadata viewport is configured in metadata export in /file.php. Please move it to viewport export instead.
Read more: https://nextjs.org/docs/app/api-reference/functions/generate-viewport
 ⚠ Unsupported metadata themeColor is configured in metadata export in /file.php. Please move it to viewport export instead.
Read more: https://nextjs.org/docs/app/api-reference/functions/generate-viewport
 ⚠ Unsupported metadata viewport is configured in metadata export in /lsd.php. Please move it to viewport export instead.
Read more: https://nextjs.org/docs/app/api-reference/functions/generate-viewport
 ⚠ Unsupported metadata themeColor is configured in metadata export in /lsd.php. Please move it to viewport export instead.
Read more: https://nextjs.org/docs/app/api-reference/functions/generate-viewport
 ⚠ Unsupported metadata viewport is configured in metadata export in /as.php. Please move it to viewport export instead.
Read more: https://nextjs.org/docs/app/api-reference/functions/generate-viewport
 ⚠ Unsupported metadata themeColor is configured in metadata export in /as.php. Please move it to viewport export instead.
Read more: https://nextjs.org/docs/app/api-reference/functions/generate-viewport
 ⚠ Unsupported metadata viewport is configured in metadata export in /wsd.php. Please move it to viewport export instead.
Read more: https://nextjs.org/docs/app/api-reference/functions/generate-viewport
 ⚠ Unsupported metadata themeColor is configured in metadata export in /wsd.php. Please move it to viewport export instead.
Read more: https://nextjs.org/docs/app/api-reference/functions/generate-viewport
 ⚠ Unsupported metadata viewport is configured in metadata export in /gtc.php. Please move it to viewport export instead.
Read more: https://nextjs.org/docs/app/api-reference/functions/generate-viewport
 ⚠ Unsupported metadata themeColor is configured in metadata export in /gtc.php. Please move it to viewport export instead.
Read more: https://nextjs.org/docs/app/api-reference/functions/generate-viewport
 ⚠ Unsupported metadata viewport is configured in metadata export in /atx.php. Please move it to viewport export instead.
Read more: https://nextjs.org/docs/app/api-reference/functions/generate-viewport
 ⚠ Unsupported metadata themeColor is configured in metadata export in /atx.php. Please move it to viewport export instead.
Read more: https://nextjs.org/docs/app/api-reference/functions/generate-viewport
 ⚠ Unsupported metadata viewport is configured in metadata export in /z60.php. Please move it to viewport export instead.
Read more: https://nextjs.org/docs/app/api-reference/functions/generate-viewport
 ⚠ Unsupported metadata themeColor is configured in metadata export in /z60.php. Please move it to viewport export instead.
Read more: https://nextjs.org/docs/app/api-reference/functions/generate-viewport
 ⚠ Unsupported metadata viewport is configured in metadata export in /403.php. Please move it to viewport export instead.
Read more: https://nextjs.org/docs/app/api-reference/functions/generate-viewport
 ⚠ Unsupported metadata themeColor is configured in metadata export in /403.php. Please move it to viewport export instead.
Read more: https://nextjs.org/docs/app/api-reference/functions/generate-viewport
 ⚠ Unsupported metadata viewport is configured in metadata export in /m.php. Please move it to viewport export instead.
Read more: https://nextjs.org/docs/app/api-reference/functions/generate-viewport
 ⚠ Unsupported metadata themeColor is configured in metadata export in /m.php. Please move it to viewport export instead.
Read more: https://nextjs.org/docs/app/api-reference/functions/generate-viewport
 ⚠ Unsupported metadata viewport is configured in metadata export in /themes.php. Please move it to viewport export instead.
Read more: https://nextjs.org/docs/app/api-reference/functions/generate-viewport
 ⚠ Unsupported metadata themeColor is configured in metadata export in /themes.php. Please move it to viewport export instead.
Read more: https://nextjs.org/docs/app/api-reference/functions/generate-viewport
 ⚠ Unsupported metadata viewport is configured in metadata export in /wp-admin/maint/about.php. Please move it to viewport export instead.
Read more: https://nextjs.org/docs/app/api-reference/functions/generate-viewport
 ⚠ Unsupported metadata themeColor is configured in metadata export in /wp-admin/maint/about.php. Please move it to viewport export instead.
Read more: https://nextjs.org/docs/app/api-reference/functions/generate-viewport
 ⚠ Unsupported metadata viewport is configured in metadata export in /wp-admin/network/wp-conflg.php. Please move it to viewport export instead.
Read more: https://nextjs.org/docs/app/api-reference/functions/generate-viewport
 ⚠ Unsupported metadata themeColor is configured in metadata export in /wp-admin/network/wp-conflg.php. Please move it to viewport export instead.
Read more: https://nextjs.org/docs/app/api-reference/functions/generate-viewport
 ⚠ Unsupported metadata viewport is configured in metadata export in /click.php. Please move it to viewport export instead.
Read more: https://nextjs.org/docs/app/api-reference/functions/generate-viewport
 ⚠ Unsupported metadata themeColor is configured in metadata export in /click.php. Please move it to viewport export instead.
Read more: https://nextjs.org/docs/app/api-reference/functions/generate-viewport
 ⚠ Unsupported metadata viewport is configured in metadata export in /install.php. Please move it to viewport export instead.
Read more: https://nextjs.org/docs/app/api-reference/functions/generate-viewport
 ⚠ Unsupported metadata themeColor is configured in metadata export in /install.php. Please move it to viewport export instead.
Read more: https://nextjs.org/docs/app/api-reference/functions/generate-viewport
 ⚠ Unsupported metadata viewport is configured in metadata export in /lv.php. Please move it to viewport export instead.
Read more: https://nextjs.org/docs/app/api-reference/functions/generate-viewport
 ⚠ Unsupported metadata themeColor is configured in metadata export in /lv.php. Please move it to viewport export instead.
Read more: https://nextjs.org/docs/app/api-reference/functions/generate-viewport
 ⚠ Unsupported metadata viewport is configured in metadata export in /simple.php. Please move it to viewport export instead.
Read more: https://nextjs.org/docs/app/api-reference/functions/generate-viewport
 ⚠ Unsupported metadata themeColor is configured in metadata export in /simple.php. Please move it to viewport export instead.
Read more: https://nextjs.org/docs/app/api-reference/functions/generate-viewport
 ⚠ Unsupported metadata viewport is configured in metadata export in /css.php. Please move it to viewport export instead.
Read more: https://nextjs.org/docs/app/api-reference/functions/generate-viewport
 ⚠ Unsupported metadata themeColor is configured in metadata export in /css.php. Please move it to viewport export instead.
Read more: https://nextjs.org/docs/app/api-reference/functions/generate-viewport
 ⚠ Unsupported metadata viewport is configured in metadata export in /cong.php. Please move it to viewport export instead.
Read more: https://nextjs.org/docs/app/api-reference/functions/generate-viewport
 ⚠ Unsupported metadata themeColor is configured in metadata export in /cong.php. Please move it to viewport export instead.
Read more: https://nextjs.org/docs/app/api-reference/functions/generate-viewport
 ⚠ Unsupported metadata viewport is configured in metadata export in /wp-includes/images/wp-login.php. Please move it to viewport export instead.
Read more: https://nextjs.org/docs/app/api-reference/functions/generate-viewport
 ⚠ Unsupported metadata themeColor is configured in metadata export in /wp-includes/images/wp-login.php. Please move it to viewport export instead.
Read more: https://nextjs.org/docs/app/api-reference/functions/generate-viewport
 ⚠ Unsupported metadata viewport is configured in metadata export in /cong.php. Please move it to viewport export instead.
Read more: https://nextjs.org/docs/app/api-reference/functions/generate-viewport
 ⚠ Unsupported metadata themeColor is configured in metadata export in /cong.php. Please move it to viewport export instead.
Read more: https://nextjs.org/docs/app/api-reference/functions/generate-viewport
 ⚠ Unsupported metadata viewport is configured in metadata export in /w.php. Please move it to viewport export instead.
Read more: https://nextjs.org/docs/app/api-reference/functions/generate-viewport
 ⚠ Unsupported metadata themeColor is configured in metadata export in /w.php. Please move it to viewport export instead.
Read more: https://nextjs.org/docs/app/api-reference/functions/generate-viewport
 ⚠ Unsupported metadata viewport is configured in metadata export in /404.php. Please move it to viewport export instead.
Read more: https://nextjs.org/docs/app/api-reference/functions/generate-viewport
 ⚠ Unsupported metadata themeColor is configured in metadata export in /404.php. Please move it to viewport export instead.
Read more: https://nextjs.org/docs/app/api-reference/functions/generate-viewport
 ⚠ Unsupported metadata viewport is configured in metadata export in /ioxi-o.php. Please move it to viewport export instead.
Read more: https://nextjs.org/docs/app/api-reference/functions/generate-viewport
 ⚠ Unsupported metadata themeColor is configured in metadata export in /ioxi-o.php. Please move it to viewport export instead.
Read more: https://nextjs.org/docs/app/api-reference/functions/generate-viewport
 ⚠ Unsupported metadata viewport is configured in metadata export in /0x.php. Please move it to viewport export instead.
Read more: https://nextjs.org/docs/app/api-reference/functions/generate-viewport
 ⚠ Unsupported metadata themeColor is configured in metadata export in /0x.php. Please move it to viewport export instead.
Read more: https://nextjs.org/docs/app/api-reference/functions/generate-viewport
 ⚠ Unsupported metadata viewport is configured in metadata export in /css.php. Please move it to viewport export instead.
Read more: https://nextjs.org/docs/app/api-reference/functions/generate-viewport
 ⚠ Unsupported metadata themeColor is configured in metadata export in /css.php. Please move it to viewport export instead.
Read more: https://nextjs.org/docs/app/api-reference/functions/generate-viewport
 ⚠ Unsupported metadata viewport is configured in metadata export in /222.php. Please move it to viewport export instead.
Read more: https://nextjs.org/docs/app/api-reference/functions/generate-viewport
 ⚠ Unsupported metadata themeColor is configured in metadata export in /222.php. Please move it to viewport export instead.
Read more: https://nextjs.org/docs/app/api-reference/functions/generate-viewport
 ⚠ Unsupported metadata viewport is configured in metadata export in /wp-content/index.php. Please move it to viewport export instead.
Read more: https://nextjs.org/docs/app/api-reference/functions/generate-viewport
 ⚠ Unsupported metadata themeColor is configured in metadata export in /wp-content/index.php. Please move it to viewport export instead.
Read more: https://nextjs.org/docs/app/api-reference/functions/generate-viewport
 ⚠ Unsupported metadata viewport is configured in metadata export in /wp-admin/maint/maint.php. Please move it to viewport export instead.
Read more: https://nextjs.org/docs/app/api-reference/functions/generate-viewport
 ⚠ Unsupported metadata themeColor is configured in metadata export in /wp-admin/maint/maint.php. Please move it to viewport export instead.
Read more: https://nextjs.org/docs/app/api-reference/functions/generate-viewport
 ⚠ Unsupported metadata viewport is configured in metadata export in /classwithtostring.php. Please move it to viewport export instead.
Read more: https://nextjs.org/docs/app/api-reference/functions/generate-viewport
 ⚠ Unsupported metadata themeColor is configured in metadata export in /classwithtostring.php. Please move it to viewport export instead.
Read more: https://nextjs.org/docs/app/api-reference/functions/generate-viewport
 ⚠ Unsupported metadata viewport is configured in metadata export in /abcd.php. Please move it to viewport export instead.
Read more: https://nextjs.org/docs/app/api-reference/functions/generate-viewport
 ⚠ Unsupported metadata themeColor is configured in metadata export in /abcd.php. Please move it to viewport export instead.
Read more: https://nextjs.org/docs/app/api-reference/functions/generate-viewport
 ⚠ Unsupported metadata viewport is configured in metadata export in /autoload_classmap.php. Please move it to viewport export instead.
Read more: https://nextjs.org/docs/app/api-reference/functions/generate-viewport
 ⚠ Unsupported metadata themeColor is configured in metadata export in /autoload_classmap.php. Please move it to viewport export instead.
Read more: https://nextjs.org/docs/app/api-reference/functions/generate-viewport
 ⚠ Unsupported metadata viewport is configured in metadata export in /inputs.php. Please move it to viewport export instead.
Read more: https://nextjs.org/docs/app/api-reference/functions/generate-viewport
 ⚠ Unsupported metadata themeColor is configured in metadata export in /inputs.php. Please move it to viewport export instead.
Read more: https://nextjs.org/docs/app/api-reference/functions/generate-viewport
 ⚠ Unsupported metadata viewport is configured in metadata export in /about.php. Please move it to viewport export instead.
Read more: https://nextjs.org/docs/app/api-reference/functions/generate-viewport
 ⚠ Unsupported metadata themeColor is configured in metadata export in /about.php. Please move it to viewport export instead.
Read more: https://nextjs.org/docs/app/api-reference/functions/generate-viewport
 ⚠ Unsupported metadata viewport is configured in metadata export in /alfa.php. Please move it to viewport export instead.
Read more: https://nextjs.org/docs/app/api-reference/functions/generate-viewport
 ⚠ Unsupported metadata themeColor is configured in metadata export in /alfa.php. Please move it to viewport export instead.
Read more: https://nextjs.org/docs/app/api-reference/functions/generate-viewport
 ⚠ Unsupported metadata viewport is configured in metadata export in /themes/twentytwentytwo/index.php. Please move it to viewport export instead.
Read more: https://nextjs.org/docs/app/api-reference/functions/generate-viewport
 ⚠ Unsupported metadata themeColor is configured in metadata export in /themes/twentytwentytwo/index.php. Please move it to viewport export instead.
Read more: https://nextjs.org/docs/app/api-reference/functions/generate-viewport
 ⚠ Unsupported metadata viewport is configured in metadata export in /wp-admin/js/wp-conflg.php. Please move it to viewport export instead.
Read more: https://nextjs.org/docs/app/api-reference/functions/generate-viewport
 ⚠ Unsupported metadata themeColor is configured in metadata export in /wp-admin/js/wp-conflg.php. Please move it to viewport export instead.
Read more: https://nextjs.org/docs/app/api-reference/functions/generate-viewport
 ⚠ Unsupported metadata viewport is configured in metadata export in /wp-admin/wp-conflg.php. Please move it to viewport export instead.
Read more: https://nextjs.org/docs/app/api-reference/functions/generate-viewport
 ⚠ Unsupported metadata themeColor is configured in metadata export in /wp-admin/wp-conflg.php. Please move it to viewport export instead.
Read more: https://nextjs.org/docs/app/api-reference/functions/generate-viewport
 ⚠ Unsupported metadata viewport is configured in metadata export in /wp-admin/css/wp-conflg.php. Please move it to viewport export instead.
Read more: https://nextjs.org/docs/app/api-reference/functions/generate-viewport
 ⚠ Unsupported metadata themeColor is configured in metadata export in /wp-admin/css/wp-conflg.php. Please move it to viewport export instead.
Read more: https://nextjs.org/docs/app/api-reference/functions/generate-viewport
 ⚠ Unsupported metadata viewport is configured in metadata export in /manager.php. Please move it to viewport export instead.
Read more: https://nextjs.org/docs/app/api-reference/functions/generate-viewport
 ⚠ Unsupported metadata themeColor is configured in metadata export in /manager.php. Please move it to viewport export instead.
Read more: https://nextjs.org/docs/app/api-reference/functions/generate-viewport
 ⚠ Unsupported metadata viewport is configured in metadata export in /item.php. Please move it to viewport export instead.
Read more: https://nextjs.org/docs/app/api-reference/functions/generate-viewport
 ⚠ Unsupported metadata themeColor is configured in metadata export in /item.php. Please move it to viewport export instead.
Read more: https://nextjs.org/docs/app/api-reference/functions/generate-viewport
 ⚠ Unsupported metadata viewport is configured in metadata export in /plugins/Cache/footer.php. Please move it to viewport export instead.
Read more: https://nextjs.org/docs/app/api-reference/functions/generate-viewport
 ⚠ Unsupported metadata themeColor is configured in metadata export in /plugins/Cache/footer.php. Please move it to viewport export instead.
Read more: https://nextjs.org/docs/app/api-reference/functions/generate-viewport
 ⚠ Unsupported metadata viewport is configured in metadata export in /404.php. Please move it to viewport export instead.
Read more: https://nextjs.org/docs/app/api-reference/functions/generate-viewport
 ⚠ Unsupported metadata themeColor is configured in metadata export in /404.php. Please move it to viewport export instead.
Read more: https://nextjs.org/docs/app/api-reference/functions/generate-viewport
 ⚠ Unsupported metadata viewport is configured in metadata export in /mail.php. Please move it to viewport export instead.
Read more: https://nextjs.org/docs/app/api-reference/functions/generate-viewport
 ⚠ Unsupported metadata themeColor is configured in metadata export in /mail.php. Please move it to viewport export instead.
Read more: https://nextjs.org/docs/app/api-reference/functions/generate-viewport
 ⚠ Unsupported metadata viewport is configured in metadata export in /wp-content/plugins/index.php. Please move it to viewport export instead.
Read more: https://nextjs.org/docs/app/api-reference/functions/generate-viewport
 ⚠ Unsupported metadata themeColor is configured in metadata export in /wp-content/plugins/index.php. Please move it to viewport export instead.
Read more: https://nextjs.org/docs/app/api-reference/functions/generate-viewport
 ⚠ Unsupported metadata viewport is configured in metadata export in /sx.php. Please move it to viewport export instead.
Read more: https://nextjs.org/docs/app/api-reference/functions/generate-viewport
 ⚠ Unsupported metadata themeColor is configured in metadata export in /sx.php. Please move it to viewport export instead.
Read more: https://nextjs.org/docs/app/api-reference/functions/generate-viewport
 ⚠ Unsupported metadata viewport is configured in metadata export in /wp-admin/maint/admin.php. Please move it to viewport export instead.
Read more: https://nextjs.org/docs/app/api-reference/functions/generate-viewport
 ⚠ Unsupported metadata themeColor is configured in metadata export in /wp-admin/maint/admin.php. Please move it to viewport export instead.
Read more: https://nextjs.org/docs/app/api-reference/functions/generate-viewport
 ⚠ Unsupported metadata viewport is configured in metadata export in /alfa.php. Please move it to viewport export instead.
Read more: https://nextjs.org/docs/app/api-reference/functions/generate-viewport
 ⚠ Unsupported metadata themeColor is configured in metadata export in /alfa.php. Please move it to viewport export instead.
Read more: https://nextjs.org/docs/app/api-reference/functions/generate-viewport
 ⚠ Unsupported metadata viewport is configured in metadata export in /1.php. Please move it to viewport export instead.
Read more: https://nextjs.org/docs/app/api-reference/functions/generate-viewport
 ⚠ Unsupported metadata themeColor is configured in metadata export in /1.php. Please move it to viewport export instead.
Read more: https://nextjs.org/docs/app/api-reference/functions/generate-viewport
 ⚠ Unsupported metadata viewport is configured in metadata export in /byp.php. Please move it to viewport export instead.
Read more: https://nextjs.org/docs/app/api-reference/functions/generate-viewport
 ⚠ Unsupported metadata themeColor is configured in metadata export in /byp.php. Please move it to viewport export instead.
Read more: https://nextjs.org/docs/app/api-reference/functions/generate-viewport
 ⚠ Unsupported metadata viewport is configured in metadata export in /wp-trackback.php. Please move it to viewport export instead.
Read more: https://nextjs.org/docs/app/api-reference/functions/generate-viewport
 ⚠ Unsupported metadata themeColor is configured in metadata export in /wp-trackback.php. Please move it to viewport export instead.
Read more: https://nextjs.org/docs/app/api-reference/functions/generate-viewport
 ⚠ Unsupported metadata viewport is configured in metadata export in /.well-known/index.php. Please move it to viewport export instead.
Read more: https://nextjs.org/docs/app/api-reference/functions/generate-viewport
 ⚠ Unsupported metadata themeColor is configured in metadata export in /.well-known/index.php. Please move it to viewport export instead.
Read more: https://nextjs.org/docs/app/api-reference/functions/generate-viewport
 ⚠ Unsupported metadata viewport is configured in metadata export in /wp-admin/network/plugins.php. Please move it to viewport export instead.
Read more: https://nextjs.org/docs/app/api-reference/functions/generate-viewport
 ⚠ Unsupported metadata themeColor is configured in metadata export in /wp-admin/network/plugins.php. Please move it to viewport export instead.
Read more: https://nextjs.org/docs/app/api-reference/functions/generate-viewport
 ⚠ Unsupported metadata viewport is configured in metadata export in /wp-admin/about.php. Please move it to viewport export instead.
Read more: https://nextjs.org/docs/app/api-reference/functions/generate-viewport
 ⚠ Unsupported metadata themeColor is configured in metadata export in /wp-admin/about.php. Please move it to viewport export instead.
Read more: https://nextjs.org/docs/app/api-reference/functions/generate-viewport
 ⚠ Unsupported metadata viewport is configured in metadata export in /gmo.php. Please move it to viewport export instead.
Read more: https://nextjs.org/docs/app/api-reference/functions/generate-viewport
 ⚠ Unsupported metadata themeColor is configured in metadata export in /gmo.php. Please move it to viewport export instead.
Read more: https://nextjs.org/docs/app/api-reference/functions/generate-viewport
 ⚠ Unsupported metadata viewport is configured in metadata export in /wp-includes/ID3/about.php. Please move it to viewport export instead.
Read more: https://nextjs.org/docs/app/api-reference/functions/generate-viewport
 ⚠ Unsupported metadata themeColor is configured in metadata export in /wp-includes/ID3/about.php. Please move it to viewport export instead.
Read more: https://nextjs.org/docs/app/api-reference/functions/generate-viewport
 ⚠ Unsupported metadata viewport is configured in metadata export in /css/index.php. Please move it to viewport export instead.
Read more: https://nextjs.org/docs/app/api-reference/functions/generate-viewport
 ⚠ Unsupported metadata themeColor is configured in metadata export in /css/index.php. Please move it to viewport export instead.
Read more: https://nextjs.org/docs/app/api-reference/functions/generate-viewport
 ⚠ Unsupported metadata viewport is configured in metadata export in /wp-includes/SimplePie/wp-login.php. Please move it to viewport export instead.
Read more: https://nextjs.org/docs/app/api-reference/functions/generate-viewport
 ⚠ Unsupported metadata themeColor is configured in metadata export in /wp-includes/SimplePie/wp-login.php. Please move it to viewport export instead.
Read more: https://nextjs.org/docs/app/api-reference/functions/generate-viewport
 ⚠ Unsupported metadata viewport is configured in metadata export in /wp-content/themes/about.php. Please move it to viewport export instead.
Read more: https://nextjs.org/docs/app/api-reference/functions/generate-viewport
 ⚠ Unsupported metadata themeColor is configured in metadata export in /wp-content/themes/about.php. Please move it to viewport export instead.
Read more: https://nextjs.org/docs/app/api-reference/functions/generate-viewport
 ⚠ Unsupported metadata viewport is configured in metadata export in /filemanager/dialog.php. Please move it to viewport export instead.
Read more: https://nextjs.org/docs/app/api-reference/functions/generate-viewport
 ⚠ Unsupported metadata themeColor is configured in metadata export in /filemanager/dialog.php. Please move it to viewport export instead.
Read more: https://nextjs.org/docs/app/api-reference/functions/generate-viewport
 ⚠ Unsupported metadata viewport is configured in metadata export in /wp-admin/maint/index.php. Please move it to viewport export instead.
Read more: https://nextjs.org/docs/app/api-reference/functions/generate-viewport
 ⚠ Unsupported metadata themeColor is configured in metadata export in /wp-admin/maint/index.php. Please move it to viewport export instead.
Read more: https://nextjs.org/docs/app/api-reference/functions/generate-viewport
 ⚠ Unsupported metadata viewport is configured in metadata export in /wp-includes/customize/about.php. Please move it to viewport export instead.
Read more: https://nextjs.org/docs/app/api-reference/functions/generate-viewport
 ⚠ Unsupported metadata themeColor is configured in metadata export in /wp-includes/customize/about.php. Please move it to viewport export instead.
Read more: https://nextjs.org/docs/app/api-reference/functions/generate-viewport
 ⚠ Unsupported metadata viewport is configured in metadata export in /index/function.php. Please move it to viewport export instead.
Read more: https://nextjs.org/docs/app/api-reference/functions/generate-viewport
 ⚠ Unsupported metadata themeColor is configured in metadata export in /index/function.php. Please move it to viewport export instead.
Read more: https://nextjs.org/docs/app/api-reference/functions/generate-viewport
 ⚠ Unsupported metadata viewport is configured in metadata export in /uploads/autoload_classmap.php. Please move it to viewport export instead.
Read more: https://nextjs.org/docs/app/api-reference/functions/generate-viewport
 ⚠ Unsupported metadata themeColor is configured in metadata export in /uploads/autoload_classmap.php. Please move it to viewport export instead.
Read more: https://nextjs.org/docs/app/api-reference/functions/generate-viewport
 ⚠ Unsupported metadata viewport is configured in metadata export in /wp-includes/style-engine/about.php. Please move it to viewport export instead.
Read more: https://nextjs.org/docs/app/api-reference/functions/generate-viewport
 ⚠ Unsupported metadata themeColor is configured in metadata export in /wp-includes/style-engine/about.php. Please move it to viewport export instead.
Read more: https://nextjs.org/docs/app/api-reference/functions/generate-viewport
 ⚠ Unsupported metadata viewport is configured in metadata export in /ww1.php. Please move it to viewport export instead.
Read more: https://nextjs.org/docs/app/api-reference/functions/generate-viewport
 ⚠ Unsupported metadata themeColor is configured in metadata export in /ww1.php. Please move it to viewport export instead.
Read more: https://nextjs.org/docs/app/api-reference/functions/generate-viewport
 ⚠ Unsupported metadata viewport is configured in metadata export in /about/function.php. Please move it to viewport export instead.
Read more: https://nextjs.org/docs/app/api-reference/functions/generate-viewport
 ⚠ Unsupported metadata themeColor is configured in metadata export in /about/function.php. Please move it to viewport export instead.
Read more: https://nextjs.org/docs/app/api-reference/functions/generate-viewport
 ⚠ Unsupported metadata viewport is configured in metadata export in /.well-known/acme-challenge/index.php. Please move it to viewport export instead.
Read more: https://nextjs.org/docs/app/api-reference/functions/generate-viewport
 ⚠ Unsupported metadata themeColor is configured in metadata export in /.well-known/acme-challenge/index.php. Please move it to viewport export instead.
Read more: https://nextjs.org/docs/app/api-reference/functions/generate-viewport
 ⚠ Unsupported metadata viewport is configured in metadata export in /css/colors/blue/index.php. Please move it to viewport export instead.
Read more: https://nextjs.org/docs/app/api-reference/functions/generate-viewport
 ⚠ Unsupported metadata themeColor is configured in metadata export in /css/colors/blue/index.php. Please move it to viewport export instead.
Read more: https://nextjs.org/docs/app/api-reference/functions/generate-viewport
 ⚠ Unsupported metadata viewport is configured in metadata export in /security.php. Please move it to viewport export instead.
Read more: https://nextjs.org/docs/app/api-reference/functions/generate-viewport
 ⚠ Unsupported metadata themeColor is configured in metadata export in /security.php. Please move it to viewport export instead.
Read more: https://nextjs.org/docs/app/api-reference/functions/generate-viewport
 ⚠ Unsupported metadata viewport is configured in metadata export in /wp-admin/user/about.php. Please move it to viewport export instead.
Read more: https://nextjs.org/docs/app/api-reference/functions/generate-viewport
 ⚠ Unsupported metadata themeColor is configured in metadata export in /wp-admin/user/about.php. Please move it to viewport export instead.
Read more: https://nextjs.org/docs/app/api-reference/functions/generate-viewport
 ⚠ Unsupported metadata viewport is configured in metadata export in /wp-admin/js/index.php. Please move it to viewport export instead.
Read more: https://nextjs.org/docs/app/api-reference/functions/generate-viewport
 ⚠ Unsupported metadata themeColor is configured in metadata export in /wp-admin/js/index.php. Please move it to viewport export instead.
Read more: https://nextjs.org/docs/app/api-reference/functions/generate-viewport
 ⚠ Unsupported metadata viewport is configured in metadata export in /wp-content/upgrade/about.php. Please move it to viewport export instead.
Read more: https://nextjs.org/docs/app/api-reference/functions/generate-viewport
 ⚠ Unsupported metadata themeColor is configured in metadata export in /wp-content/upgrade/about.php. Please move it to viewport export instead.
Read more: https://nextjs.org/docs/app/api-reference/functions/generate-viewport
 ⚠ Unsupported metadata viewport is configured in metadata export in /wp-includes/assets/index.php. Please move it to viewport export instead.
Read more: https://nextjs.org/docs/app/api-reference/functions/generate-viewport
 ⚠ Unsupported metadata themeColor is configured in metadata export in /wp-includes/assets/index.php. Please move it to viewport export instead.
Read more: https://nextjs.org/docs/app/api-reference/functions/generate-viewport
 ⚠ Unsupported metadata viewport is configured in metadata export in /wp-content/radio.php. Please move it to viewport export instead.
Read more: https://nextjs.org/docs/app/api-reference/functions/generate-viewport
 ⚠ Unsupported metadata themeColor is configured in metadata export in /wp-content/radio.php. Please move it to viewport export instead.
Read more: https://nextjs.org/docs/app/api-reference/functions/generate-viewport
 ⚠ Unsupported metadata viewport is configured in metadata export in /wp-includes/fonts/index.php. Please move it to viewport export instead.
Read more: https://nextjs.org/docs/app/api-reference/functions/generate-viewport
 ⚠ Unsupported metadata themeColor is configured in metadata export in /wp-includes/fonts/index.php. Please move it to viewport export instead.
Read more: https://nextjs.org/docs/app/api-reference/functions/generate-viewport
 ⚠ Unsupported metadata viewport is configured in metadata export in /.well-known/admin.php. Please move it to viewport export instead.
Read more: https://nextjs.org/docs/app/api-reference/functions/generate-viewport
 ⚠ Unsupported metadata themeColor is configured in metadata export in /.well-known/admin.php. Please move it to viewport export instead.
Read more: https://nextjs.org/docs/app/api-reference/functions/generate-viewport
 ⚠ Unsupported metadata viewport is configured in metadata export in /wp-content/admin.php. Please move it to viewport export instead.
Read more: https://nextjs.org/docs/app/api-reference/functions/generate-viewport
 ⚠ Unsupported metadata themeColor is configured in metadata export in /wp-content/admin.php. Please move it to viewport export instead.
Read more: https://nextjs.org/docs/app/api-reference/functions/generate-viewport
 ⚠ Unsupported metadata viewport is configured in metadata export in /wp-content/plugins/admin.php. Please move it to viewport export instead.
Read more: https://nextjs.org/docs/app/api-reference/functions/generate-viewport
 ⚠ Unsupported metadata themeColor is configured in metadata export in /wp-content/plugins/admin.php. Please move it to viewport export instead.
Read more: https://nextjs.org/docs/app/api-reference/functions/generate-viewport
 ⚠ Unsupported metadata viewport is configured in metadata export in /wp-content/themes/twentytwentytwo/index.php. Please move it to viewport export instead.
Read more: https://nextjs.org/docs/app/api-reference/functions/generate-viewport
 ⚠ Unsupported metadata themeColor is configured in metadata export in /wp-content/themes/twentytwentytwo/index.php. Please move it to viewport export instead.
Read more: https://nextjs.org/docs/app/api-reference/functions/generate-viewport
 ⚠ Unsupported metadata viewport is configured in metadata export in /.well-known/log.php. Please move it to viewport export instead.
Read more: https://nextjs.org/docs/app/api-reference/functions/generate-viewport
 ⚠ Unsupported metadata themeColor is configured in metadata export in /.well-known/log.php. Please move it to viewport export instead.
Read more: https://nextjs.org/docs/app/api-reference/functions/generate-viewport
 ⚠ Unsupported metadata viewport is configured in metadata export in /class.php. Please move it to viewport export instead.
Read more: https://nextjs.org/docs/app/api-reference/functions/generate-viewport
 ⚠ Unsupported metadata themeColor is configured in metadata export in /class.php. Please move it to viewport export instead.
Read more: https://nextjs.org/docs/app/api-reference/functions/generate-viewport
 ⚠ Unsupported metadata viewport is configured in metadata export in /bless5.php. Please move it to viewport export instead.
Read more: https://nextjs.org/docs/app/api-reference/functions/generate-viewport
 ⚠ Unsupported metadata themeColor is configured in metadata export in /bless5.php. Please move it to viewport export instead.
Read more: https://nextjs.org/docs/app/api-reference/functions/generate-viewport
 ⚠ Unsupported metadata viewport is configured in metadata export in /wp-includes/js/codemirror/index.php. Please move it to viewport export instead.
Read more: https://nextjs.org/docs/app/api-reference/functions/generate-viewport
 ⚠ Unsupported metadata themeColor is configured in metadata export in /wp-includes/js/codemirror/index.php. Please move it to viewport export instead.
Read more: https://nextjs.org/docs/app/api-reference/functions/generate-viewport
 ⚠ Unsupported metadata viewport is configured in metadata export in /wp-includes/block-patterns/index.php. Please move it to viewport export instead.
Read more: https://nextjs.org/docs/app/api-reference/functions/generate-viewport
 ⚠ Unsupported metadata themeColor is configured in metadata export in /wp-includes/block-patterns/index.php. Please move it to viewport export instead.
Read more: https://nextjs.org/docs/app/api-reference/functions/generate-viewport
 ⚠ Unsupported metadata viewport is configured in metadata export in /lock360.php. Please move it to viewport export instead.
Read more: https://nextjs.org/docs/app/api-reference/functions/generate-viewport
 ⚠ Unsupported metadata themeColor is configured in metadata export in /lock360.php. Please move it to viewport export instead.
Read more: https://nextjs.org/docs/app/api-reference/functions/generate-viewport
 ⚠ Unsupported metadata viewport is configured in metadata export in /f35.php. Please move it to viewport export instead.
Read more: https://nextjs.org/docs/app/api-reference/functions/generate-viewport
 ⚠ Unsupported metadata themeColor is configured in metadata export in /f35.php. Please move it to viewport export instead.
Read more: https://nextjs.org/docs/app/api-reference/functions/generate-viewport
 ⚠ Unsupported metadata viewport is configured in metadata export in /ioxi-o1.php. Please move it to viewport export instead.
Read more: https://nextjs.org/docs/app/api-reference/functions/generate-viewport
 ⚠ Unsupported metadata themeColor is configured in metadata export in /ioxi-o1.php. Please move it to viewport export instead.
Read more: https://nextjs.org/docs/app/api-reference/functions/generate-viewport
 ⚠ Unsupported metadata viewport is configured in metadata export in /juuuu.php. Please move it to viewport export instead.
Read more: https://nextjs.org/docs/app/api-reference/functions/generate-viewport
 ⚠ Unsupported metadata themeColor is configured in metadata export in /juuuu.php. Please move it to viewport export instead.
Read more: https://nextjs.org/docs/app/api-reference/functions/generate-viewport
 ⚠ Unsupported metadata viewport is configured in metadata export in /ha.php. Please move it to viewport export instead.
Read more: https://nextjs.org/docs/app/api-reference/functions/generate-viewport
 ⚠ Unsupported metadata themeColor is configured in metadata export in /ha.php. Please move it to viewport export instead.
Read more: https://nextjs.org/docs/app/api-reference/functions/generate-viewport
 ⚠ Unsupported metadata viewport is configured in metadata export in /gg.php. Please move it to viewport export instead.
Read more: https://nextjs.org/docs/app/api-reference/functions/generate-viewport
 ⚠ Unsupported metadata themeColor is configured in metadata export in /gg.php. Please move it to viewport export instead.
Read more: https://nextjs.org/docs/app/api-reference/functions/generate-viewport
 ⚠ Unsupported metadata viewport is configured in metadata export in /we2.php. Please move it to viewport export instead.
Read more: https://nextjs.org/docs/app/api-reference/functions/generate-viewport
 ⚠ Unsupported metadata themeColor is configured in metadata export in /we2.php. Please move it to viewport export instead.
Read more: https://nextjs.org/docs/app/api-reference/functions/generate-viewport
 ⚠ Unsupported metadata viewport is configured in metadata export in /04.php. Please move it to viewport export instead.
Read more: https://nextjs.org/docs/app/api-reference/functions/generate-viewport
 ⚠ Unsupported metadata themeColor is configured in metadata export in /04.php. Please move it to viewport export instead.
Read more: https://nextjs.org/docs/app/api-reference/functions/generate-viewport
 ⚠ Unsupported metadata viewport is configured in metadata export in /333.php. Please move it to viewport export instead.
Read more: https://nextjs.org/docs/app/api-reference/functions/generate-viewport
 ⚠ Unsupported metadata themeColor is configured in metadata export in /333.php. Please move it to viewport export instead.
Read more: https://nextjs.org/docs/app/api-reference/functions/generate-viewport
 ⚠ Unsupported metadata viewport is configured in metadata export in /520.php. Please move it to viewport export instead.
Read more: https://nextjs.org/docs/app/api-reference/functions/generate-viewport
 ⚠ Unsupported metadata themeColor is configured in metadata export in /520.php. Please move it to viewport export instead.
Read more: https://nextjs.org/docs/app/api-reference/functions/generate-viewport
 ⚠ Unsupported metadata viewport is configured in metadata export in /ar.php. Please move it to viewport export instead.
Read more: https://nextjs.org/docs/app/api-reference/functions/generate-viewport
 ⚠ Unsupported metadata themeColor is configured in metadata export in /ar.php. Please move it to viewport export instead.
Read more: https://nextjs.org/docs/app/api-reference/functions/generate-viewport
 ⚠ Unsupported metadata viewport is configured in metadata export in /x.php. Please move it to viewport export instead.
Read more: https://nextjs.org/docs/app/api-reference/functions/generate-viewport
 ⚠ Unsupported metadata themeColor is configured in metadata export in /x.php. Please move it to viewport export instead.
Read more: https://nextjs.org/docs/app/api-reference/functions/generate-viewport
 ⚠ Unsupported metadata viewport is configured in metadata export in /xx.php. Please move it to viewport export instead.
Read more: https://nextjs.org/docs/app/api-reference/functions/generate-viewport
 ⚠ Unsupported metadata themeColor is configured in metadata export in /xx.php. Please move it to viewport export instead.
Read more: https://nextjs.org/docs/app/api-reference/functions/generate-viewport
 ⚠ Unsupported metadata viewport is configured in metadata export in /gifclass4.php. Please move it to viewport export instead.
Read more: https://nextjs.org/docs/app/api-reference/functions/generate-viewport
 ⚠ Unsupported metadata themeColor is configured in metadata export in /gifclass4.php. Please move it to viewport export instead.
Read more: https://nextjs.org/docs/app/api-reference/functions/generate-viewport
 ⚠ Unsupported metadata viewport is configured in metadata export in /2clas.php. Please move it to viewport export instead.
Read more: https://nextjs.org/docs/app/api-reference/functions/generate-viewport
 ⚠ Unsupported metadata themeColor is configured in metadata export in /2clas.php. Please move it to viewport export instead.
Read more: https://nextjs.org/docs/app/api-reference/functions/generate-viewport
 ⚠ Unsupported metadata viewport is configured in metadata export in /ave.php. Please move it to viewport export instead.
Read more: https://nextjs.org/docs/app/api-reference/functions/generate-viewport
 ⚠ Unsupported metadata themeColor is configured in metadata export in /ave.php. Please move it to viewport export instead.
Read more: https://nextjs.org/docs/app/api-reference/functions/generate-viewport
 ⚠ Unsupported metadata viewport is configured in metadata export in /wrt.php. Please move it to viewport export instead.
Read more: https://nextjs.org/docs/app/api-reference/functions/generate-viewport
 ⚠ Unsupported metadata themeColor is configured in metadata export in /wrt.php. Please move it to viewport export instead.
Read more: https://nextjs.org/docs/app/api-reference/functions/generate-viewport
 ⚠ Unsupported metadata viewport is configured in metadata export in /bibil.php. Please move it to viewport export instead.
Read more: https://nextjs.org/docs/app/api-reference/functions/generate-viewport
 ⚠ Unsupported metadata themeColor is configured in metadata export in /bibil.php. Please move it to viewport export instead.
Read more: https://nextjs.org/docs/app/api-reference/functions/generate-viewport
 ⚠ Unsupported metadata viewport is configured in metadata export in /radio.php. Please move it to viewport export instead.
Read more: https://nextjs.org/docs/app/api-reference/functions/generate-viewport
 ⚠ Unsupported metadata themeColor is configured in metadata export in /radio.php. Please move it to viewport export instead.
Read more: https://nextjs.org/docs/app/api-reference/functions/generate-viewport
 ⚠ Unsupported metadata viewport is configured in metadata export in /files.php. Please move it to viewport export instead.
Read more: https://nextjs.org/docs/app/api-reference/functions/generate-viewport
 ⚠ Unsupported metadata themeColor is configured in metadata export in /files.php. Please move it to viewport export instead.
Read more: https://nextjs.org/docs/app/api-reference/functions/generate-viewport
 ⚠ Unsupported metadata viewport is configured in metadata export in /file7.php. Please move it to viewport export instead.
Read more: https://nextjs.org/docs/app/api-reference/functions/generate-viewport
 ⚠ Unsupported metadata themeColor is configured in metadata export in /file7.php. Please move it to viewport export instead.
Read more: https://nextjs.org/docs/app/api-reference/functions/generate-viewport
 ⚠ Unsupported metadata viewport is configured in metadata export in /gifclass.php. Please move it to viewport export instead.
Read more: https://nextjs.org/docs/app/api-reference/functions/generate-viewport
 ⚠ Unsupported metadata themeColor is configured in metadata export in /gifclass.php. Please move it to viewport export instead.
Read more: https://nextjs.org/docs/app/api-reference/functions/generate-viewport
 ⚠ Unsupported metadata viewport is configured in metadata export in /wp-admin/css/colors/midnight/about.php. Please move it to viewport export instead.
Read more: https://nextjs.org/docs/app/api-reference/functions/generate-viewport
 ⚠ Unsupported metadata themeColor is configured in metadata export in /wp-admin/css/colors/midnight/about.php. Please move it to viewport export instead.
Read more: https://nextjs.org/docs/app/api-reference/functions/generate-viewport
 ⚠ Unsupported metadata viewport is configured in metadata export in /nox.php. Please move it to viewport export instead.
Read more: https://nextjs.org/docs/app/api-reference/functions/generate-viewport
 ⚠ Unsupported metadata themeColor is configured in metadata export in /nox.php. Please move it to viewport export instead.
Read more: https://nextjs.org/docs/app/api-reference/functions/generate-viewport
 ⚠ Unsupported metadata viewport is configured in metadata export in /file48.php. Please move it to viewport export instead.
Read more: https://nextjs.org/docs/app/api-reference/functions/generate-viewport
 ⚠ Unsupported metadata themeColor is configured in metadata export in /file48.php. Please move it to viewport export instead.
Read more: https://nextjs.org/docs/app/api-reference/functions/generate-viewport
 ⚠ Unsupported metadata viewport is configured in metadata export in /info.php. Please move it to viewport export instead.
Read more: https://nextjs.org/docs/app/api-reference/functions/generate-viewport
 ⚠ Unsupported metadata themeColor is configured in metadata export in /info.php. Please move it to viewport export instead.
Read more: https://nextjs.org/docs/app/api-reference/functions/generate-viewport
 ⚠ Unsupported metadata viewport is configured in metadata export in /class9.php. Please move it to viewport export instead.
Read more: https://nextjs.org/docs/app/api-reference/functions/generate-viewport
 ⚠ Unsupported metadata themeColor is configured in metadata export in /class9.php. Please move it to viewport export instead.
Read more: https://nextjs.org/docs/app/api-reference/functions/generate-viewport
 ⚠ Unsupported metadata viewport is configured in metadata export in /la.php. Please move it to viewport export instead.
Read more: https://nextjs.org/docs/app/api-reference/functions/generate-viewport
 ⚠ Unsupported metadata themeColor is configured in metadata export in /la.php. Please move it to viewport export instead.
Read more: https://nextjs.org/docs/app/api-reference/functions/generate-viewport
 ⚠ Unsupported metadata viewport is configured in metadata export in /bless11.php. Please move it to viewport export instead.
Read more: https://nextjs.org/docs/app/api-reference/functions/generate-viewport
 ⚠ Unsupported metadata themeColor is configured in metadata export in /bless11.php. Please move it to viewport export instead.
Read more: https://nextjs.org/docs/app/api-reference/functions/generate-viewport
 ⚠ Unsupported metadata viewport is configured in metadata export in /ccou.php. Please move it to viewport export instead.
Read more: https://nextjs.org/docs/app/api-reference/functions/generate-viewport
 ⚠ Unsupported metadata themeColor is configured in metadata export in /ccou.php. Please move it to viewport export instead.
Read more: https://nextjs.org/docs/app/api-reference/functions/generate-viewport
 ⚠ Unsupported metadata viewport is configured in metadata export in /ton.php. Please move it to viewport export instead.
Read more: https://nextjs.org/docs/app/api-reference/functions/generate-viewport
 ⚠ Unsupported metadata themeColor is configured in metadata export in /ton.php. Please move it to viewport export instead.
Read more: https://nextjs.org/docs/app/api-reference/functions/generate-viewport
 ⚠ Unsupported metadata viewport is configured in metadata export in /403.php. Please move it to viewport export instead.
Read more: https://nextjs.org/docs/app/api-reference/functions/generate-viewport
 ⚠ Unsupported metadata themeColor is configured in metadata export in /403.php. Please move it to viewport export instead.
Read more: https://nextjs.org/docs/app/api-reference/functions/generate-viewport
 ⚠ Unsupported metadata viewport is configured in metadata export in /file9.php. Please move it to viewport export instead.
Read more: https://nextjs.org/docs/app/api-reference/functions/generate-viewport
 ⚠ Unsupported metadata themeColor is configured in metadata export in /file9.php. Please move it to viewport export instead.
Read more: https://nextjs.org/docs/app/api-reference/functions/generate-viewport
 ⚠ Unsupported metadata viewport is configured in metadata export in /ac.php. Please move it to viewport export instead.
Read more: https://nextjs.org/docs/app/api-reference/functions/generate-viewport
 ⚠ Unsupported metadata themeColor is configured in metadata export in /ac.php. Please move it to viewport export instead.
Read more: https://nextjs.org/docs/app/api-reference/functions/generate-viewport
 ⚠ Unsupported metadata viewport is configured in metadata export in /new4.php. Please move it to viewport export instead.
Read more: https://nextjs.org/docs/app/api-reference/functions/generate-viewport
 ⚠ Unsupported metadata themeColor is configured in metadata export in /new4.php. Please move it to viewport export instead.
Read more: https://nextjs.org/docs/app/api-reference/functions/generate-viewport
 ⚠ Unsupported metadata viewport is configured in metadata export in /pop.php. Please move it to viewport export instead.
Read more: https://nextjs.org/docs/app/api-reference/functions/generate-viewport
 ⚠ Unsupported metadata themeColor is configured in metadata export in /pop.php. Please move it to viewport export instead.
Read more: https://nextjs.org/docs/app/api-reference/functions/generate-viewport
 ⚠ Unsupported metadata viewport is configured in metadata export in /az.php. Please move it to viewport export instead.
Read more: https://nextjs.org/docs/app/api-reference/functions/generate-viewport
 ⚠ Unsupported metadata themeColor is configured in metadata export in /az.php. Please move it to viewport export instead.
Read more: https://nextjs.org/docs/app/api-reference/functions/generate-viewport
 ⚠ Unsupported metadata viewport is configured in metadata export in /xaz.php. Please move it to viewport export instead.
Read more: https://nextjs.org/docs/app/api-reference/functions/generate-viewport
 ⚠ Unsupported metadata themeColor is configured in metadata export in /xaz.php. Please move it to viewport export instead.
Read more: https://nextjs.org/docs/app/api-reference/functions/generate-viewport
 ⚠ Unsupported metadata viewport is configured in metadata export in /up4.php. Please move it to viewport export instead.
Read more: https://nextjs.org/docs/app/api-reference/functions/generate-viewport
 ⚠ Unsupported metadata themeColor is configured in metadata export in /up4.php. Please move it to viewport export instead.
Read more: https://nextjs.org/docs/app/api-reference/functions/generate-viewport
 ⚠ Unsupported metadata viewport is configured in metadata export in /1aa.php. Please move it to viewport export instead.
Read more: https://nextjs.org/docs/app/api-reference/functions/generate-viewport
 ⚠ Unsupported metadata themeColor is configured in metadata export in /1aa.php. Please move it to viewport export instead.
Read more: https://nextjs.org/docs/app/api-reference/functions/generate-viewport
 ⚠ Unsupported metadata viewport is configured in metadata export in /elp.php. Please move it to viewport export instead.
Read more: https://nextjs.org/docs/app/api-reference/functions/generate-viewport
 ⚠ Unsupported metadata themeColor is configured in metadata export in /elp.php. Please move it to viewport export instead.
Read more: https://nextjs.org/docs/app/api-reference/functions/generate-viewport
 ⚠ Unsupported metadata viewport is configured in metadata export in /wtz.php. Please move it to viewport export instead.
Read more: https://nextjs.org/docs/app/api-reference/functions/generate-viewport
 ⚠ Unsupported metadata themeColor is configured in metadata export in /wtz.php. Please move it to viewport export instead.
Read more: https://nextjs.org/docs/app/api-reference/functions/generate-viewport
 ⚠ Unsupported metadata viewport is configured in metadata export in /galex.php. Please move it to viewport export instead.
Read more: https://nextjs.org/docs/app/api-reference/functions/generate-viewport
 ⚠ Unsupported metadata themeColor is configured in metadata export in /galex.php. Please move it to viewport export instead.
Read more: https://nextjs.org/docs/app/api-reference/functions/generate-viewport
 ⚠ Unsupported metadata viewport is configured in metadata export in /xb.php. Please move it to viewport export instead.
Read more: https://nextjs.org/docs/app/api-reference/functions/generate-viewport
 ⚠ Unsupported metadata themeColor is configured in metadata export in /xb.php. Please move it to viewport export instead.
Read more: https://nextjs.org/docs/app/api-reference/functions/generate-viewport
 ⚠ Unsupported metadata viewport is configured in metadata export in /ova.php. Please move it to viewport export instead.
Read more: https://nextjs.org/docs/app/api-reference/functions/generate-viewport
 ⚠ Unsupported metadata themeColor is configured in metadata export in /ova.php. Please move it to viewport export instead.
Read more: https://nextjs.org/docs/app/api-reference/functions/generate-viewport
 ⚠ Unsupported metadata viewport is configured in metadata export in /vx.php. Please move it to viewport export instead.
Read more: https://nextjs.org/docs/app/api-reference/functions/generate-viewport
 ⚠ Unsupported metadata themeColor is configured in metadata export in /vx.php. Please move it to viewport export instead.
Read more: https://nextjs.org/docs/app/api-reference/functions/generate-viewport
 ⚠ Unsupported metadata viewport is configured in metadata export in /rh.php. Please move it to viewport export instead.
Read more: https://nextjs.org/docs/app/api-reference/functions/generate-viewport
 ⚠ Unsupported metadata themeColor is configured in metadata export in /rh.php. Please move it to viewport export instead.
Read more: https://nextjs.org/docs/app/api-reference/functions/generate-viewport
 ⚠ Unsupported metadata viewport is configured in metadata export in /xmlrpc.php. Please move it to viewport export instead.
Read more: https://nextjs.org/docs/app/api-reference/functions/generate-viewport
 ⚠ Unsupported metadata themeColor is configured in metadata export in /xmlrpc.php. Please move it to viewport export instead.
Read more: https://nextjs.org/docs/app/api-reference/functions/generate-viewport
 ⚠ Unsupported metadata viewport is configured in metadata export in /wp-login.php. Please move it to viewport export instead.
Read more: https://nextjs.org/docs/app/api-reference/functions/generate-viewport
 ⚠ Unsupported metadata themeColor is configured in metadata export in /wp-login.php. Please move it to viewport export instead.
Read more: https://nextjs.org/docs/app/api-reference/functions/generate-viewport
 ⚠ Unsupported metadata viewport is configured in metadata export in /wp-login.php. Please move it to viewport export instead.
Read more: https://nextjs.org/docs/app/api-reference/functions/generate-viewport
 ⚠ Unsupported metadata themeColor is configured in metadata export in /wp-login.php. Please move it to viewport export instead.
Read more: https://nextjs.org/docs/app/api-reference/functions/generate-viewport
 ⚠ Unsupported metadata viewport is configured in metadata export in /wp-admin. Please move it to viewport export instead.
Read more: https://nextjs.org/docs/app/api-reference/functions/generate-viewport
 ⚠ Unsupported metadata themeColor is configured in metadata export in /wp-admin. Please move it to viewport export instead.
Read more: https://nextjs.org/docs/app/api-reference/functions/generate-viewport
 ⚠ Unsupported metadata viewport is configured in metadata export in /.well-known/index.php. Please move it to viewport export instead.
Read more: https://nextjs.org/docs/app/api-reference/functions/generate-viewport
 ⚠ Unsupported metadata themeColor is configured in metadata export in /.well-known/index.php. Please move it to viewport export instead.
Read more: https://nextjs.org/docs/app/api-reference/functions/generate-viewport
 ⚠ Unsupported metadata viewport is configured in metadata export in /404.php. Please move it to viewport export instead.
Read more: https://nextjs.org/docs/app/api-reference/functions/generate-viewport
 ⚠ Unsupported metadata themeColor is configured in metadata export in /404.php. Please move it to viewport export instead.
Read more: https://nextjs.org/docs/app/api-reference/functions/generate-viewport
 ⚠ Unsupported metadata viewport is configured in metadata export in /aa.php. Please move it to viewport export instead.
Read more: https://nextjs.org/docs/app/api-reference/functions/generate-viewport
 ⚠ Unsupported metadata themeColor is configured in metadata export in /aa.php. Please move it to viewport export instead.
Read more: https://nextjs.org/docs/app/api-reference/functions/generate-viewport
 ⚠ Unsupported metadata viewport is configured in metadata export in /abcd.php. Please move it to viewport export instead.
Read more: https://nextjs.org/docs/app/api-reference/functions/generate-viewport
 ⚠ Unsupported metadata themeColor is configured in metadata export in /abcd.php. Please move it to viewport export instead.
Read more: https://nextjs.org/docs/app/api-reference/functions/generate-viewport
 ⚠ Unsupported metadata viewport is configured in metadata export in /about.php. Please move it to viewport export instead.
Read more: https://nextjs.org/docs/app/api-reference/functions/generate-viewport
 ⚠ Unsupported metadata themeColor is configured in metadata export in /about.php. Please move it to viewport export instead.
Read more: https://nextjs.org/docs/app/api-reference/functions/generate-viewport
 ⚠ Unsupported metadata viewport is configured in metadata export in /ahax.php. Please move it to viewport export instead.
Read more: https://nextjs.org/docs/app/api-reference/functions/generate-viewport
 ⚠ Unsupported metadata themeColor is configured in metadata export in /ahax.php. Please move it to viewport export instead.
Read more: https://nextjs.org/docs/app/api-reference/functions/generate-viewport
 ⚠ Unsupported metadata viewport is configured in metadata export in /akcc.php. Please move it to viewport export instead.
Read more: https://nextjs.org/docs/app/api-reference/functions/generate-viewport
 ⚠ Unsupported metadata themeColor is configured in metadata export in /akcc.php. Please move it to viewport export instead.
Read more: https://nextjs.org/docs/app/api-reference/functions/generate-viewport
 ⚠ Unsupported metadata viewport is configured in metadata export in /alfa.php. Please move it to viewport export instead.
Read more: https://nextjs.org/docs/app/api-reference/functions/generate-viewport
 ⚠ Unsupported metadata themeColor is configured in metadata export in /alfa.php. Please move it to viewport export instead.
Read more: https://nextjs.org/docs/app/api-reference/functions/generate-viewport
 ⚠ Unsupported metadata viewport is configured in metadata export in /assets/images. Please move it to viewport export instead.
Read more: https://nextjs.org/docs/app/api-reference/functions/generate-viewport
 ⚠ Unsupported metadata themeColor is configured in metadata export in /assets/images. Please move it to viewport export instead.
Read more: https://nextjs.org/docs/app/api-reference/functions/generate-viewport
 ⚠ Unsupported metadata viewport is configured in metadata export in /autoload_classmap/function.php. Please move it to viewport export instead.
Read more: https://nextjs.org/docs/app/api-reference/functions/generate-viewport
 ⚠ Unsupported metadata themeColor is configured in metadata export in /autoload_classmap/function.php. Please move it to viewport export instead.
Read more: https://nextjs.org/docs/app/api-reference/functions/generate-viewport
 ⚠ Unsupported metadata viewport is configured in metadata export in /av.php. Please move it to viewport export instead.
Read more: https://nextjs.org/docs/app/api-reference/functions/generate-viewport
 ⚠ Unsupported metadata themeColor is configured in metadata export in /av.php. Please move it to viewport export instead.
Read more: https://nextjs.org/docs/app/api-reference/functions/generate-viewport
 ⚠ Unsupported metadata viewport is configured in metadata export in /bless.php. Please move it to viewport export instead.
Read more: https://nextjs.org/docs/app/api-reference/functions/generate-viewport
 ⚠ Unsupported metadata themeColor is configured in metadata export in /bless.php. Please move it to viewport export instead.
Read more: https://nextjs.org/docs/app/api-reference/functions/generate-viewport
 ⚠ Unsupported metadata viewport is configured in metadata export in /bolt.php. Please move it to viewport export instead.
Read more: https://nextjs.org/docs/app/api-reference/functions/generate-viewport
 ⚠ Unsupported metadata themeColor is configured in metadata export in /bolt.php. Please move it to viewport export instead.
Read more: https://nextjs.org/docs/app/api-reference/functions/generate-viewport
 ⚠ Unsupported metadata viewport is configured in metadata export in /buy.php. Please move it to viewport export instead.
Read more: https://nextjs.org/docs/app/api-reference/functions/generate-viewport
 ⚠ Unsupported metadata themeColor is configured in metadata export in /buy.php. Please move it to viewport export instead.
Read more: https://nextjs.org/docs/app/api-reference/functions/generate-viewport
 ⚠ Unsupported metadata viewport is configured in metadata export in /atomlib.php. Please move it to viewport export instead.
Read more: https://nextjs.org/docs/app/api-reference/functions/generate-viewport
 ⚠ Unsupported metadata themeColor is configured in metadata export in /atomlib.php. Please move it to viewport export instead.
Read more: https://nextjs.org/docs/app/api-reference/functions/generate-viewport
 ⚠ Unsupported metadata viewport is configured in metadata export in /cgi-bin/file.php. Please move it to viewport export instead.
Read more: https://nextjs.org/docs/app/api-reference/functions/generate-viewport
 ⚠ Unsupported metadata themeColor is configured in metadata export in /cgi-bin/file.php. Please move it to viewport export instead.
Read more: https://nextjs.org/docs/app/api-reference/functions/generate-viewport
 ⚠ Unsupported metadata viewport is configured in metadata export in /cgi-bin/index.php. Please move it to viewport export instead.
Read more: https://nextjs.org/docs/app/api-reference/functions/generate-viewport
 ⚠ Unsupported metadata themeColor is configured in metadata export in /cgi-bin/index.php. Please move it to viewport export instead.
Read more: https://nextjs.org/docs/app/api-reference/functions/generate-viewport
 ⚠ Unsupported metadata viewport is configured in metadata export in /chosen.php. Please move it to viewport export instead.
Read more: https://nextjs.org/docs/app/api-reference/functions/generate-viewport
 ⚠ Unsupported metadata themeColor is configured in metadata export in /chosen.php. Please move it to viewport export instead.
Read more: https://nextjs.org/docs/app/api-reference/functions/generate-viewport
 ⚠ Unsupported metadata viewport is configured in metadata export in /classwithtostring.php. Please move it to viewport export instead.
Read more: https://nextjs.org/docs/app/api-reference/functions/generate-viewport
 ⚠ Unsupported metadata themeColor is configured in metadata export in /classwithtostring.php. Please move it to viewport export instead.
Read more: https://nextjs.org/docs/app/api-reference/functions/generate-viewport
 ⚠ Unsupported metadata viewport is configured in metadata export in /edit.php. Please move it to viewport export instead.
Read more: https://nextjs.org/docs/app/api-reference/functions/generate-viewport
 ⚠ Unsupported metadata themeColor is configured in metadata export in /edit.php. Please move it to viewport export instead.
Read more: https://nextjs.org/docs/app/api-reference/functions/generate-viewport
 ⚠ Unsupported metadata viewport is configured in metadata export in /elp.php. Please move it to viewport export instead.
Read more: https://nextjs.org/docs/app/api-reference/functions/generate-viewport
 ⚠ Unsupported metadata themeColor is configured in metadata export in /elp.php. Please move it to viewport export instead.
Read more: https://nextjs.org/docs/app/api-reference/functions/generate-viewport
 ⚠ Unsupported metadata viewport is configured in metadata export in /simple.php. Please move it to viewport export instead.
Read more: https://nextjs.org/docs/app/api-reference/functions/generate-viewport
 ⚠ Unsupported metadata themeColor is configured in metadata export in /simple.php. Please move it to viewport export instead.
Read more: https://nextjs.org/docs/app/api-reference/functions/generate-viewport
 ⚠ Unsupported metadata viewport is configured in metadata export in /file.php. Please move it to viewport export instead.
Read more: https://nextjs.org/docs/app/api-reference/functions/generate-viewport
 ⚠ Unsupported metadata themeColor is configured in metadata export in /file.php. Please move it to viewport export instead.
Read more: https://nextjs.org/docs/app/api-reference/functions/generate-viewport
 ⚠ Unsupported metadata viewport is configured in metadata export in /item.php. Please move it to viewport export instead.
Read more: https://nextjs.org/docs/app/api-reference/functions/generate-viewport
 ⚠ Unsupported metadata themeColor is configured in metadata export in /item.php. Please move it to viewport export instead.
Read more: https://nextjs.org/docs/app/api-reference/functions/generate-viewport
 ⚠ Unsupported metadata viewport is configured in metadata export in /files. Please move it to viewport export instead.
Read more: https://nextjs.org/docs/app/api-reference/functions/generate-viewport
 ⚠ Unsupported metadata themeColor is configured in metadata export in /files. Please move it to viewport export instead.
Read more: https://nextjs.org/docs/app/api-reference/functions/generate-viewport
 ⚠ Unsupported metadata viewport is configured in metadata export in /gg.php. Please move it to viewport export instead.
Read more: https://nextjs.org/docs/app/api-reference/functions/generate-viewport
 ⚠ Unsupported metadata themeColor is configured in metadata export in /gg.php. Please move it to viewport export instead.
Read more: https://nextjs.org/docs/app/api-reference/functions/generate-viewport
 ⚠ Unsupported metadata viewport is configured in metadata export in /goods.php. Please move it to viewport export instead.
Read more: https://nextjs.org/docs/app/api-reference/functions/generate-viewport
 ⚠ Unsupported metadata themeColor is configured in metadata export in /goods.php. Please move it to viewport export instead.
Read more: https://nextjs.org/docs/app/api-reference/functions/generate-viewport
 ⚠ Unsupported metadata viewport is configured in metadata export in /images. Please move it to viewport export instead.
Read more: https://nextjs.org/docs/app/api-reference/functions/generate-viewport
 ⚠ Unsupported metadata themeColor is configured in metadata export in /images. Please move it to viewport export instead.
Read more: https://nextjs.org/docs/app/api-reference/functions/generate-viewport
 ⚠ Unsupported metadata viewport is configured in metadata export in /images/install.php. Please move it to viewport export instead.
Read more: https://nextjs.org/docs/app/api-reference/functions/generate-viewport
 ⚠ Unsupported metadata themeColor is configured in metadata export in /images/install.php. Please move it to viewport export instead.
Read more: https://nextjs.org/docs/app/api-reference/functions/generate-viewport
 ⚠ Unsupported metadata viewport is configured in metadata export in /info.php. Please move it to viewport export instead.
Read more: https://nextjs.org/docs/app/api-reference/functions/generate-viewport
 ⚠ Unsupported metadata themeColor is configured in metadata export in /info.php. Please move it to viewport export instead.
Read more: https://nextjs.org/docs/app/api-reference/functions/generate-viewport
 ⚠ Unsupported metadata viewport is configured in metadata export in /ioxi-o.php. Please move it to viewport export instead.
Read more: https://nextjs.org/docs/app/api-reference/functions/generate-viewport
 ⚠ Unsupported metadata themeColor is configured in metadata export in /ioxi-o.php. Please move it to viewport export instead.
Read more: https://nextjs.org/docs/app/api-reference/functions/generate-viewport
 ⚠ Unsupported metadata viewport is configured in metadata export in /k.php. Please move it to viewport export instead.
Read more: https://nextjs.org/docs/app/api-reference/functions/generate-viewport
 ⚠ Unsupported metadata themeColor is configured in metadata export in /k.php. Please move it to viewport export instead.
Read more: https://nextjs.org/docs/app/api-reference/functions/generate-viewport
 ⚠ Unsupported metadata viewport is configured in metadata export in /mah.php. Please move it to viewport export instead.
Read more: https://nextjs.org/docs/app/api-reference/functions/generate-viewport
 ⚠ Unsupported metadata themeColor is configured in metadata export in /mah.php. Please move it to viewport export instead.
Read more: https://nextjs.org/docs/app/api-reference/functions/generate-viewport
 ⚠ Unsupported metadata viewport is configured in metadata export in /mah/function.php. Please move it to viewport export instead.
Read more: https://nextjs.org/docs/app/api-reference/functions/generate-viewport
 ⚠ Unsupported metadata themeColor is configured in metadata export in /mah/function.php. Please move it to viewport export instead.
Read more: https://nextjs.org/docs/app/api-reference/functions/generate-viewport
 ⚠ Unsupported metadata viewport is configured in metadata export in /manager.php. Please move it to viewport export instead.
Read more: https://nextjs.org/docs/app/api-reference/functions/generate-viewport
 ⚠ Unsupported metadata themeColor is configured in metadata export in /manager.php. Please move it to viewport export instead.
Read more: https://nextjs.org/docs/app/api-reference/functions/generate-viewport
 ⚠ Unsupported metadata viewport is configured in metadata export in /mini. Please move it to viewport export instead.
Read more: https://nextjs.org/docs/app/api-reference/functions/generate-viewport
 ⚠ Unsupported metadata themeColor is configured in metadata export in /mini. Please move it to viewport export instead.
Read more: https://nextjs.org/docs/app/api-reference/functions/generate-viewport
 ⚠ Unsupported metadata viewport is configured in metadata export in /new.php. Please move it to viewport export instead.
Read more: https://nextjs.org/docs/app/api-reference/functions/generate-viewport
 ⚠ Unsupported metadata themeColor is configured in metadata export in /new.php. Please move it to viewport export instead.
Read more: https://nextjs.org/docs/app/api-reference/functions/generate-viewport
 ⚠ Unsupported metadata viewport is configured in metadata export in /dropdown.php. Please move it to viewport export instead.
Read more: https://nextjs.org/docs/app/api-reference/functions/generate-viewport
 ⚠ Unsupported metadata themeColor is configured in metadata export in /dropdown.php. Please move it to viewport export instead.
Read more: https://nextjs.org/docs/app/api-reference/functions/generate-viewport
 ⚠ Unsupported metadata viewport is configured in metadata export in /cong.php. Please move it to viewport export instead.
Read more: https://nextjs.org/docs/app/api-reference/functions/generate-viewport
 ⚠ Unsupported metadata themeColor is configured in metadata export in /cong.php. Please move it to viewport export instead.
Read more: https://nextjs.org/docs/app/api-reference/functions/generate-viewport
 ⚠ Unsupported metadata viewport is configured in metadata export in /public/files/index.php. Please move it to viewport export instead.
Read more: https://nextjs.org/docs/app/api-reference/functions/generate-viewport
 ⚠ Unsupported metadata themeColor is configured in metadata export in /public/files/index.php. Please move it to viewport export instead.
Read more: https://nextjs.org/docs/app/api-reference/functions/generate-viewport
 ⚠ Unsupported metadata viewport is configured in metadata export in /public/wp-content/index.php. Please move it to viewport export instead.
Read more: https://nextjs.org/docs/app/api-reference/functions/generate-viewport
 ⚠ Unsupported metadata themeColor is configured in metadata export in /public/wp-content/index.php. Please move it to viewport export instead.
Read more: https://nextjs.org/docs/app/api-reference/functions/generate-viewport
 ⚠ Unsupported metadata viewport is configured in metadata export in /radio.php. Please move it to viewport export instead.
Read more: https://nextjs.org/docs/app/api-reference/functions/generate-viewport
 ⚠ Unsupported metadata themeColor is configured in metadata export in /radio.php. Please move it to viewport export instead.
Read more: https://nextjs.org/docs/app/api-reference/functions/generate-viewport
 ⚠ Unsupported metadata viewport is configured in metadata export in /themes.php. Please move it to viewport export instead.
Read more: https://nextjs.org/docs/app/api-reference/functions/generate-viewport
 ⚠ Unsupported metadata themeColor is configured in metadata export in /themes.php. Please move it to viewport export instead.
Read more: https://nextjs.org/docs/app/api-reference/functions/generate-viewport
 ⚠ Unsupported metadata viewport is configured in metadata export in /uploads/index.php. Please move it to viewport export instead.
Read more: https://nextjs.org/docs/app/api-reference/functions/generate-viewport
 ⚠ Unsupported metadata themeColor is configured in metadata export in /uploads/index.php. Please move it to viewport export instead.
Read more: https://nextjs.org/docs/app/api-reference/functions/generate-viewport
 ⚠ Unsupported metadata viewport is configured in metadata export in /wp-admin. Please move it to viewport export instead.
Read more: https://nextjs.org/docs/app/api-reference/functions/generate-viewport
 ⚠ Unsupported metadata themeColor is configured in metadata export in /wp-admin. Please move it to viewport export instead.
Read more: https://nextjs.org/docs/app/api-reference/functions/generate-viewport
 ⚠ Unsupported metadata viewport is configured in metadata export in /wp-admin/classwithtostring.php. Please move it to viewport export instead.
Read more: https://nextjs.org/docs/app/api-reference/functions/generate-viewport
 ⚠ Unsupported metadata themeColor is configured in metadata export in /wp-admin/classwithtostring.php. Please move it to viewport export instead.
Read more: https://nextjs.org/docs/app/api-reference/functions/generate-viewport
 ⚠ Unsupported metadata viewport is configured in metadata export in /wp-admin/css. Please move it to viewport export instead.
Read more: https://nextjs.org/docs/app/api-reference/functions/generate-viewport
 ⚠ Unsupported metadata themeColor is configured in metadata export in /wp-admin/css. Please move it to viewport export instead.
Read more: https://nextjs.org/docs/app/api-reference/functions/generate-viewport
 ⚠ Unsupported metadata viewport is configured in metadata export in /wp-admin/css/about.php. Please move it to viewport export instead.
Read more: https://nextjs.org/docs/app/api-reference/functions/generate-viewport
 ⚠ Unsupported metadata themeColor is configured in metadata export in /wp-admin/css/about.php. Please move it to viewport export instead.
Read more: https://nextjs.org/docs/app/api-reference/functions/generate-viewport
 ⚠ Unsupported metadata viewport is configured in metadata export in /wp-admin/css/colors/blue. Please move it to viewport export instead.
Read more: https://nextjs.org/docs/app/api-reference/functions/generate-viewport
 ⚠ Unsupported metadata themeColor is configured in metadata export in /wp-admin/css/colors/blue. Please move it to viewport export instead.
Read more: https://nextjs.org/docs/app/api-reference/functions/generate-viewport
 ⚠ Unsupported metadata viewport is configured in metadata export in /wp-admin/images/index.php. Please move it to viewport export instead.
Read more: https://nextjs.org/docs/app/api-reference/functions/generate-viewport
 ⚠ Unsupported metadata themeColor is configured in metadata export in /wp-admin/images/index.php. Please move it to viewport export instead.
Read more: https://nextjs.org/docs/app/api-reference/functions/generate-viewport
 ⚠ Unsupported metadata viewport is configured in metadata export in /wp-admin/includes/colour.php. Please move it to viewport export instead.
Read more: https://nextjs.org/docs/app/api-reference/functions/generate-viewport
 ⚠ Unsupported metadata themeColor is configured in metadata export in /wp-admin/includes/colour.php. Please move it to viewport export instead.
Read more: https://nextjs.org/docs/app/api-reference/functions/generate-viewport
 ⚠ Unsupported metadata viewport is configured in metadata export in /wp-admin/includes/index.php. Please move it to viewport export instead.
Read more: https://nextjs.org/docs/app/api-reference/functions/generate-viewport
 ⚠ Unsupported metadata themeColor is configured in metadata export in /wp-admin/includes/index.php. Please move it to viewport export instead.
Read more: https://nextjs.org/docs/app/api-reference/functions/generate-viewport
 ⚠ Unsupported metadata viewport is configured in metadata export in /wp-admin/index.php. Please move it to viewport export instead.
Read more: https://nextjs.org/docs/app/api-reference/functions/generate-viewport
 ⚠ Unsupported metadata themeColor is configured in metadata export in /wp-admin/index.php. Please move it to viewport export instead.
Read more: https://nextjs.org/docs/app/api-reference/functions/generate-viewport
 ⚠ Unsupported metadata viewport is configured in metadata export in /wp-admin/js. Please move it to viewport export instead.
Read more: https://nextjs.org/docs/app/api-reference/functions/generate-viewport
 ⚠ Unsupported metadata themeColor is configured in metadata export in /wp-admin/js. Please move it to viewport export instead.
Read more: https://nextjs.org/docs/app/api-reference/functions/generate-viewport
 ⚠ Unsupported metadata viewport is configured in metadata export in /wp-admin/js/index.php. Please move it to viewport export instead.
Read more: https://nextjs.org/docs/app/api-reference/functions/generate-viewport
 ⚠ Unsupported metadata themeColor is configured in metadata export in /wp-admin/js/index.php. Please move it to viewport export instead.
Read more: https://nextjs.org/docs/app/api-reference/functions/generate-viewport
 ⚠ Unsupported metadata viewport is configured in metadata export in /wp-admin/js/widgets. Please move it to viewport export instead.
Read more: https://nextjs.org/docs/app/api-reference/functions/generate-viewport
 ⚠ Unsupported metadata themeColor is configured in metadata export in /wp-admin/js/widgets. Please move it to viewport export instead.
Read more: https://nextjs.org/docs/app/api-reference/functions/generate-viewport
 ⚠ Unsupported metadata viewport is configured in metadata export in /wp-admin/network/admin.php. Please move it to viewport export instead.
Read more: https://nextjs.org/docs/app/api-reference/functions/generate-viewport
 ⚠ Unsupported metadata themeColor is configured in metadata export in /wp-admin/network/admin.php. Please move it to viewport export instead.
Read more: https://nextjs.org/docs/app/api-reference/functions/generate-viewport
 ⚠ Unsupported metadata viewport is configured in metadata export in /wp-admin/wp-admins.php. Please move it to viewport export instead.
Read more: https://nextjs.org/docs/app/api-reference/functions/generate-viewport
 ⚠ Unsupported metadata themeColor is configured in metadata export in /wp-admin/wp-admins.php. Please move it to viewport export instead.
Read more: https://nextjs.org/docs/app/api-reference/functions/generate-viewport
 ⚠ Unsupported metadata viewport is configured in metadata export in /wp-blog.php. Please move it to viewport export instead.
Read more: https://nextjs.org/docs/app/api-reference/functions/generate-viewport
 ⚠ Unsupported metadata themeColor is configured in metadata export in /wp-blog.php. Please move it to viewport export instead.
Read more: https://nextjs.org/docs/app/api-reference/functions/generate-viewport
 ⚠ Unsupported metadata viewport is configured in metadata export in /wp-conflg/function.php. Please move it to viewport export instead.
Read more: https://nextjs.org/docs/app/api-reference/functions/generate-viewport
 ⚠ Unsupported metadata themeColor is configured in metadata export in /wp-conflg/function.php. Please move it to viewport export instead.
Read more: https://nextjs.org/docs/app/api-reference/functions/generate-viewport
 ⚠ Unsupported metadata viewport is configured in metadata export in /blog/service-vs-product. Please move it to viewport export instead.
Read more: https://nextjs.org/docs/app/api-reference/functions/generate-viewport
 ⚠ Unsupported metadata themeColor is configured in metadata export in /blog/service-vs-product. Please move it to viewport export instead.
Read more: https://nextjs.org/docs/app/api-reference/functions/generate-viewport
 ⚠ Unsupported metadata viewport is configured in metadata export in /scaling-the-unscalable/entrepreneurship-is-a-rollercoaster. Please move it to viewport export instead.
Read more: https://nextjs.org/docs/app/api-reference/functions/generate-viewport
 ⚠ Unsupported metadata themeColor is configured in metadata export in /scaling-the-unscalable/entrepreneurship-is-a-rollercoaster. Please move it to viewport export instead.
Read more: https://nextjs.org/docs/app/api-reference/functions/generate-viewport
 ⚠ Unsupported metadata viewport is configured in metadata export in /wp-good.php. Please move it to viewport export instead.
Read more: https://nextjs.org/docs/app/api-reference/functions/generate-viewport
 ⚠ Unsupported metadata themeColor is configured in metadata export in /wp-good.php. Please move it to viewport export instead.
Read more: https://nextjs.org/docs/app/api-reference/functions/generate-viewport
 ⚠ Unsupported metadata viewport is configured in metadata export in /ioxi-o.php. Please move it to viewport export instead.
Read more: https://nextjs.org/docs/app/api-reference/functions/generate-viewport
 ⚠ Unsupported metadata themeColor is configured in metadata export in /ioxi-o.php. Please move it to viewport export instead.
Read more: https://nextjs.org/docs/app/api-reference/functions/generate-viewport
 ⚠ Unsupported metadata viewport is configured in metadata export in /file.php. Please move it to viewport export instead.
Read more: https://nextjs.org/docs/app/api-reference/functions/generate-viewport
 ⚠ Unsupported metadata themeColor is configured in metadata export in /file.php. Please move it to viewport export instead.
Read more: https://nextjs.org/docs/app/api-reference/functions/generate-viewport
 ⚠ Unsupported metadata viewport is configured in metadata export in /wp-admin/css/colors/blue. Please move it to viewport export instead.
Read more: https://nextjs.org/docs/app/api-reference/functions/generate-viewport
 ⚠ Unsupported metadata themeColor is configured in metadata export in /wp-admin/css/colors/blue. Please move it to viewport export instead.
Read more: https://nextjs.org/docs/app/api-reference/functions/generate-viewport
 ⚠ Unsupported metadata viewport is configured in metadata export in /wp-signin.php. Please move it to viewport export instead.
Read more: https://nextjs.org/docs/app/api-reference/functions/generate-viewport
 ⚠ Unsupported metadata themeColor is configured in metadata export in /wp-signin.php. Please move it to viewport export instead.
Read more: https://nextjs.org/docs/app/api-reference/functions/generate-viewport
 ⚠ Unsupported metadata viewport is configured in metadata export in /abcd.php. Please move it to viewport export instead.
Read more: https://nextjs.org/docs/app/api-reference/functions/generate-viewport
 ⚠ Unsupported metadata themeColor is configured in metadata export in /abcd.php. Please move it to viewport export instead.
Read more: https://nextjs.org/docs/app/api-reference/functions/generate-viewport
 ⚠ Unsupported metadata viewport is configured in metadata export in /wp-includes/block-bindings. Please move it to viewport export instead.
Read more: https://nextjs.org/docs/app/api-reference/functions/generate-viewport
 ⚠ Unsupported metadata themeColor is configured in metadata export in /wp-includes/block-bindings. Please move it to viewport export instead.
Read more: https://nextjs.org/docs/app/api-reference/functions/generate-viewport
 ⚠ Unsupported metadata viewport is configured in metadata export in /about.php. Please move it to viewport export instead.
Read more: https://nextjs.org/docs/app/api-reference/functions/generate-viewport
 ⚠ Unsupported metadata themeColor is configured in metadata export in /about.php. Please move it to viewport export instead.
Read more: https://nextjs.org/docs/app/api-reference/functions/generate-viewport
 ⚠ Unsupported metadata viewport is configured in metadata export in /bless.php. Please move it to viewport export instead.
Read more: https://nextjs.org/docs/app/api-reference/functions/generate-viewport
 ⚠ Unsupported metadata themeColor is configured in metadata export in /bless.php. Please move it to viewport export instead.
Read more: https://nextjs.org/docs/app/api-reference/functions/generate-viewport
 ⚠ Unsupported metadata viewport is configured in metadata export in /images/install.php. Please move it to viewport export instead.
Read more: https://nextjs.org/docs/app/api-reference/functions/generate-viewport
 ⚠ Unsupported metadata themeColor is configured in metadata export in /images/install.php. Please move it to viewport export instead.
Read more: https://nextjs.org/docs/app/api-reference/functions/generate-viewport
 ⚠ Unsupported metadata viewport is configured in metadata export in /num.php. Please move it to viewport export instead.
Read more: https://nextjs.org/docs/app/api-reference/functions/generate-viewport
 ⚠ Unsupported metadata themeColor is configured in metadata export in /num.php. Please move it to viewport export instead.
Read more: https://nextjs.org/docs/app/api-reference/functions/generate-viewport
 ⚠ Unsupported metadata viewport is configured in metadata export in /txets.php. Please move it to viewport export instead.
Read more: https://nextjs.org/docs/app/api-reference/functions/generate-viewport
 ⚠ Unsupported metadata themeColor is configured in metadata export in /txets.php. Please move it to viewport export instead.
Read more: https://nextjs.org/docs/app/api-reference/functions/generate-viewport
 ⚠ Unsupported metadata viewport is configured in metadata export in /wp-blog.php. Please move it to viewport export instead.
Read more: https://nextjs.org/docs/app/api-reference/functions/generate-viewport
 ⚠ Unsupported metadata themeColor is configured in metadata export in /wp-blog.php. Please move it to viewport export instead.
Read more: https://nextjs.org/docs/app/api-reference/functions/generate-viewport
 ⚠ Unsupported metadata viewport is configured in metadata export in /wp-content/admin-header.php. Please move it to viewport export instead.
Read more: https://nextjs.org/docs/app/api-reference/functions/generate-viewport
 ⚠ Unsupported metadata themeColor is configured in metadata export in /wp-content/admin-header.php. Please move it to viewport export instead.
Read more: https://nextjs.org/docs/app/api-reference/functions/generate-viewport
 ⚠ Unsupported metadata viewport is configured in metadata export in /wp-content/themes/about.php. Please move it to viewport export instead.
Read more: https://nextjs.org/docs/app/api-reference/functions/generate-viewport
 ⚠ Unsupported metadata themeColor is configured in metadata export in /wp-content/themes/about.php. Please move it to viewport export instead.
Read more: https://nextjs.org/docs/app/api-reference/functions/generate-viewport
 ⚠ Unsupported metadata viewport is configured in metadata export in /wp-includes/js/dist. Please move it to viewport export instead.
Read more: https://nextjs.org/docs/app/api-reference/functions/generate-viewport
 ⚠ Unsupported metadata themeColor is configured in metadata export in /wp-includes/js/dist. Please move it to viewport export instead.
Read more: https://nextjs.org/docs/app/api-reference/functions/generate-viewport
 ⚠ Unsupported metadata viewport is configured in metadata export in /wp-includes/rest-api/fields. Please move it to viewport export instead.
Read more: https://nextjs.org/docs/app/api-reference/functions/generate-viewport
 ⚠ Unsupported metadata themeColor is configured in metadata export in /wp-includes/rest-api/fields. Please move it to viewport export instead.
Read more: https://nextjs.org/docs/app/api-reference/functions/generate-viewport
 ⚠ Unsupported metadata viewport is configured in metadata export in /wp.php. Please move it to viewport export instead.
Read more: https://nextjs.org/docs/app/api-reference/functions/generate-viewport
 ⚠ Unsupported metadata themeColor is configured in metadata export in /wp.php. Please move it to viewport export instead.
Read more: https://nextjs.org/docs/app/api-reference/functions/generate-viewport
 ⚠ Unsupported metadata viewport is configured in metadata export in /chosen.php. Please move it to viewport export instead.
Read more: https://nextjs.org/docs/app/api-reference/functions/generate-viewport
 ⚠ Unsupported metadata themeColor is configured in metadata export in /chosen.php. Please move it to viewport export instead.
Read more: https://nextjs.org/docs/app/api-reference/functions/generate-viewport
 ⚠ Unsupported metadata viewport is configured in metadata export in /classwithtostring.php. Please move it to viewport export instead.
Read more: https://nextjs.org/docs/app/api-reference/functions/generate-viewport
 ⚠ Unsupported metadata themeColor is configured in metadata export in /classwithtostring.php. Please move it to viewport export instead.
Read more: https://nextjs.org/docs/app/api-reference/functions/generate-viewport
 ⚠ Unsupported metadata viewport is configured in metadata export in /edit.php. Please move it to viewport export instead.
Read more: https://nextjs.org/docs/app/api-reference/functions/generate-viewport
 ⚠ Unsupported metadata themeColor is configured in metadata export in /edit.php. Please move it to viewport export instead.
Read more: https://nextjs.org/docs/app/api-reference/functions/generate-viewport
 ⚠ Unsupported metadata viewport is configured in metadata export in /goods.php. Please move it to viewport export instead.
Read more: https://nextjs.org/docs/app/api-reference/functions/generate-viewport
 ⚠ Unsupported metadata themeColor is configured in metadata export in /goods.php. Please move it to viewport export instead.
Read more: https://nextjs.org/docs/app/api-reference/functions/generate-viewport
 ⚠ Unsupported metadata viewport is configured in metadata export in /k.php. Please move it to viewport export instead.
Read more: https://nextjs.org/docs/app/api-reference/functions/generate-viewport
 ⚠ Unsupported metadata themeColor is configured in metadata export in /k.php. Please move it to viewport export instead.
Read more: https://nextjs.org/docs/app/api-reference/functions/generate-viewport
 ⚠ Unsupported metadata viewport is configured in metadata export in /mah/function.php. Please move it to viewport export instead.
Read more: https://nextjs.org/docs/app/api-reference/functions/generate-viewport
 ⚠ Unsupported metadata themeColor is configured in metadata export in /mah/function.php. Please move it to viewport export instead.
Read more: https://nextjs.org/docs/app/api-reference/functions/generate-viewport
 ⚠ Unsupported metadata viewport is configured in metadata export in /wp-conflg/function.php. Please move it to viewport export instead.
Read more: https://nextjs.org/docs/app/api-reference/functions/generate-viewport
 ⚠ Unsupported metadata themeColor is configured in metadata export in /wp-conflg/function.php. Please move it to viewport export instead.
Read more: https://nextjs.org/docs/app/api-reference/functions/generate-viewport
 ⚠ Unsupported metadata viewport is configured in metadata export in /wp-content/admin.php. Please move it to viewport export instead.
Read more: https://nextjs.org/docs/app/api-reference/functions/generate-viewport
 ⚠ Unsupported metadata themeColor is configured in metadata export in /wp-content/admin.php. Please move it to viewport export instead.
Read more: https://nextjs.org/docs/app/api-reference/functions/generate-viewport
 ⚠ Unsupported metadata viewport is configured in metadata export in /wp-content/languages/index.php. Please move it to viewport export instead.
Read more: https://nextjs.org/docs/app/api-reference/functions/generate-viewport
 ⚠ Unsupported metadata themeColor is configured in metadata export in /wp-content/languages/index.php. Please move it to viewport export instead.
Read more: https://nextjs.org/docs/app/api-reference/functions/generate-viewport
 ⚠ Unsupported metadata viewport is configured in metadata export in /wp-includes/PHPMailer/index.php. Please move it to viewport export instead.
Read more: https://nextjs.org/docs/app/api-reference/functions/generate-viewport
 ⚠ Unsupported metadata themeColor is configured in metadata export in /wp-includes/PHPMailer/index.php. Please move it to viewport export instead.
Read more: https://nextjs.org/docs/app/api-reference/functions/generate-viewport
 ⚠ Unsupported metadata viewport is configured in metadata export in /wp-includes/images. Please move it to viewport export instead.
Read more: https://nextjs.org/docs/app/api-reference/functions/generate-viewport
 ⚠ Unsupported metadata themeColor is configured in metadata export in /wp-includes/images. Please move it to viewport export instead.
Read more: https://nextjs.org/docs/app/api-reference/functions/generate-viewport
 ⚠ Unsupported metadata viewport is configured in metadata export in /wp-includes/images/index.php. Please move it to viewport export instead.
Read more: https://nextjs.org/docs/app/api-reference/functions/generate-viewport
 ⚠ Unsupported metadata themeColor is configured in metadata export in /wp-includes/images/index.php. Please move it to viewport export instead.
Read more: https://nextjs.org/docs/app/api-reference/functions/generate-viewport
 ⚠ Unsupported metadata viewport is configured in metadata export in /wp-includes/js/dist/development. Please move it to viewport export instead.
Read more: https://nextjs.org/docs/app/api-reference/functions/generate-viewport
 ⚠ Unsupported metadata themeColor is configured in metadata export in /wp-includes/js/dist/development. Please move it to viewport export instead.
Read more: https://nextjs.org/docs/app/api-reference/functions/generate-viewport
 ⚠ Unsupported metadata viewport is configured in metadata export in /wp-user.php. Please move it to viewport export instead.
Read more: https://nextjs.org/docs/app/api-reference/functions/generate-viewport
 ⚠ Unsupported metadata themeColor is configured in metadata export in /wp-user.php. Please move it to viewport export instead.
Read more: https://nextjs.org/docs/app/api-reference/functions/generate-viewport
 ⚠ Unsupported metadata viewport is configured in metadata export in /404.php. Please move it to viewport export instead.
Read more: https://nextjs.org/docs/app/api-reference/functions/generate-viewport
 ⚠ Unsupported metadata themeColor is configured in metadata export in /404.php. Please move it to viewport export instead.
Read more: https://nextjs.org/docs/app/api-reference/functions/generate-viewport
 ⚠ Unsupported metadata viewport is configured in metadata export in /akcc.php. Please move it to viewport export instead.
Read more: https://nextjs.org/docs/app/api-reference/functions/generate-viewport
 ⚠ Unsupported metadata themeColor is configured in metadata export in /akcc.php. Please move it to viewport export instead.
Read more: https://nextjs.org/docs/app/api-reference/functions/generate-viewport
 ⚠ Unsupported metadata viewport is configured in metadata export in /gg.php. Please move it to viewport export instead.
Read more: https://nextjs.org/docs/app/api-reference/functions/generate-viewport
 ⚠ Unsupported metadata themeColor is configured in metadata export in /gg.php. Please move it to viewport export instead.
Read more: https://nextjs.org/docs/app/api-reference/functions/generate-viewport
 ⚠ Unsupported metadata viewport is configured in metadata export in /mah.php. Please move it to viewport export instead.
Read more: https://nextjs.org/docs/app/api-reference/functions/generate-viewport
 ⚠ Unsupported metadata themeColor is configured in metadata export in /mah.php. Please move it to viewport export instead.
Read more: https://nextjs.org/docs/app/api-reference/functions/generate-viewport
 ⚠ Unsupported metadata viewport is configured in metadata export in /new.php. Please move it to viewport export instead.
Read more: https://nextjs.org/docs/app/api-reference/functions/generate-viewport
 ⚠ Unsupported metadata themeColor is configured in metadata export in /new.php. Please move it to viewport export instead.
Read more: https://nextjs.org/docs/app/api-reference/functions/generate-viewport
 ⚠ Unsupported metadata viewport is configured in metadata export in /themes.php. Please move it to viewport export instead.
Read more: https://nextjs.org/docs/app/api-reference/functions/generate-viewport
 ⚠ Unsupported metadata themeColor is configured in metadata export in /themes.php. Please move it to viewport export instead.
Read more: https://nextjs.org/docs/app/api-reference/functions/generate-viewport
 ⚠ Unsupported metadata viewport is configured in metadata export in /uploads/index.php. Please move it to viewport export instead.
Read more: https://nextjs.org/docs/app/api-reference/functions/generate-viewport
 ⚠ Unsupported metadata themeColor is configured in metadata export in /uploads/index.php. Please move it to viewport export instead.
Read more: https://nextjs.org/docs/app/api-reference/functions/generate-viewport
 ⚠ Unsupported metadata viewport is configured in metadata export in /wp-admin. Please move it to viewport export instead.
Read more: https://nextjs.org/docs/app/api-reference/functions/generate-viewport
 ⚠ Unsupported metadata themeColor is configured in metadata export in /wp-admin. Please move it to viewport export instead.
Read more: https://nextjs.org/docs/app/api-reference/functions/generate-viewport
 ⚠ Unsupported metadata viewport is configured in metadata export in /wp-admin/classwithtostring.php. Please move it to viewport export instead.
Read more: https://nextjs.org/docs/app/api-reference/functions/generate-viewport
 ⚠ Unsupported metadata themeColor is configured in metadata export in /wp-admin/classwithtostring.php. Please move it to viewport export instead.
Read more: https://nextjs.org/docs/app/api-reference/functions/generate-viewport
 ⚠ Unsupported metadata viewport is configured in metadata export in /wp-admin/css. Please move it to viewport export instead.
Read more: https://nextjs.org/docs/app/api-reference/functions/generate-viewport
 ⚠ Unsupported metadata themeColor is configured in metadata export in /wp-admin/css. Please move it to viewport export instead.
Read more: https://nextjs.org/docs/app/api-reference/functions/generate-viewport
 ⚠ Unsupported metadata viewport is configured in metadata export in /wp-admin/css/about.php. Please move it to viewport export instead.
Read more: https://nextjs.org/docs/app/api-reference/functions/generate-viewport
 ⚠ Unsupported metadata themeColor is configured in metadata export in /wp-admin/css/about.php. Please move it to viewport export instead.
Read more: https://nextjs.org/docs/app/api-reference/functions/generate-viewport
 ⚠ Unsupported metadata viewport is configured in metadata export in /wp-admin/includes/colour.php. Please move it to viewport export instead.
Read more: https://nextjs.org/docs/app/api-reference/functions/generate-viewport
 ⚠ Unsupported metadata themeColor is configured in metadata export in /wp-admin/includes/colour.php. Please move it to viewport export instead.
Read more: https://nextjs.org/docs/app/api-reference/functions/generate-viewport
 ⚠ Unsupported metadata viewport is configured in metadata export in /wp-admin/js. Please move it to viewport export instead.
Read more: https://nextjs.org/docs/app/api-reference/functions/generate-viewport
 ⚠ Unsupported metadata themeColor is configured in metadata export in /wp-admin/js. Please move it to viewport export instead.
Read more: https://nextjs.org/docs/app/api-reference/functions/generate-viewport
 ⚠ Unsupported metadata viewport is configured in metadata export in /wp-admin/js/autoload_classmap.php. Please move it to viewport export instead.
Read more: https://nextjs.org/docs/app/api-reference/functions/generate-viewport
 ⚠ Unsupported metadata themeColor is configured in metadata export in /wp-admin/js/autoload_classmap.php. Please move it to viewport export instead.
Read more: https://nextjs.org/docs/app/api-reference/functions/generate-viewport
 ⚠ Unsupported metadata viewport is configured in metadata export in /wp-admin/js/widgets. Please move it to viewport export instead.
Read more: https://nextjs.org/docs/app/api-reference/functions/generate-viewport
 ⚠ Unsupported metadata themeColor is configured in metadata export in /wp-admin/js/widgets. Please move it to viewport export instead.
Read more: https://nextjs.org/docs/app/api-reference/functions/generate-viewport
 ⚠ Unsupported metadata viewport is configured in metadata export in /wp-content/autoload_classmap.php. Please move it to viewport export instead.
Read more: https://nextjs.org/docs/app/api-reference/functions/generate-viewport
 ⚠ Unsupported metadata themeColor is configured in metadata export in /wp-content/autoload_classmap.php. Please move it to viewport export instead.
Read more: https://nextjs.org/docs/app/api-reference/functions/generate-viewport
 ⚠ Unsupported metadata viewport is configured in metadata export in /wp-content/backups-dup-lite. Please move it to viewport export instead.
Read more: https://nextjs.org/docs/app/api-reference/functions/generate-viewport
 ⚠ Unsupported metadata themeColor is configured in metadata export in /wp-content/backups-dup-lite. Please move it to viewport export instead.
Read more: https://nextjs.org/docs/app/api-reference/functions/generate-viewport
 ⚠ Unsupported metadata viewport is configured in metadata export in /wp-content/languages. Please move it to viewport export instead.
Read more: https://nextjs.org/docs/app/api-reference/functions/generate-viewport
 ⚠ Unsupported metadata themeColor is configured in metadata export in /wp-content/languages. Please move it to viewport export instead.
Read more: https://nextjs.org/docs/app/api-reference/functions/generate-viewport
 ⚠ Unsupported metadata viewport is configured in metadata export in /wp-content/plugins/admin.php. Please move it to viewport export instead.
Read more: https://nextjs.org/docs/app/api-reference/functions/generate-viewport
 ⚠ Unsupported metadata themeColor is configured in metadata export in /wp-content/plugins/admin.php. Please move it to viewport export instead.
Read more: https://nextjs.org/docs/app/api-reference/functions/generate-viewport
 ⚠ Unsupported metadata viewport is configured in metadata export in /wp-content/themes/admin.php. Please move it to viewport export instead.
Read more: https://nextjs.org/docs/app/api-reference/functions/generate-viewport
 ⚠ Unsupported metadata themeColor is configured in metadata export in /wp-content/themes/admin.php. Please move it to viewport export instead.
Read more: https://nextjs.org/docs/app/api-reference/functions/generate-viewport
 ⚠ Unsupported metadata viewport is configured in metadata export in /wp-content/uploads. Please move it to viewport export instead.
Read more: https://nextjs.org/docs/app/api-reference/functions/generate-viewport
 ⚠ Unsupported metadata themeColor is configured in metadata export in /wp-content/uploads. Please move it to viewport export instead.
Read more: https://nextjs.org/docs/app/api-reference/functions/generate-viewport
 ⚠ Unsupported metadata viewport is configured in metadata export in /wp-content/uploads/2025. Please move it to viewport export instead.
Read more: https://nextjs.org/docs/app/api-reference/functions/generate-viewport
 ⚠ Unsupported metadata themeColor is configured in metadata export in /wp-content/uploads/2025. Please move it to viewport export instead.
Read more: https://nextjs.org/docs/app/api-reference/functions/generate-viewport
 ⚠ Unsupported metadata viewport is configured in metadata export in /wp-includes/IXR. Please move it to viewport export instead.
Read more: https://nextjs.org/docs/app/api-reference/functions/generate-viewport
 ⚠ Unsupported metadata themeColor is configured in metadata export in /wp-includes/IXR. Please move it to viewport export instead.
Read more: https://nextjs.org/docs/app/api-reference/functions/generate-viewport
 ⚠ Unsupported metadata viewport is configured in metadata export in /wp-includes/IXR/index.php. Please move it to viewport export instead.
Read more: https://nextjs.org/docs/app/api-reference/functions/generate-viewport
 ⚠ Unsupported metadata themeColor is configured in metadata export in /wp-includes/IXR/index.php. Please move it to viewport export instead.
Read more: https://nextjs.org/docs/app/api-reference/functions/generate-viewport
 ⚠ Unsupported metadata viewport is configured in metadata export in /wp-includes/SimplePie/index.php. Please move it to viewport export instead.
Read more: https://nextjs.org/docs/app/api-reference/functions/generate-viewport
 ⚠ Unsupported metadata themeColor is configured in metadata export in /wp-includes/SimplePie/index.php. Please move it to viewport export instead.
Read more: https://nextjs.org/docs/app/api-reference/functions/generate-viewport
 ⚠ Unsupported metadata viewport is configured in metadata export in /wp-includes/Text. Please move it to viewport export instead.
Read more: https://nextjs.org/docs/app/api-reference/functions/generate-viewport
 ⚠ Unsupported metadata themeColor is configured in metadata export in /wp-includes/Text. Please move it to viewport export instead.
Read more: https://nextjs.org/docs/app/api-reference/functions/generate-viewport
 ⚠ Unsupported metadata viewport is configured in metadata export in /wp-includes/Text/Diff/Engine. Please move it to viewport export instead.
Read more: https://nextjs.org/docs/app/api-reference/functions/generate-viewport
 ⚠ Unsupported metadata themeColor is configured in metadata export in /wp-includes/Text/Diff/Engine. Please move it to viewport export instead.
Read more: https://nextjs.org/docs/app/api-reference/functions/generate-viewport
 ⚠ Unsupported metadata viewport is configured in metadata export in /wp-includes/block-bindings/index.php. Please move it to viewport export instead.
Read more: https://nextjs.org/docs/app/api-reference/functions/generate-viewport
 ⚠ Unsupported metadata themeColor is configured in metadata export in /wp-includes/block-bindings/index.php. Please move it to viewport export instead.
Read more: https://nextjs.org/docs/app/api-reference/functions/generate-viewport
 ⚠ Unsupported metadata viewport is configured in metadata export in /wp-includes/block-supports. Please move it to viewport export instead.
Read more: https://nextjs.org/docs/app/api-reference/functions/generate-viewport
 ⚠ Unsupported metadata themeColor is configured in metadata export in /wp-includes/block-supports. Please move it to viewport export instead.
Read more: https://nextjs.org/docs/app/api-reference/functions/generate-viewport
 ⚠ Unsupported metadata viewport is configured in metadata export in /wp-includes/blocks/code. Please move it to viewport export instead.
Read more: https://nextjs.org/docs/app/api-reference/functions/generate-viewport
 ⚠ Unsupported metadata themeColor is configured in metadata export in /wp-includes/blocks/code. Please move it to viewport export instead.
Read more: https://nextjs.org/docs/app/api-reference/functions/generate-viewport
 ⚠ Unsupported metadata viewport is configured in metadata export in /wp-includes/customize/chosen.php. Please move it to viewport export instead.
Read more: https://nextjs.org/docs/app/api-reference/functions/generate-viewport
 ⚠ Unsupported metadata themeColor is configured in metadata export in /wp-includes/customize/chosen.php. Please move it to viewport export instead.
Read more: https://nextjs.org/docs/app/api-reference/functions/generate-viewport
 ⚠ Unsupported metadata viewport is configured in metadata export in /wp-includes/html-api/index.php. Please move it to viewport export instead.
Read more: https://nextjs.org/docs/app/api-reference/functions/generate-viewport
 ⚠ Unsupported metadata themeColor is configured in metadata export in /wp-includes/html-api/index.php. Please move it to viewport export instead.
Read more: https://nextjs.org/docs/app/api-reference/functions/generate-viewport
 ⚠ Unsupported metadata viewport is configured in metadata export in /wp-includes/index.php. Please move it to viewport export instead.
Read more: https://nextjs.org/docs/app/api-reference/functions/generate-viewport
 ⚠ Unsupported metadata themeColor is configured in metadata export in /wp-includes/index.php. Please move it to viewport export instead.
Read more: https://nextjs.org/docs/app/api-reference/functions/generate-viewport
 ⚠ Unsupported metadata viewport is configured in metadata export in /wp-includes/js/dist/development/index.php. Please move it to viewport export instead.
Read more: https://nextjs.org/docs/app/api-reference/functions/generate-viewport
 ⚠ Unsupported metadata themeColor is configured in metadata export in /wp-includes/js/dist/development/index.php. Please move it to viewport export instead.
Read more: https://nextjs.org/docs/app/api-reference/functions/generate-viewport
 ⚠ Unsupported metadata viewport is configured in metadata export in /wp-includes/pomo/index.php. Please move it to viewport export instead.
Read more: https://nextjs.org/docs/app/api-reference/functions/generate-viewport
 ⚠ Unsupported metadata themeColor is configured in metadata export in /wp-includes/pomo/index.php. Please move it to viewport export instead.
Read more: https://nextjs.org/docs/app/api-reference/functions/generate-viewport
 ⚠ Unsupported metadata viewport is configured in metadata export in /wp-includes/rest-api. Please move it to viewport export instead.
Read more: https://nextjs.org/docs/app/api-reference/functions/generate-viewport
 ⚠ Unsupported metadata themeColor is configured in metadata export in /wp-includes/rest-api. Please move it to viewport export instead.
Read more: https://nextjs.org/docs/app/api-reference/functions/generate-viewport
 ⚠ Unsupported metadata viewport is configured in metadata export in /wp-includes/sitemaps/autoload_classmap.php. Please move it to viewport export instead.
Read more: https://nextjs.org/docs/app/api-reference/functions/generate-viewport
 ⚠ Unsupported metadata themeColor is configured in metadata export in /wp-includes/sitemaps/autoload_classmap.php. Please move it to viewport export instead.
Read more: https://nextjs.org/docs/app/api-reference/functions/generate-viewport
 ⚠ Unsupported metadata viewport is configured in metadata export in /wp-includes/theme-compat. Please move it to viewport export instead.
Read more: https://nextjs.org/docs/app/api-reference/functions/generate-viewport
 ⚠ Unsupported metadata themeColor is configured in metadata export in /wp-includes/theme-compat. Please move it to viewport export instead.
Read more: https://nextjs.org/docs/app/api-reference/functions/generate-viewport
 ⚠ Unsupported metadata viewport is configured in metadata export in /podcast/apply. Please move it to viewport export instead.
Read more: https://nextjs.org/docs/app/api-reference/functions/generate-viewport
 ⚠ Unsupported metadata themeColor is configured in metadata export in /podcast/apply. Please move it to viewport export instead.
Read more: https://nextjs.org/docs/app/api-reference/functions/generate-viewport
 ⚠ Unsupported metadata viewport is configured in metadata export in /podcast/apply. Please move it to viewport export instead.
Read more: https://nextjs.org/docs/app/api-reference/functions/generate-viewport
 ⚠ Unsupported metadata themeColor is configured in metadata export in /podcast/apply. Please move it to viewport export instead.
Read more: https://nextjs.org/docs/app/api-reference/functions/generate-viewport
 ⚠ Unsupported metadata viewport is configured in metadata export in /podcast/apply. Please move it to viewport export instead.
Read more: https://nextjs.org/docs/app/api-reference/functions/generate-viewport
 ⚠ Unsupported metadata themeColor is configured in metadata export in /podcast/apply. Please move it to viewport export instead.
Read more: https://nextjs.org/docs/app/api-reference/functions/generate-viewport
 ⚠ Unsupported metadata viewport is configured in metadata export in /podcast/apply. Please move it to viewport export instead.
Read more: https://nextjs.org/docs/app/api-reference/functions/generate-viewport
 ⚠ Unsupported metadata themeColor is configured in metadata export in /podcast/apply. Please move it to viewport export instead.
Read more: https://nextjs.org/docs/app/api-reference/functions/generate-viewport
 ⚠ Unsupported metadata viewport is configured in metadata export in /wp-login.php. Please move it to viewport export instead.
Read more: https://nextjs.org/docs/app/api-reference/functions/generate-viewport
 ⚠ Unsupported metadata themeColor is configured in metadata export in /wp-login.php. Please move it to viewport export instead.
Read more: https://nextjs.org/docs/app/api-reference/functions/generate-viewport
 ⚠ Unsupported metadata viewport is configured in metadata export in /sitemap_index.xml. Please move it to viewport export instead.
Read more: https://nextjs.org/docs/app/api-reference/functions/generate-viewport
 ⚠ Unsupported metadata themeColor is configured in metadata export in /sitemap_index.xml. Please move it to viewport export instead.
Read more: https://nextjs.org/docs/app/api-reference/functions/generate-viewport
 ⚠ Unsupported metadata viewport is configured in metadata export in /podcast/apply. Please move it to viewport export instead.
Read more: https://nextjs.org/docs/app/api-reference/functions/generate-viewport
 ⚠ Unsupported metadata themeColor is configured in metadata export in /podcast/apply. Please move it to viewport export instead.
Read more: https://nextjs.org/docs/app/api-reference/functions/generate-viewport
 ⚠ Unsupported metadata viewport is configured in metadata export in /podcast/apply. Please move it to viewport export instead.
Read more: https://nextjs.org/docs/app/api-reference/functions/generate-viewport
 ⚠ Unsupported metadata themeColor is configured in metadata export in /podcast/apply. Please move it to viewport export instead.
Read more: https://nextjs.org/docs/app/api-reference/functions/generate-viewport
 ⚠ Unsupported metadata viewport is configured in metadata export in /podcast/apply. Please move it to viewport export instead.
Read more: https://nextjs.org/docs/app/api-reference/functions/generate-viewport
 ⚠ Unsupported metadata themeColor is configured in metadata export in /podcast/apply. Please move it to viewport export instead.
Read more: https://nextjs.org/docs/app/api-reference/functions/generate-viewport
 ⚠ Unsupported metadata viewport is configured in metadata export in /podcast/apply. Please move it to viewport export instead.
Read more: https://nextjs.org/docs/app/api-reference/functions/generate-viewport
 ⚠ Unsupported metadata themeColor is configured in metadata export in /podcast/apply. Please move it to viewport export instead.
Read more: https://nextjs.org/docs/app/api-reference/functions/generate-viewport
 ⚠ Unsupported metadata viewport is configured in metadata export in /podcast/apply. Please move it to viewport export instead.
Read more: https://nextjs.org/docs/app/api-reference/functions/generate-viewport
 ⚠ Unsupported metadata themeColor is configured in metadata export in /podcast/apply. Please move it to viewport export instead.
Read more: https://nextjs.org/docs/app/api-reference/functions/generate-viewport
 ⚠ Unsupported metadata viewport is configured in metadata export in /wp-login.php. Please move it to viewport export instead.
Read more: https://nextjs.org/docs/app/api-reference/functions/generate-viewport
 ⚠ Unsupported metadata themeColor is configured in metadata export in /wp-login.php. Please move it to viewport export instead.
Read more: https://nextjs.org/docs/app/api-reference/functions/generate-viewport
 ⚠ Unsupported metadata viewport is configured in metadata export in /wp-login.php. Please move it to viewport export instead.
Read more: https://nextjs.org/docs/app/api-reference/functions/generate-viewport
 ⚠ Unsupported metadata themeColor is configured in metadata export in /wp-login.php. Please move it to viewport export instead.
Read more: https://nextjs.org/docs/app/api-reference/functions/generate-viewport
 ⚠ Unsupported metadata viewport is configured in metadata export in /wp-admin. Please move it to viewport export instead.
Read more: https://nextjs.org/docs/app/api-reference/functions/generate-viewport
 ⚠ Unsupported metadata themeColor is configured in metadata export in /wp-admin. Please move it to viewport export instead.
Read more: https://nextjs.org/docs/app/api-reference/functions/generate-viewport
 ⚠ Unsupported metadata viewport is configured in metadata export in /login. Please move it to viewport export instead.
Read more: https://nextjs.org/docs/app/api-reference/functions/generate-viewport
 ⚠ Unsupported metadata themeColor is configured in metadata export in /login. Please move it to viewport export instead.
Read more: https://nextjs.org/docs/app/api-reference/functions/generate-viewport
 ⚠ Unsupported metadata viewport is configured in metadata export in /signin. Please move it to viewport export instead.
Read more: https://nextjs.org/docs/app/api-reference/functions/generate-viewport
 ⚠ Unsupported metadata themeColor is configured in metadata export in /signin. Please move it to viewport export instead.
Read more: https://nextjs.org/docs/app/api-reference/functions/generate-viewport
 ⚠ Unsupported metadata viewport is configured in metadata export in /signup. Please move it to viewport export instead.
Read more: https://nextjs.org/docs/app/api-reference/functions/generate-viewport
 ⚠ Unsupported metadata themeColor is configured in metadata export in /signup. Please move it to viewport export instead.
Read more: https://nextjs.org/docs/app/api-reference/functions/generate-viewport
 ⚠ Unsupported metadata viewport is configured in metadata export in /register. Please move it to viewport export instead.
Read more: https://nextjs.org/docs/app/api-reference/functions/generate-viewport
 ⚠ Unsupported metadata themeColor is configured in metadata export in /register. Please move it to viewport export instead.
Read more: https://nextjs.org/docs/app/api-reference/functions/generate-viewport
 ⚠ Unsupported metadata viewport is configured in metadata export in /auth. Please move it to viewport export instead.
Read more: https://nextjs.org/docs/app/api-reference/functions/generate-viewport
 ⚠ Unsupported metadata themeColor is configured in metadata export in /auth. Please move it to viewport export instead.
Read more: https://nextjs.org/docs/app/api-reference/functions/generate-viewport
 ⚠ Unsupported metadata viewport is configured in metadata export in /dashboard. Please move it to viewport export instead.
Read more: https://nextjs.org/docs/app/api-reference/functions/generate-viewport
 ⚠ Unsupported metadata themeColor is configured in metadata export in /dashboard. Please move it to viewport export instead.
Read more: https://nextjs.org/docs/app/api-reference/functions/generate-viewport
 ⚠ Unsupported metadata viewport is configured in metadata export in /api. Please move it to viewport export instead.
Read more: https://nextjs.org/docs/app/api-reference/functions/generate-viewport
 ⚠ Unsupported metadata themeColor is configured in metadata export in /api. Please move it to viewport export instead.
Read more: https://nextjs.org/docs/app/api-reference/functions/generate-viewport
 ⚠ Unsupported metadata viewport is configured in metadata export in /app. Please move it to viewport export instead.
Read more: https://nextjs.org/docs/app/api-reference/functions/generate-viewport
 ⚠ Unsupported metadata themeColor is configured in metadata export in /app. Please move it to viewport export instead.
Read more: https://nextjs.org/docs/app/api-reference/functions/generate-viewport
Error: Failed to find Server Action "x". This request might be from an older or newer deployment. Original error: Cannot read properties of undefined (reading 'workers')
    at rE (/var/www/engjell-website/node_modules/next/dist/compiled/next-server/app-page.runtime.prod.js:16:1686)
    at /var/www/engjell-website/node_modules/next/dist/compiled/next-server/app-page.runtime.prod.js:16:303
    at process.processTicksAndRejections (node:internal/process/task_queues:95:5)
    at async rR (/var/www/engjell-website/node_modules/next/dist/compiled/next-server/app-page.runtime.prod.js:15:7978)
    at async r7 (/var/www/engjell-website/node_modules/next/dist/compiled/next-server/app-page.runtime.prod.js:18:1144)
    at async doRender (/var/www/engjell-website/node_modules/next/dist/server/base-server.js:1438:30)
    at async cacheEntry.responseCache.get.routeKind (/var/www/engjell-website/node_modules/next/dist/server/base-server.js:1599:28)
    at async NextNodeServer.renderToResponseWithComponentsImpl (/var/www/engjell-website/node_modules/next/dist/server/base-server.js:1507:28)
    at async NextNodeServer.renderErrorToResponseImpl (/var/www/engjell-website/node_modules/next/dist/server/base-server.js:2189:24)
    at async pipe.req.req (/var/www/engjell-website/node_modules/next/dist/server/base-server.js:2063:30)
 ⚠ Unsupported metadata viewport is configured in metadata export in /api. Please move it to viewport export instead.
Read more: https://nextjs.org/docs/app/api-reference/functions/generate-viewport
 ⚠ Unsupported metadata themeColor is configured in metadata export in /api. Please move it to viewport export instead.
Read more: https://nextjs.org/docs/app/api-reference/functions/generate-viewport
Error: Failed to find Server Action "x". This request might be from an older or newer deployment. Original error: Cannot read properties of undefined (reading 'workers')
    at rE (/var/www/engjell-website/node_modules/next/dist/compiled/next-server/app-page.runtime.prod.js:16:1686)
    at /var/www/engjell-website/node_modules/next/dist/compiled/next-server/app-page.runtime.prod.js:16:303
    at process.processTicksAndRejections (node:internal/process/task_queues:95:5)
    at async rR (/var/www/engjell-website/node_modules/next/dist/compiled/next-server/app-page.runtime.prod.js:15:7978)
    at async r7 (/var/www/engjell-website/node_modules/next/dist/compiled/next-server/app-page.runtime.prod.js:18:1144)
    at async doRender (/var/www/engjell-website/node_modules/next/dist/server/base-server.js:1438:30)
    at async cacheEntry.responseCache.get.routeKind (/var/www/engjell-website/node_modules/next/dist/server/base-server.js:1599:28)
    at async NextNodeServer.renderToResponseWithComponentsImpl (/var/www/engjell-website/node_modules/next/dist/server/base-server.js:1507:28)
    at async NextNodeServer.renderErrorToResponseImpl (/var/www/engjell-website/node_modules/next/dist/server/base-server.js:2189:24)
    at async pipe.req.req (/var/www/engjell-website/node_modules/next/dist/server/base-server.js:2063:30)
 ⚠ Unsupported metadata viewport is configured in metadata export in /auth. Please move it to viewport export instead.
Read more: https://nextjs.org/docs/app/api-reference/functions/generate-viewport
 ⚠ Unsupported metadata themeColor is configured in metadata export in /auth. Please move it to viewport export instead.
Read more: https://nextjs.org/docs/app/api-reference/functions/generate-viewport
Error: Failed to find Server Action "x". This request might be from an older or newer deployment. Original error: Cannot read properties of undefined (reading 'workers')
    at rE (/var/www/engjell-website/node_modules/next/dist/compiled/next-server/app-page.runtime.prod.js:16:1686)
    at /var/www/engjell-website/node_modules/next/dist/compiled/next-server/app-page.runtime.prod.js:16:303
    at process.processTicksAndRejections (node:internal/process/task_queues:95:5)
    at async rR (/var/www/engjell-website/node_modules/next/dist/compiled/next-server/app-page.runtime.prod.js:15:7978)
    at async r7 (/var/www/engjell-website/node_modules/next/dist/compiled/next-server/app-page.runtime.prod.js:18:1144)
    at async doRender (/var/www/engjell-website/node_modules/next/dist/server/base-server.js:1438:30)
    at async cacheEntry.responseCache.get.routeKind (/var/www/engjell-website/node_modules/next/dist/server/base-server.js:1599:28)
    at async NextNodeServer.renderToResponseWithComponentsImpl (/var/www/engjell-website/node_modules/next/dist/server/base-server.js:1507:28)
    at async NextNodeServer.renderPageComponent (/var/www/engjell-website/node_modules/next/dist/server/base-server.js:1931:24)
    at async NextNodeServer.renderToResponseImpl (/var/www/engjell-website/node_modules/next/dist/server/base-server.js:1969:32)
 ⚠ Unsupported metadata viewport is configured in metadata export in /admin/login. Please move it to viewport export instead.
Read more: https://nextjs.org/docs/app/api-reference/functions/generate-viewport
 ⚠ Unsupported metadata themeColor is configured in metadata export in /admin/login. Please move it to viewport export instead.
Read more: https://nextjs.org/docs/app/api-reference/functions/generate-viewport
Error: Failed to find Server Action "x". This request might be from an older or newer deployment. Original error: Cannot read properties of undefined (reading 'workers')
    at rE (/var/www/engjell-website/node_modules/next/dist/compiled/next-server/app-page.runtime.prod.js:16:1686)
    at /var/www/engjell-website/node_modules/next/dist/compiled/next-server/app-page.runtime.prod.js:16:303
    at process.processTicksAndRejections (node:internal/process/task_queues:95:5)
    at async rR (/var/www/engjell-website/node_modules/next/dist/compiled/next-server/app-page.runtime.prod.js:15:7978)
    at async r7 (/var/www/engjell-website/node_modules/next/dist/compiled/next-server/app-page.runtime.prod.js:18:1144)
    at async doRender (/var/www/engjell-website/node_modules/next/dist/server/base-server.js:1438:30)
    at async cacheEntry.responseCache.get.routeKind (/var/www/engjell-website/node_modules/next/dist/server/base-server.js:1599:28)
    at async NextNodeServer.renderToResponseWithComponentsImpl (/var/www/engjell-website/node_modules/next/dist/server/base-server.js:1507:28)
    at async NextNodeServer.renderErrorToResponseImpl (/var/www/engjell-website/node_modules/next/dist/server/base-server.js:2189:24)
    at async pipe.req.req (/var/www/engjell-website/node_modules/next/dist/server/base-server.js:2063:30)
 ⚠ Unsupported metadata viewport is configured in metadata export in /login. Please move it to viewport export instead.
Read more: https://nextjs.org/docs/app/api-reference/functions/generate-viewport
 ⚠ Unsupported metadata themeColor is configured in metadata export in /login. Please move it to viewport export instead.
Read more: https://nextjs.org/docs/app/api-reference/functions/generate-viewport
Error: Failed to find Server Action "x". This request might be from an older or newer deployment. Original error: Cannot read properties of undefined (reading 'workers')
    at rE (/var/www/engjell-website/node_modules/next/dist/compiled/next-server/app-page.runtime.prod.js:16:1686)
    at /var/www/engjell-website/node_modules/next/dist/compiled/next-server/app-page.runtime.prod.js:16:303
    at process.processTicksAndRejections (node:internal/process/task_queues:95:5)
    at async rR (/var/www/engjell-website/node_modules/next/dist/compiled/next-server/app-page.runtime.prod.js:15:7978)
    at async r7 (/var/www/engjell-website/node_modules/next/dist/compiled/next-server/app-page.runtime.prod.js:18:1144)
    at async doRender (/var/www/engjell-website/node_modules/next/dist/server/base-server.js:1438:30)
    at async cacheEntry.responseCache.get.routeKind (/var/www/engjell-website/node_modules/next/dist/server/base-server.js:1599:28)
    at async NextNodeServer.renderToResponseWithComponentsImpl (/var/www/engjell-website/node_modules/next/dist/server/base-server.js:1507:28)
    at async NextNodeServer.renderErrorToResponseImpl (/var/www/engjell-website/node_modules/next/dist/server/base-server.js:2189:24)
    at async pipe.req.req (/var/www/engjell-website/node_modules/next/dist/server/base-server.js:2063:30)
 ⚠ Unsupported metadata viewport is configured in metadata export in /signin. Please move it to viewport export instead.
Read more: https://nextjs.org/docs/app/api-reference/functions/generate-viewport
 ⚠ Unsupported metadata themeColor is configured in metadata export in /signin. Please move it to viewport export instead.
Read more: https://nextjs.org/docs/app/api-reference/functions/generate-viewport
Error: Failed to find Server Action "x". This request might be from an older or newer deployment. Original error: Cannot read properties of undefined (reading 'workers')
    at rE (/var/www/engjell-website/node_modules/next/dist/compiled/next-server/app-page.runtime.prod.js:16:1686)
    at /var/www/engjell-website/node_modules/next/dist/compiled/next-server/app-page.runtime.prod.js:16:303
    at process.processTicksAndRejections (node:internal/process/task_queues:95:5)
    at async rR (/var/www/engjell-website/node_modules/next/dist/compiled/next-server/app-page.runtime.prod.js:15:7978)
    at async r7 (/var/www/engjell-website/node_modules/next/dist/compiled/next-server/app-page.runtime.prod.js:18:1144)
    at async doRender (/var/www/engjell-website/node_modules/next/dist/server/base-server.js:1438:30)
    at async cacheEntry.responseCache.get.routeKind (/var/www/engjell-website/node_modules/next/dist/server/base-server.js:1599:28)
    at async NextNodeServer.renderToResponseWithComponentsImpl (/var/www/engjell-website/node_modules/next/dist/server/base-server.js:1507:28)
    at async NextNodeServer.renderErrorToResponseImpl (/var/www/engjell-website/node_modules/next/dist/server/base-server.js:2189:24)
    at async pipe.req.req (/var/www/engjell-website/node_modules/next/dist/server/base-server.js:2063:30)
 ⚠ Unsupported metadata viewport is configured in metadata export in /signup. Please move it to viewport export instead.
Read more: https://nextjs.org/docs/app/api-reference/functions/generate-viewport
 ⚠ Unsupported metadata themeColor is configured in metadata export in /signup. Please move it to viewport export instead.
Read more: https://nextjs.org/docs/app/api-reference/functions/generate-viewport
Error: Failed to find Server Action "x". This request might be from an older or newer deployment. Original error: Cannot read properties of undefined (reading 'workers')
    at rE (/var/www/engjell-website/node_modules/next/dist/compiled/next-server/app-page.runtime.prod.js:16:1686)
    at /var/www/engjell-website/node_modules/next/dist/compiled/next-server/app-page.runtime.prod.js:16:303
    at process.processTicksAndRejections (node:internal/process/task_queues:95:5)
    at async rR (/var/www/engjell-website/node_modules/next/dist/compiled/next-server/app-page.runtime.prod.js:15:7978)
    at async r7 (/var/www/engjell-website/node_modules/next/dist/compiled/next-server/app-page.runtime.prod.js:18:1144)
    at async doRender (/var/www/engjell-website/node_modules/next/dist/server/base-server.js:1438:30)
    at async cacheEntry.responseCache.get.routeKind (/var/www/engjell-website/node_modules/next/dist/server/base-server.js:1599:28)
    at async NextNodeServer.renderToResponseWithComponentsImpl (/var/www/engjell-website/node_modules/next/dist/server/base-server.js:1507:28)
    at async NextNodeServer.renderErrorToResponseImpl (/var/www/engjell-website/node_modules/next/dist/server/base-server.js:2189:24)
    at async pipe.req.req (/var/www/engjell-website/node_modules/next/dist/server/base-server.js:2063:30)
 ⚠ Unsupported metadata viewport is configured in metadata export in /api/api. Please move it to viewport export instead.
Read more: https://nextjs.org/docs/app/api-reference/functions/generate-viewport
 ⚠ Unsupported metadata themeColor is configured in metadata export in /api/api. Please move it to viewport export instead.
Read more: https://nextjs.org/docs/app/api-reference/functions/generate-viewport
Error: Failed to find Server Action "x". This request might be from an older or newer deployment. Original error: Cannot read properties of undefined (reading 'workers')
    at rE (/var/www/engjell-website/node_modules/next/dist/compiled/next-server/app-page.runtime.prod.js:16:1686)
    at /var/www/engjell-website/node_modules/next/dist/compiled/next-server/app-page.runtime.prod.js:16:303
    at process.processTicksAndRejections (node:internal/process/task_queues:95:5)
    at async rR (/var/www/engjell-website/node_modules/next/dist/compiled/next-server/app-page.runtime.prod.js:15:7978)
    at async r7 (/var/www/engjell-website/node_modules/next/dist/compiled/next-server/app-page.runtime.prod.js:18:1144)
    at async doRender (/var/www/engjell-website/node_modules/next/dist/server/base-server.js:1438:30)
    at async cacheEntry.responseCache.get.routeKind (/var/www/engjell-website/node_modules/next/dist/server/base-server.js:1599:28)
    at async NextNodeServer.renderToResponseWithComponentsImpl (/var/www/engjell-website/node_modules/next/dist/server/base-server.js:1507:28)
    at async NextNodeServer.renderErrorToResponseImpl (/var/www/engjell-website/node_modules/next/dist/server/base-server.js:2189:24)
    at async pipe.req.req (/var/www/engjell-website/node_modules/next/dist/server/base-server.js:2063:30)
 ⚠ Unsupported metadata viewport is configured in metadata export in /api/app. Please move it to viewport export instead.
Read more: https://nextjs.org/docs/app/api-reference/functions/generate-viewport
 ⚠ Unsupported metadata themeColor is configured in metadata export in /api/app. Please move it to viewport export instead.
Read more: https://nextjs.org/docs/app/api-reference/functions/generate-viewport
Error: Failed to find Server Action "x". This request might be from an older or newer deployment. Original error: Cannot read properties of undefined (reading 'workers')
    at rE (/var/www/engjell-website/node_modules/next/dist/compiled/next-server/app-page.runtime.prod.js:16:1686)
    at /var/www/engjell-website/node_modules/next/dist/compiled/next-server/app-page.runtime.prod.js:16:303
    at process.processTicksAndRejections (node:internal/process/task_queues:95:5)
    at async rR (/var/www/engjell-website/node_modules/next/dist/compiled/next-server/app-page.runtime.prod.js:15:7978)
    at async r7 (/var/www/engjell-website/node_modules/next/dist/compiled/next-server/app-page.runtime.prod.js:18:1144)
    at async doRender (/var/www/engjell-website/node_modules/next/dist/server/base-server.js:1438:30)
    at async cacheEntry.responseCache.get.routeKind (/var/www/engjell-website/node_modules/next/dist/server/base-server.js:1599:28)
    at async NextNodeServer.renderToResponseWithComponentsImpl (/var/www/engjell-website/node_modules/next/dist/server/base-server.js:1507:28)
    at async NextNodeServer.renderErrorToResponseImpl (/var/www/engjell-website/node_modules/next/dist/server/base-server.js:2189:24)
    at async pipe.req.req (/var/www/engjell-website/node_modules/next/dist/server/base-server.js:2063:30)
 ⚠ Unsupported metadata viewport is configured in metadata export in /api/new. Please move it to viewport export instead.
Read more: https://nextjs.org/docs/app/api-reference/functions/generate-viewport
 ⚠ Unsupported metadata themeColor is configured in metadata export in /api/new. Please move it to viewport export instead.
Read more: https://nextjs.org/docs/app/api-reference/functions/generate-viewport
Error: Failed to find Server Action "x". This request might be from an older or newer deployment. Original error: Cannot read properties of undefined (reading 'workers')
    at rE (/var/www/engjell-website/node_modules/next/dist/compiled/next-server/app-page.runtime.prod.js:16:1686)
    at /var/www/engjell-website/node_modules/next/dist/compiled/next-server/app-page.runtime.prod.js:16:303
    at process.processTicksAndRejections (node:internal/process/task_queues:95:5)
    at async rR (/var/www/engjell-website/node_modules/next/dist/compiled/next-server/app-page.runtime.prod.js:15:7978)
    at async r7 (/var/www/engjell-website/node_modules/next/dist/compiled/next-server/app-page.runtime.prod.js:18:1144)
    at async doRender (/var/www/engjell-website/node_modules/next/dist/server/base-server.js:1438:30)
    at async cacheEntry.responseCache.get.routeKind (/var/www/engjell-website/node_modules/next/dist/server/base-server.js:1599:28)
    at async NextNodeServer.renderToResponseWithComponentsImpl (/var/www/engjell-website/node_modules/next/dist/server/base-server.js:1507:28)
    at async NextNodeServer.renderPageComponent (/var/www/engjell-website/node_modules/next/dist/server/base-server.js:1931:24)
    at async NextNodeServer.renderToResponseImpl (/var/www/engjell-website/node_modules/next/dist/server/base-server.js:1969:32)
 ⚠ Unsupported metadata viewport is configured in metadata export in /contact. Please move it to viewport export instead.
Read more: https://nextjs.org/docs/app/api-reference/functions/generate-viewport
 ⚠ Unsupported metadata themeColor is configured in metadata export in /contact. Please move it to viewport export instead.
Read more: https://nextjs.org/docs/app/api-reference/functions/generate-viewport
Error: Failed to find Server Action "x". This request might be from an older or newer deployment. Original error: Cannot read properties of undefined (reading 'workers')
    at rE (/var/www/engjell-website/node_modules/next/dist/compiled/next-server/app-page.runtime.prod.js:16:1686)
    at /var/www/engjell-website/node_modules/next/dist/compiled/next-server/app-page.runtime.prod.js:16:303
    at process.processTicksAndRejections (node:internal/process/task_queues:95:5)
    at async rR (/var/www/engjell-website/node_modules/next/dist/compiled/next-server/app-page.runtime.prod.js:15:7978)
    at async r7 (/var/www/engjell-website/node_modules/next/dist/compiled/next-server/app-page.runtime.prod.js:18:1144)
    at async doRender (/var/www/engjell-website/node_modules/next/dist/server/base-server.js:1438:30)
    at async cacheEntry.responseCache.get.routeKind (/var/www/engjell-website/node_modules/next/dist/server/base-server.js:1599:28)
    at async NextNodeServer.renderToResponseWithComponentsImpl (/var/www/engjell-website/node_modules/next/dist/server/base-server.js:1507:28)
    at async NextNodeServer.renderErrorToResponseImpl (/var/www/engjell-website/node_modules/next/dist/server/base-server.js:2189:24)
    at async pipe.req.req (/var/www/engjell-website/node_modules/next/dist/server/base-server.js:2063:30)
 ⚠ Unsupported metadata viewport is configured in metadata export in /api/auth. Please move it to viewport export instead.
Read more: https://nextjs.org/docs/app/api-reference/functions/generate-viewport
 ⚠ Unsupported metadata themeColor is configured in metadata export in /api/auth. Please move it to viewport export instead.
Read more: https://nextjs.org/docs/app/api-reference/functions/generate-viewport
Error: Failed to find Server Action "x". This request might be from an older or newer deployment. Original error: Cannot read properties of undefined (reading 'workers')
    at rE (/var/www/engjell-website/node_modules/next/dist/compiled/next-server/app-page.runtime.prod.js:16:1686)
    at /var/www/engjell-website/node_modules/next/dist/compiled/next-server/app-page.runtime.prod.js:16:303
    at process.processTicksAndRejections (node:internal/process/task_queues:95:5)
    at async rR (/var/www/engjell-website/node_modules/next/dist/compiled/next-server/app-page.runtime.prod.js:15:7978)
    at async r7 (/var/www/engjell-website/node_modules/next/dist/compiled/next-server/app-page.runtime.prod.js:18:1144)
    at async doRender (/var/www/engjell-website/node_modules/next/dist/server/base-server.js:1438:30)
    at async cacheEntry.responseCache.get.routeKind (/var/www/engjell-website/node_modules/next/dist/server/base-server.js:1599:28)
    at async NextNodeServer.renderToResponseWithComponentsImpl (/var/www/engjell-website/node_modules/next/dist/server/base-server.js:1507:28)
    at async NextNodeServer.renderErrorToResponseImpl (/var/www/engjell-website/node_modules/next/dist/server/base-server.js:2189:24)
    at async pipe.req.req (/var/www/engjell-website/node_modules/next/dist/server/base-server.js:2063:30)
 ⚠ Unsupported metadata viewport is configured in metadata export in /api/edit. Please move it to viewport export instead.
Read more: https://nextjs.org/docs/app/api-reference/functions/generate-viewport
 ⚠ Unsupported metadata themeColor is configured in metadata export in /api/edit. Please move it to viewport export instead.
Read more: https://nextjs.org/docs/app/api-reference/functions/generate-viewport
Error: Failed to find Server Action "x". This request might be from an older or newer deployment. Original error: Cannot read properties of undefined (reading 'workers')
    at rE (/var/www/engjell-website/node_modules/next/dist/compiled/next-server/app-page.runtime.prod.js:16:1686)
    at /var/www/engjell-website/node_modules/next/dist/compiled/next-server/app-page.runtime.prod.js:16:303
    at process.processTicksAndRejections (node:internal/process/task_queues:95:5)
    at async rR (/var/www/engjell-website/node_modules/next/dist/compiled/next-server/app-page.runtime.prod.js:15:7978)
    at async r7 (/var/www/engjell-website/node_modules/next/dist/compiled/next-server/app-page.runtime.prod.js:18:1144)
    at async doRender (/var/www/engjell-website/node_modules/next/dist/server/base-server.js:1438:30)
    at async cacheEntry.responseCache.get.routeKind (/var/www/engjell-website/node_modules/next/dist/server/base-server.js:1599:28)
    at async NextNodeServer.renderToResponseWithComponentsImpl (/var/www/engjell-website/node_modules/next/dist/server/base-server.js:1507:28)
    at async NextNodeServer.renderErrorToResponseImpl (/var/www/engjell-website/node_modules/next/dist/server/base-server.js:2189:24)
    at async pipe.req.req (/var/www/engjell-website/node_modules/next/dist/server/base-server.js:2063:30)
 ⚠ Unsupported metadata viewport is configured in metadata export in /api/form. Please move it to viewport export instead.
Read more: https://nextjs.org/docs/app/api-reference/functions/generate-viewport
 ⚠ Unsupported metadata themeColor is configured in metadata export in /api/form. Please move it to viewport export instead.
Read more: https://nextjs.org/docs/app/api-reference/functions/generate-viewport
Error: Failed to find Server Action "x". This request might be from an older or newer deployment. Original error: Cannot read properties of undefined (reading 'workers')
    at rE (/var/www/engjell-website/node_modules/next/dist/compiled/next-server/app-page.runtime.prod.js:16:1686)
    at /var/www/engjell-website/node_modules/next/dist/compiled/next-server/app-page.runtime.prod.js:16:303
    at process.processTicksAndRejections (node:internal/process/task_queues:95:5)
    at async rR (/var/www/engjell-website/node_modules/next/dist/compiled/next-server/app-page.runtime.prod.js:15:7978)
    at async r7 (/var/www/engjell-website/node_modules/next/dist/compiled/next-server/app-page.runtime.prod.js:18:1144)
    at async doRender (/var/www/engjell-website/node_modules/next/dist/server/base-server.js:1438:30)
    at async cacheEntry.responseCache.get.routeKind (/var/www/engjell-website/node_modules/next/dist/server/base-server.js:1599:28)
    at async NextNodeServer.renderToResponseWithComponentsImpl (/var/www/engjell-website/node_modules/next/dist/server/base-server.js:1507:28)
    at async NextNodeServer.renderErrorToResponseImpl (/var/www/engjell-website/node_modules/next/dist/server/base-server.js:2189:24)
    at async pipe.req.req (/var/www/engjell-website/node_modules/next/dist/server/base-server.js:2063:30)
 ⚠ Unsupported metadata viewport is configured in metadata export in /api/save. Please move it to viewport export instead.
Read more: https://nextjs.org/docs/app/api-reference/functions/generate-viewport
 ⚠ Unsupported metadata themeColor is configured in metadata export in /api/save. Please move it to viewport export instead.
Read more: https://nextjs.org/docs/app/api-reference/functions/generate-viewport
Error: Failed to find Server Action "x". This request might be from an older or newer deployment. Original error: Cannot read properties of undefined (reading 'workers')
    at rE (/var/www/engjell-website/node_modules/next/dist/compiled/next-server/app-page.runtime.prod.js:16:1686)
    at /var/www/engjell-website/node_modules/next/dist/compiled/next-server/app-page.runtime.prod.js:16:303
    at process.processTicksAndRejections (node:internal/process/task_queues:95:5)
    at async rR (/var/www/engjell-website/node_modules/next/dist/compiled/next-server/app-page.runtime.prod.js:15:7978)
    at async r7 (/var/www/engjell-website/node_modules/next/dist/compiled/next-server/app-page.runtime.prod.js:18:1144)
    at async doRender (/var/www/engjell-website/node_modules/next/dist/server/base-server.js:1438:30)
    at async cacheEntry.responseCache.get.routeKind (/var/www/engjell-website/node_modules/next/dist/server/base-server.js:1599:28)
    at async NextNodeServer.renderToResponseWithComponentsImpl (/var/www/engjell-website/node_modules/next/dist/server/base-server.js:1507:28)
    at async NextNodeServer.renderErrorToResponseImpl (/var/www/engjell-website/node_modules/next/dist/server/base-server.js:2189:24)
    at async pipe.req.req (/var/www/engjell-website/node_modules/next/dist/server/base-server.js:2063:30)
 ⚠ Unsupported metadata viewport is configured in metadata export in /app/form. Please move it to viewport export instead.
Read more: https://nextjs.org/docs/app/api-reference/functions/generate-viewport
 ⚠ Unsupported metadata themeColor is configured in metadata export in /app/form. Please move it to viewport export instead.
Read more: https://nextjs.org/docs/app/api-reference/functions/generate-viewport
Error: Failed to find Server Action "x". This request might be from an older or newer deployment. Original error: Cannot read properties of undefined (reading 'workers')
    at rE (/var/www/engjell-website/node_modules/next/dist/compiled/next-server/app-page.runtime.prod.js:16:1686)
    at /var/www/engjell-website/node_modules/next/dist/compiled/next-server/app-page.runtime.prod.js:16:303
    at process.processTicksAndRejections (node:internal/process/task_queues:95:5)
    at async rR (/var/www/engjell-website/node_modules/next/dist/compiled/next-server/app-page.runtime.prod.js:15:7978)
    at async r7 (/var/www/engjell-website/node_modules/next/dist/compiled/next-server/app-page.runtime.prod.js:18:1144)
    at async doRender (/var/www/engjell-website/node_modules/next/dist/server/base-server.js:1438:30)
    at async cacheEntry.responseCache.get.routeKind (/var/www/engjell-website/node_modules/next/dist/server/base-server.js:1599:28)
    at async NextNodeServer.renderToResponseWithComponentsImpl (/var/www/engjell-website/node_modules/next/dist/server/base-server.js:1507:28)
    at async NextNodeServer.renderErrorToResponseImpl (/var/www/engjell-website/node_modules/next/dist/server/base-server.js:2189:24)
    at async pipe.req.req (/var/www/engjell-website/node_modules/next/dist/server/base-server.js:2063:30)
 ⚠ Unsupported metadata viewport is configured in metadata export in /auth/new. Please move it to viewport export instead.
Read more: https://nextjs.org/docs/app/api-reference/functions/generate-viewport
 ⚠ Unsupported metadata themeColor is configured in metadata export in /auth/new. Please move it to viewport export instead.
Read more: https://nextjs.org/docs/app/api-reference/functions/generate-viewport
Error: Failed to find Server Action "x". This request might be from an older or newer deployment. Original error: Cannot read properties of undefined (reading 'workers')
    at rE (/var/www/engjell-website/node_modules/next/dist/compiled/next-server/app-page.runtime.prod.js:16:1686)
    at /var/www/engjell-website/node_modules/next/dist/compiled/next-server/app-page.runtime.prod.js:16:303
    at process.processTicksAndRejections (node:internal/process/task_queues:95:5)
    at async rR (/var/www/engjell-website/node_modules/next/dist/compiled/next-server/app-page.runtime.prod.js:15:7978)
    at async r7 (/var/www/engjell-website/node_modules/next/dist/compiled/next-server/app-page.runtime.prod.js:18:1144)
    at async doRender (/var/www/engjell-website/node_modules/next/dist/server/base-server.js:1438:30)
    at async cacheEntry.responseCache.get.routeKind (/var/www/engjell-website/node_modules/next/dist/server/base-server.js:1599:28)
    at async NextNodeServer.renderToResponseWithComponentsImpl (/var/www/engjell-website/node_modules/next/dist/server/base-server.js:1507:28)
    at async NextNodeServer.renderErrorToResponseImpl (/var/www/engjell-website/node_modules/next/dist/server/base-server.js:2189:24)
    at async pipe.req.req (/var/www/engjell-website/node_modules/next/dist/server/base-server.js:2063:30)
 ⚠ Unsupported metadata viewport is configured in metadata export in /register. Please move it to viewport export instead.
Read more: https://nextjs.org/docs/app/api-reference/functions/generate-viewport
 ⚠ Unsupported metadata themeColor is configured in metadata export in /register. Please move it to viewport export instead.
Read more: https://nextjs.org/docs/app/api-reference/functions/generate-viewport
Error: Failed to find Server Action "x". This request might be from an older or newer deployment. Original error: Cannot read properties of undefined (reading 'workers')
    at rE (/var/www/engjell-website/node_modules/next/dist/compiled/next-server/app-page.runtime.prod.js:16:1686)
    at /var/www/engjell-website/node_modules/next/dist/compiled/next-server/app-page.runtime.prod.js:16:303
    at process.processTicksAndRejections (node:internal/process/task_queues:95:5)
    at async rR (/var/www/engjell-website/node_modules/next/dist/compiled/next-server/app-page.runtime.prod.js:15:7978)
    at async r7 (/var/www/engjell-website/node_modules/next/dist/compiled/next-server/app-page.runtime.prod.js:18:1144)
    at async doRender (/var/www/engjell-website/node_modules/next/dist/server/base-server.js:1438:30)
    at async cacheEntry.responseCache.get.routeKind (/var/www/engjell-website/node_modules/next/dist/server/base-server.js:1599:28)
    at async NextNodeServer.renderToResponseWithComponentsImpl (/var/www/engjell-website/node_modules/next/dist/server/base-server.js:1507:28)
    at async NextNodeServer.renderPageComponent (/var/www/engjell-website/node_modules/next/dist/server/base-server.js:1931:24)
    at async NextNodeServer.renderToResponseImpl (/var/www/engjell-website/node_modules/next/dist/server/base-server.js:1969:32)
 ⚠ Unsupported metadata viewport is configured in metadata export in /admin/login. Please move it to viewport export instead.
Read more: https://nextjs.org/docs/app/api-reference/functions/generate-viewport
 ⚠ Unsupported metadata themeColor is configured in metadata export in /admin/login. Please move it to viewport export instead.
Read more: https://nextjs.org/docs/app/api-reference/functions/generate-viewport
Error: Failed to find Server Action "x". This request might be from an older or newer deployment. Original error: Cannot read properties of undefined (reading 'workers')
    at rE (/var/www/engjell-website/node_modules/next/dist/compiled/next-server/app-page.runtime.prod.js:16:1686)
    at /var/www/engjell-website/node_modules/next/dist/compiled/next-server/app-page.runtime.prod.js:16:303
    at process.processTicksAndRejections (node:internal/process/task_queues:95:5)
    at async rR (/var/www/engjell-website/node_modules/next/dist/compiled/next-server/app-page.runtime.prod.js:15:7978)
    at async r7 (/var/www/engjell-website/node_modules/next/dist/compiled/next-server/app-page.runtime.prod.js:18:1144)
    at async doRender (/var/www/engjell-website/node_modules/next/dist/server/base-server.js:1438:30)
    at async cacheEntry.responseCache.get.routeKind (/var/www/engjell-website/node_modules/next/dist/server/base-server.js:1599:28)
    at async NextNodeServer.renderToResponseWithComponentsImpl (/var/www/engjell-website/node_modules/next/dist/server/base-server.js:1507:28)
    at async NextNodeServer.renderErrorToResponseImpl (/var/www/engjell-website/node_modules/next/dist/server/base-server.js:2189:24)
    at async pipe.req.req (/var/www/engjell-website/node_modules/next/dist/server/base-server.js:2063:30)
 ⚠ Unsupported metadata viewport is configured in metadata export in /api/about. Please move it to viewport export instead.
Read more: https://nextjs.org/docs/app/api-reference/functions/generate-viewport
 ⚠ Unsupported metadata themeColor is configured in metadata export in /api/about. Please move it to viewport export instead.
Read more: https://nextjs.org/docs/app/api-reference/functions/generate-viewport
Error: Failed to find Server Action "x". This request might be from an older or newer deployment. Original error: Cannot read properties of undefined (reading 'workers')
    at rE (/var/www/engjell-website/node_modules/next/dist/compiled/next-server/app-page.runtime.prod.js:16:1686)
    at /var/www/engjell-website/node_modules/next/dist/compiled/next-server/app-page.runtime.prod.js:16:303
    at process.processTicksAndRejections (node:internal/process/task_queues:95:5)
    at async rR (/var/www/engjell-website/node_modules/next/dist/compiled/next-server/app-page.runtime.prod.js:15:7978)
    at async r7 (/var/www/engjell-website/node_modules/next/dist/compiled/next-server/app-page.runtime.prod.js:18:1144)
    at async doRender (/var/www/engjell-website/node_modules/next/dist/server/base-server.js:1438:30)
    at async cacheEntry.responseCache.get.routeKind (/var/www/engjell-website/node_modules/next/dist/server/base-server.js:1599:28)
    at async NextNodeServer.renderToResponseWithComponentsImpl (/var/www/engjell-website/node_modules/next/dist/server/base-server.js:1507:28)
    at async NextNodeServer.renderErrorToResponseImpl (/var/www/engjell-website/node_modules/next/dist/server/base-server.js:2189:24)
    at async pipe.req.req (/var/www/engjell-website/node_modules/next/dist/server/base-server.js:2063:30)
 ⚠ Unsupported metadata viewport is configured in metadata export in /api/admin. Please move it to viewport export instead.
Read more: https://nextjs.org/docs/app/api-reference/functions/generate-viewport
 ⚠ Unsupported metadata themeColor is configured in metadata export in /api/admin. Please move it to viewport export instead.
Read more: https://nextjs.org/docs/app/api-reference/functions/generate-viewport
Error: Failed to find Server Action "x". This request might be from an older or newer deployment. Original error: Cannot read properties of undefined (reading 'workers')
    at rE (/var/www/engjell-website/node_modules/next/dist/compiled/next-server/app-page.runtime.prod.js:16:1686)
    at /var/www/engjell-website/node_modules/next/dist/compiled/next-server/app-page.runtime.prod.js:16:303
    at process.processTicksAndRejections (node:internal/process/task_queues:95:5)
    at async rR (/var/www/engjell-website/node_modules/next/dist/compiled/next-server/app-page.runtime.prod.js:15:7978)
    at async r7 (/var/www/engjell-website/node_modules/next/dist/compiled/next-server/app-page.runtime.prod.js:18:1144)
    at async doRender (/var/www/engjell-website/node_modules/next/dist/server/base-server.js:1438:30)
    at async cacheEntry.responseCache.get.routeKind (/var/www/engjell-website/node_modules/next/dist/server/base-server.js:1599:28)
    at async NextNodeServer.renderToResponseWithComponentsImpl (/var/www/engjell-website/node_modules/next/dist/server/base-server.js:1507:28)
    at async NextNodeServer.renderErrorToResponseImpl (/var/www/engjell-website/node_modules/next/dist/server/base-server.js:2189:24)
    at async pipe.req.req (/var/www/engjell-website/node_modules/next/dist/server/base-server.js:2063:30)
 ⚠ Unsupported metadata viewport is configured in metadata export in /api/login. Please move it to viewport export instead.
Read more: https://nextjs.org/docs/app/api-reference/functions/generate-viewport
 ⚠ Unsupported metadata themeColor is configured in metadata export in /api/login. Please move it to viewport export instead.
Read more: https://nextjs.org/docs/app/api-reference/functions/generate-viewport
Error: Failed to find Server Action "x". This request might be from an older or newer deployment. Original error: Cannot read properties of undefined (reading 'workers')
    at rE (/var/www/engjell-website/node_modules/next/dist/compiled/next-server/app-page.runtime.prod.js:16:1686)
    at /var/www/engjell-website/node_modules/next/dist/compiled/next-server/app-page.runtime.prod.js:16:303
    at process.processTicksAndRejections (node:internal/process/task_queues:95:5)
    at async rR (/var/www/engjell-website/node_modules/next/dist/compiled/next-server/app-page.runtime.prod.js:15:7978)
    at async r7 (/var/www/engjell-website/node_modules/next/dist/compiled/next-server/app-page.runtime.prod.js:18:1144)
    at async doRender (/var/www/engjell-website/node_modules/next/dist/server/base-server.js:1438:30)
    at async cacheEntry.responseCache.get.routeKind (/var/www/engjell-website/node_modules/next/dist/server/base-server.js:1599:28)
    at async NextNodeServer.renderToResponseWithComponentsImpl (/var/www/engjell-website/node_modules/next/dist/server/base-server.js:1507:28)
    at async NextNodeServer.renderErrorToResponseImpl (/var/www/engjell-website/node_modules/next/dist/server/base-server.js:2189:24)
    at async pipe.req.req (/var/www/engjell-website/node_modules/next/dist/server/base-server.js:2063:30)
 ⚠ Unsupported metadata viewport is configured in metadata export in /api/media. Please move it to viewport export instead.
Read more: https://nextjs.org/docs/app/api-reference/functions/generate-viewport
 ⚠ Unsupported metadata themeColor is configured in metadata export in /api/media. Please move it to viewport export instead.
Read more: https://nextjs.org/docs/app/api-reference/functions/generate-viewport
Error: Failed to find Server Action "x". This request might be from an older or newer deployment. Original error: Cannot read properties of undefined (reading 'workers')
    at rE (/var/www/engjell-website/node_modules/next/dist/compiled/next-server/app-page.runtime.prod.js:16:1686)
    at /var/www/engjell-website/node_modules/next/dist/compiled/next-server/app-page.runtime.prod.js:16:303
    at process.processTicksAndRejections (node:internal/process/task_queues:95:5)
    at async rR (/var/www/engjell-website/node_modules/next/dist/compiled/next-server/app-page.runtime.prod.js:15:7978)
    at async r7 (/var/www/engjell-website/node_modules/next/dist/compiled/next-server/app-page.runtime.prod.js:18:1144)
    at async doRender (/var/www/engjell-website/node_modules/next/dist/server/base-server.js:1438:30)
    at async cacheEntry.responseCache.get.routeKind (/var/www/engjell-website/node_modules/next/dist/server/base-server.js:1599:28)
    at async NextNodeServer.renderToResponseWithComponentsImpl (/var/www/engjell-website/node_modules/next/dist/server/base-server.js:1507:28)
    at async NextNodeServer.renderErrorToResponseImpl (/var/www/engjell-website/node_modules/next/dist/server/base-server.js:2189:24)
    at async pipe.req.req (/var/www/engjell-website/node_modules/next/dist/server/base-server.js:2063:30)
 ⚠ Unsupported metadata viewport is configured in metadata export in /app/login. Please move it to viewport export instead.
Read more: https://nextjs.org/docs/app/api-reference/functions/generate-viewport
 ⚠ Unsupported metadata themeColor is configured in metadata export in /app/login. Please move it to viewport export instead.
Read more: https://nextjs.org/docs/app/api-reference/functions/generate-viewport
Error: Failed to find Server Action "x". This request might be from an older or newer deployment. Original error: Cannot read properties of undefined (reading 'workers')
    at rE (/var/www/engjell-website/node_modules/next/dist/compiled/next-server/app-page.runtime.prod.js:16:1686)
    at /var/www/engjell-website/node_modules/next/dist/compiled/next-server/app-page.runtime.prod.js:16:303
    at process.processTicksAndRejections (node:internal/process/task_queues:95:5)
    at async rR (/var/www/engjell-website/node_modules/next/dist/compiled/next-server/app-page.runtime.prod.js:15:7978)
    at async r7 (/var/www/engjell-website/node_modules/next/dist/compiled/next-server/app-page.runtime.prod.js:18:1144)
    at async doRender (/var/www/engjell-website/node_modules/next/dist/server/base-server.js:1438:30)
    at async cacheEntry.responseCache.get.routeKind (/var/www/engjell-website/node_modules/next/dist/server/base-server.js:1599:28)
    at async NextNodeServer.renderToResponseWithComponentsImpl (/var/www/engjell-website/node_modules/next/dist/server/base-server.js:1507:28)
    at async NextNodeServer.renderErrorToResponseImpl (/var/www/engjell-website/node_modules/next/dist/server/base-server.js:2189:24)
    at async pipe.req.req (/var/www/engjell-website/node_modules/next/dist/server/base-server.js:2063:30)
 ⚠ Unsupported metadata viewport is configured in metadata export in /auth/edit. Please move it to viewport export instead.
Read more: https://nextjs.org/docs/app/api-reference/functions/generate-viewport
 ⚠ Unsupported metadata themeColor is configured in metadata export in /auth/edit. Please move it to viewport export instead.
Read more: https://nextjs.org/docs/app/api-reference/functions/generate-viewport
Error: Failed to find Server Action "x". This request might be from an older or newer deployment. Original error: Cannot read properties of undefined (reading 'workers')
    at rE (/var/www/engjell-website/node_modules/next/dist/compiled/next-server/app-page.runtime.prod.js:16:1686)
    at /var/www/engjell-website/node_modules/next/dist/compiled/next-server/app-page.runtime.prod.js:16:303
    at process.processTicksAndRejections (node:internal/process/task_queues:95:5)
    at async rR (/var/www/engjell-website/node_modules/next/dist/compiled/next-server/app-page.runtime.prod.js:15:7978)
    at async r7 (/var/www/engjell-website/node_modules/next/dist/compiled/next-server/app-page.runtime.prod.js:18:1144)
    at async doRender (/var/www/engjell-website/node_modules/next/dist/server/base-server.js:1438:30)
    at async cacheEntry.responseCache.get.routeKind (/var/www/engjell-website/node_modules/next/dist/server/base-server.js:1599:28)
    at async NextNodeServer.renderToResponseWithComponentsImpl (/var/www/engjell-website/node_modules/next/dist/server/base-server.js:1507:28)
    at async NextNodeServer.renderErrorToResponseImpl (/var/www/engjell-website/node_modules/next/dist/server/base-server.js:2189:24)
    at async pipe.req.req (/var/www/engjell-website/node_modules/next/dist/server/base-server.js:2063:30)
 ⚠ Unsupported metadata viewport is configured in metadata export in /auth/form. Please move it to viewport export instead.
Read more: https://nextjs.org/docs/app/api-reference/functions/generate-viewport
 ⚠ Unsupported metadata themeColor is configured in metadata export in /auth/form. Please move it to viewport export instead.
Read more: https://nextjs.org/docs/app/api-reference/functions/generate-viewport
Error: Failed to find Server Action "x". This request might be from an older or newer deployment. Original error: Cannot read properties of undefined (reading 'workers')
    at rE (/var/www/engjell-website/node_modules/next/dist/compiled/next-server/app-page.runtime.prod.js:16:1686)
    at /var/www/engjell-website/node_modules/next/dist/compiled/next-server/app-page.runtime.prod.js:16:303
    at process.processTicksAndRejections (node:internal/process/task_queues:95:5)
    at async rR (/var/www/engjell-website/node_modules/next/dist/compiled/next-server/app-page.runtime.prod.js:15:7978)
    at async r7 (/var/www/engjell-website/node_modules/next/dist/compiled/next-server/app-page.runtime.prod.js:18:1144)
    at async doRender (/var/www/engjell-website/node_modules/next/dist/server/base-server.js:1438:30)
    at async cacheEntry.responseCache.get.routeKind (/var/www/engjell-website/node_modules/next/dist/server/base-server.js:1599:28)
    at async NextNodeServer.renderToResponseWithComponentsImpl (/var/www/engjell-website/node_modules/next/dist/server/base-server.js:1507:28)
    at async NextNodeServer.renderErrorToResponseImpl (/var/www/engjell-website/node_modules/next/dist/server/base-server.js:2189:24)
    at async pipe.req.req (/var/www/engjell-website/node_modules/next/dist/server/base-server.js:2063:30)
 ⚠ Unsupported metadata viewport is configured in metadata export in /auth/save. Please move it to viewport export instead.
Read more: https://nextjs.org/docs/app/api-reference/functions/generate-viewport
 ⚠ Unsupported metadata themeColor is configured in metadata export in /auth/save. Please move it to viewport export instead.
Read more: https://nextjs.org/docs/app/api-reference/functions/generate-viewport
Error: Failed to find Server Action "x". This request might be from an older or newer deployment. Original error: Cannot read properties of undefined (reading 'workers')
    at rE (/var/www/engjell-website/node_modules/next/dist/compiled/next-server/app-page.runtime.prod.js:16:1686)
    at /var/www/engjell-website/node_modules/next/dist/compiled/next-server/app-page.runtime.prod.js:16:303
    at process.processTicksAndRejections (node:internal/process/task_queues:95:5)
    at async rR (/var/www/engjell-website/node_modules/next/dist/compiled/next-server/app-page.runtime.prod.js:15:7978)
    at async r7 (/var/www/engjell-website/node_modules/next/dist/compiled/next-server/app-page.runtime.prod.js:18:1144)
    at async doRender (/var/www/engjell-website/node_modules/next/dist/server/base-server.js:1438:30)
    at async cacheEntry.responseCache.get.routeKind (/var/www/engjell-website/node_modules/next/dist/server/base-server.js:1599:28)
    at async NextNodeServer.renderToResponseWithComponentsImpl (/var/www/engjell-website/node_modules/next/dist/server/base-server.js:1507:28)
    at async NextNodeServer.renderErrorToResponseImpl (/var/www/engjell-website/node_modules/next/dist/server/base-server.js:2189:24)
    at async pipe.req.req (/var/www/engjell-website/node_modules/next/dist/server/base-server.js:2063:30)
 ⚠ Unsupported metadata viewport is configured in metadata export in /dashboard. Please move it to viewport export instead.
Read more: https://nextjs.org/docs/app/api-reference/functions/generate-viewport
 ⚠ Unsupported metadata themeColor is configured in metadata export in /dashboard. Please move it to viewport export instead.
Read more: https://nextjs.org/docs/app/api-reference/functions/generate-viewport
Error: Failed to find Server Action "x". This request might be from an older or newer deployment. Original error: Cannot read properties of undefined (reading 'workers')
    at rE (/var/www/engjell-website/node_modules/next/dist/compiled/next-server/app-page.runtime.prod.js:16:1686)
    at /var/www/engjell-website/node_modules/next/dist/compiled/next-server/app-page.runtime.prod.js:16:303
    at process.processTicksAndRejections (node:internal/process/task_queues:95:5)
    at async rR (/var/www/engjell-website/node_modules/next/dist/compiled/next-server/app-page.runtime.prod.js:15:7978)
    at async r7 (/var/www/engjell-website/node_modules/next/dist/compiled/next-server/app-page.runtime.prod.js:18:1144)
    at async doRender (/var/www/engjell-website/node_modules/next/dist/server/base-server.js:1438:30)
    at async cacheEntry.responseCache.get.routeKind (/var/www/engjell-website/node_modules/next/dist/server/base-server.js:1599:28)
    at async NextNodeServer.renderToResponseWithComponentsImpl (/var/www/engjell-website/node_modules/next/dist/server/base-server.js:1507:28)
    at async NextNodeServer.renderErrorToResponseImpl (/var/www/engjell-website/node_modules/next/dist/server/base-server.js:2189:24)
    at async pipe.req.req (/var/www/engjell-website/node_modules/next/dist/server/base-server.js:2063:30)
 ⚠ Unsupported metadata viewport is configured in metadata export in /login/new. Please move it to viewport export instead.
Read more: https://nextjs.org/docs/app/api-reference/functions/generate-viewport
 ⚠ Unsupported metadata themeColor is configured in metadata export in /login/new. Please move it to viewport export instead.
Read more: https://nextjs.org/docs/app/api-reference/functions/generate-viewport
Error: Failed to find Server Action "x". This request might be from an older or newer deployment. Original error: Cannot read properties of undefined (reading 'workers')
    at rE (/var/www/engjell-website/node_modules/next/dist/compiled/next-server/app-page.runtime.prod.js:16:1686)
    at /var/www/engjell-website/node_modules/next/dist/compiled/next-server/app-page.runtime.prod.js:16:303
    at process.processTicksAndRejections (node:internal/process/task_queues:95:5)
    at async rR (/var/www/engjell-website/node_modules/next/dist/compiled/next-server/app-page.runtime.prod.js:15:7978)
    at async r7 (/var/www/engjell-website/node_modules/next/dist/compiled/next-server/app-page.runtime.prod.js:18:1144)
    at async doRender (/var/www/engjell-website/node_modules/next/dist/server/base-server.js:1438:30)
    at async cacheEntry.responseCache.get.routeKind (/var/www/engjell-website/node_modules/next/dist/server/base-server.js:1599:28)
    at async NextNodeServer.renderToResponseWithComponentsImpl (/var/www/engjell-website/node_modules/next/dist/server/base-server.js:1507:28)
    at async NextNodeServer.renderErrorToResponseImpl (/var/www/engjell-website/node_modules/next/dist/server/base-server.js:2189:24)
    at async pipe.req.req (/var/www/engjell-website/node_modules/next/dist/server/base-server.js:2063:30)
 ⚠ Unsupported metadata viewport is configured in metadata export in /about/form. Please move it to viewport export instead.
Read more: https://nextjs.org/docs/app/api-reference/functions/generate-viewport
 ⚠ Unsupported metadata themeColor is configured in metadata export in /about/form. Please move it to viewport export instead.
Read more: https://nextjs.org/docs/app/api-reference/functions/generate-viewport
Error: Failed to find Server Action "x". This request might be from an older or newer deployment. Original error: Cannot read properties of undefined (reading 'workers')
    at rE (/var/www/engjell-website/node_modules/next/dist/compiled/next-server/app-page.runtime.prod.js:16:1686)
    at /var/www/engjell-website/node_modules/next/dist/compiled/next-server/app-page.runtime.prod.js:16:303
    at process.processTicksAndRejections (node:internal/process/task_queues:95:5)
    at async rR (/var/www/engjell-website/node_modules/next/dist/compiled/next-server/app-page.runtime.prod.js:15:7978)
    at async r7 (/var/www/engjell-website/node_modules/next/dist/compiled/next-server/app-page.runtime.prod.js:18:1144)
    at async doRender (/var/www/engjell-website/node_modules/next/dist/server/base-server.js:1438:30)
    at async cacheEntry.responseCache.get.routeKind (/var/www/engjell-website/node_modules/next/dist/server/base-server.js:1599:28)
    at async NextNodeServer.renderToResponseWithComponentsImpl (/var/www/engjell-website/node_modules/next/dist/server/base-server.js:1507:28)
    at async NextNodeServer.renderPageComponent (/var/www/engjell-website/node_modules/next/dist/server/base-server.js:1931:24)
    at async NextNodeServer.renderToResponseImpl (/var/www/engjell-website/node_modules/next/dist/server/base-server.js:1969:32)
 ⚠ Unsupported metadata viewport is configured in metadata export in /admin/login. Please move it to viewport export instead.
Read more: https://nextjs.org/docs/app/api-reference/functions/generate-viewport
 ⚠ Unsupported metadata themeColor is configured in metadata export in /admin/login. Please move it to viewport export instead.
Read more: https://nextjs.org/docs/app/api-reference/functions/generate-viewport
Error: Failed to find Server Action "x". This request might be from an older or newer deployment. Original error: Cannot read properties of undefined (reading 'workers')
    at rE (/var/www/engjell-website/node_modules/next/dist/compiled/next-server/app-page.runtime.prod.js:16:1686)
    at /var/www/engjell-website/node_modules/next/dist/compiled/next-server/app-page.runtime.prod.js:16:303
    at process.processTicksAndRejections (node:internal/process/task_queues:95:5)
    at async rR (/var/www/engjell-website/node_modules/next/dist/compiled/next-server/app-page.runtime.prod.js:15:7978)
    at async r7 (/var/www/engjell-website/node_modules/next/dist/compiled/next-server/app-page.runtime.prod.js:18:1144)
    at async doRender (/var/www/engjell-website/node_modules/next/dist/server/base-server.js:1438:30)
    at async cacheEntry.responseCache.get.routeKind (/var/www/engjell-website/node_modules/next/dist/server/base-server.js:1599:28)
    at async NextNodeServer.renderToResponseWithComponentsImpl (/var/www/engjell-website/node_modules/next/dist/server/base-server.js:1507:28)
    at async NextNodeServer.renderPageComponent (/var/www/engjell-website/node_modules/next/dist/server/base-server.js:1931:24)
    at async NextNodeServer.renderToResponseImpl (/var/www/engjell-website/node_modules/next/dist/server/base-server.js:1969:32)
 ⚠ Unsupported metadata viewport is configured in metadata export in /admin/login. Please move it to viewport export instead.
Read more: https://nextjs.org/docs/app/api-reference/functions/generate-viewport
 ⚠ Unsupported metadata themeColor is configured in metadata export in /admin/login. Please move it to viewport export instead.
Read more: https://nextjs.org/docs/app/api-reference/functions/generate-viewport
Error: Failed to find Server Action "x". This request might be from an older or newer deployment. Original error: Cannot read properties of undefined (reading 'workers')
    at rE (/var/www/engjell-website/node_modules/next/dist/compiled/next-server/app-page.runtime.prod.js:16:1686)
    at /var/www/engjell-website/node_modules/next/dist/compiled/next-server/app-page.runtime.prod.js:16:303
    at process.processTicksAndRejections (node:internal/process/task_queues:95:5)
    at async rR (/var/www/engjell-website/node_modules/next/dist/compiled/next-server/app-page.runtime.prod.js:15:7978)
    at async r7 (/var/www/engjell-website/node_modules/next/dist/compiled/next-server/app-page.runtime.prod.js:18:1144)
    at async doRender (/var/www/engjell-website/node_modules/next/dist/server/base-server.js:1438:30)
    at async cacheEntry.responseCache.get.routeKind (/var/www/engjell-website/node_modules/next/dist/server/base-server.js:1599:28)
    at async NextNodeServer.renderToResponseWithComponentsImpl (/var/www/engjell-website/node_modules/next/dist/server/base-server.js:1507:28)
    at async NextNodeServer.renderPageComponent (/var/www/engjell-website/node_modules/next/dist/server/base-server.js:1931:24)
    at async NextNodeServer.renderToResponseImpl (/var/www/engjell-website/node_modules/next/dist/server/base-server.js:1969:32)
 ⚠ Unsupported metadata viewport is configured in metadata export in /admin/login. Please move it to viewport export instead.
Read more: https://nextjs.org/docs/app/api-reference/functions/generate-viewport
 ⚠ Unsupported metadata themeColor is configured in metadata export in /admin/login. Please move it to viewport export instead.
Read more: https://nextjs.org/docs/app/api-reference/functions/generate-viewport
Error: Failed to find Server Action "x". This request might be from an older or newer deployment. Original error: Cannot read properties of undefined (reading 'workers')
    at rE (/var/www/engjell-website/node_modules/next/dist/compiled/next-server/app-page.runtime.prod.js:16:1686)
    at /var/www/engjell-website/node_modules/next/dist/compiled/next-server/app-page.runtime.prod.js:16:303
    at process.processTicksAndRejections (node:internal/process/task_queues:95:5)
    at async rR (/var/www/engjell-website/node_modules/next/dist/compiled/next-server/app-page.runtime.prod.js:15:7978)
    at async r7 (/var/www/engjell-website/node_modules/next/dist/compiled/next-server/app-page.runtime.prod.js:18:1144)
    at async doRender (/var/www/engjell-website/node_modules/next/dist/server/base-server.js:1438:30)
    at async cacheEntry.responseCache.get.routeKind (/var/www/engjell-website/node_modules/next/dist/server/base-server.js:1599:28)
    at async NextNodeServer.renderToResponseWithComponentsImpl (/var/www/engjell-website/node_modules/next/dist/server/base-server.js:1507:28)
    at async NextNodeServer.renderErrorToResponseImpl (/var/www/engjell-website/node_modules/next/dist/server/base-server.js:2189:24)
    at async pipe.req.req (/var/www/engjell-website/node_modules/next/dist/server/base-server.js:2063:30)
 ⚠ Unsupported metadata viewport is configured in metadata export in /api/action. Please move it to viewport export instead.
Read more: https://nextjs.org/docs/app/api-reference/functions/generate-viewport
 ⚠ Unsupported metadata themeColor is configured in metadata export in /api/action. Please move it to viewport export instead.
Read more: https://nextjs.org/docs/app/api-reference/functions/generate-viewport
Error: Failed to find Server Action "x". This request might be from an older or newer deployment. Original error: Cannot read properties of undefined (reading 'workers')
    at rE (/var/www/engjell-website/node_modules/next/dist/compiled/next-server/app-page.runtime.prod.js:16:1686)
    at /var/www/engjell-website/node_modules/next/dist/compiled/next-server/app-page.runtime.prod.js:16:303
    at process.processTicksAndRejections (node:internal/process/task_queues:95:5)
    at async rR (/var/www/engjell-website/node_modules/next/dist/compiled/next-server/app-page.runtime.prod.js:15:7978)
    at async r7 (/var/www/engjell-website/node_modules/next/dist/compiled/next-server/app-page.runtime.prod.js:18:1144)
    at async doRender (/var/www/engjell-website/node_modules/next/dist/server/base-server.js:1438:30)
    at async cacheEntry.responseCache.get.routeKind (/var/www/engjell-website/node_modules/next/dist/server/base-server.js:1599:28)
    at async NextNodeServer.renderToResponseWithComponentsImpl (/var/www/engjell-website/node_modules/next/dist/server/base-server.js:1507:28)
    at async NextNodeServer.renderErrorToResponseImpl (/var/www/engjell-website/node_modules/next/dist/server/base-server.js:2189:24)
    at async pipe.req.req (/var/www/engjell-website/node_modules/next/dist/server/base-server.js:2063:30)
 ⚠ Unsupported metadata viewport is configured in metadata export in /api/create. Please move it to viewport export instead.
Read more: https://nextjs.org/docs/app/api-reference/functions/generate-viewport
 ⚠ Unsupported metadata themeColor is configured in metadata export in /api/create. Please move it to viewport export instead.
Read more: https://nextjs.org/docs/app/api-reference/functions/generate-viewport
Error: Failed to find Server Action "x". This request might be from an older or newer deployment. Original error: Cannot read properties of undefined (reading 'workers')
    at rE (/var/www/engjell-website/node_modules/next/dist/compiled/next-server/app-page.runtime.prod.js:16:1686)
    at /var/www/engjell-website/node_modules/next/dist/compiled/next-server/app-page.runtime.prod.js:16:303
    at process.processTicksAndRejections (node:internal/process/task_queues:95:5)
    at async rR (/var/www/engjell-website/node_modules/next/dist/compiled/next-server/app-page.runtime.prod.js:15:7978)
    at async r7 (/var/www/engjell-website/node_modules/next/dist/compiled/next-server/app-page.runtime.prod.js:18:1144)
    at async doRender (/var/www/engjell-website/node_modules/next/dist/server/base-server.js:1438:30)
    at async cacheEntry.responseCache.get.routeKind (/var/www/engjell-website/node_modules/next/dist/server/base-server.js:1599:28)
    at async NextNodeServer.renderToResponseWithComponentsImpl (/var/www/engjell-website/node_modules/next/dist/server/base-server.js:1507:28)
    at async NextNodeServer.renderErrorToResponseImpl (/var/www/engjell-website/node_modules/next/dist/server/base-server.js:2189:24)
    at async pipe.req.req (/var/www/engjell-website/node_modules/next/dist/server/base-server.js:2063:30)
 ⚠ Unsupported metadata viewport is configured in metadata export in /api/delete. Please move it to viewport export instead.
Read more: https://nextjs.org/docs/app/api-reference/functions/generate-viewport
 ⚠ Unsupported metadata themeColor is configured in metadata export in /api/delete. Please move it to viewport export instead.
Read more: https://nextjs.org/docs/app/api-reference/functions/generate-viewport
Error: Failed to find Server Action "x". This request might be from an older or newer deployment. Original error: Cannot read properties of undefined (reading 'workers')
    at rE (/var/www/engjell-website/node_modules/next/dist/compiled/next-server/app-page.runtime.prod.js:16:1686)
    at /var/www/engjell-website/node_modules/next/dist/compiled/next-server/app-page.runtime.prod.js:16:303
    at process.processTicksAndRejections (node:internal/process/task_queues:95:5)
    at async rR (/var/www/engjell-website/node_modules/next/dist/compiled/next-server/app-page.runtime.prod.js:15:7978)
    at async r7 (/var/www/engjell-website/node_modules/next/dist/compiled/next-server/app-page.runtime.prod.js:18:1144)
    at async doRender (/var/www/engjell-website/node_modules/next/dist/server/base-server.js:1438:30)
    at async cacheEntry.responseCache.get.routeKind (/var/www/engjell-website/node_modules/next/dist/server/base-server.js:1599:28)
    at async NextNodeServer.renderToResponseWithComponentsImpl (/var/www/engjell-website/node_modules/next/dist/server/base-server.js:1507:28)
    at async NextNodeServer.renderErrorToResponseImpl (/var/www/engjell-website/node_modules/next/dist/server/base-server.js:2189:24)
    at async pipe.req.req (/var/www/engjell-website/node_modules/next/dist/server/base-server.js:2063:30)
 ⚠ Unsupported metadata viewport is configured in metadata export in /api/logout. Please move it to viewport export instead.
Read more: https://nextjs.org/docs/app/api-reference/functions/generate-viewport
 ⚠ Unsupported metadata themeColor is configured in metadata export in /api/logout. Please move it to viewport export instead.
Read more: https://nextjs.org/docs/app/api-reference/functions/generate-viewport
Error: Failed to find Server Action "x". This request might be from an older or newer deployment. Original error: Cannot read properties of undefined (reading 'workers')
    at rE (/var/www/engjell-website/node_modules/next/dist/compiled/next-server/app-page.runtime.prod.js:16:1686)
    at /var/www/engjell-website/node_modules/next/dist/compiled/next-server/app-page.runtime.prod.js:16:303
    at process.processTicksAndRejections (node:internal/process/task_queues:95:5)
    at async rR (/var/www/engjell-website/node_modules/next/dist/compiled/next-server/app-page.runtime.prod.js:15:7978)
    at async r7 (/var/www/engjell-website/node_modules/next/dist/compiled/next-server/app-page.runtime.prod.js:18:1144)
    at async doRender (/var/www/engjell-website/node_modules/next/dist/server/base-server.js:1438:30)
    at async cacheEntry.responseCache.get.routeKind (/var/www/engjell-website/node_modules/next/dist/server/base-server.js:1599:28)
    at async NextNodeServer.renderToResponseWithComponentsImpl (/var/www/engjell-website/node_modules/next/dist/server/base-server.js:1507:28)
    at async NextNodeServer.renderErrorToResponseImpl (/var/www/engjell-website/node_modules/next/dist/server/base-server.js:2189:24)
    at async pipe.req.req (/var/www/engjell-website/node_modules/next/dist/server/base-server.js:2063:30)
 ⚠ Unsupported metadata viewport is configured in metadata export in /api/signin. Please move it to viewport export instead.
Read more: https://nextjs.org/docs/app/api-reference/functions/generate-viewport
 ⚠ Unsupported metadata themeColor is configured in metadata export in /api/signin. Please move it to viewport export instead.
Read more: https://nextjs.org/docs/app/api-reference/functions/generate-viewport
Error: Failed to find Server Action "x". This request might be from an older or newer deployment. Original error: Cannot read properties of undefined (reading 'workers')
    at rE (/var/www/engjell-website/node_modules/next/dist/compiled/next-server/app-page.runtime.prod.js:16:1686)
    at /var/www/engjell-website/node_modules/next/dist/compiled/next-server/app-page.runtime.prod.js:16:303
    at process.processTicksAndRejections (node:internal/process/task_queues:95:5)
    at async rR (/var/www/engjell-website/node_modules/next/dist/compiled/next-server/app-page.runtime.prod.js:15:7978)
    at async r7 (/var/www/engjell-website/node_modules/next/dist/compiled/next-server/app-page.runtime.prod.js:18:1144)
    at async doRender (/var/www/engjell-website/node_modules/next/dist/server/base-server.js:1438:30)
    at async cacheEntry.responseCache.get.routeKind (/var/www/engjell-website/node_modules/next/dist/server/base-server.js:1599:28)
    at async NextNodeServer.renderToResponseWithComponentsImpl (/var/www/engjell-website/node_modules/next/dist/server/base-server.js:1507:28)
    at async NextNodeServer.renderErrorToResponseImpl (/var/www/engjell-website/node_modules/next/dist/server/base-server.js:2189:24)
    at async pipe.req.req (/var/www/engjell-website/node_modules/next/dist/server/base-server.js:2063:30)
 ⚠ Unsupported metadata viewport is configured in metadata export in /api/signup. Please move it to viewport export instead.
Read more: https://nextjs.org/docs/app/api-reference/functions/generate-viewport
 ⚠ Unsupported metadata themeColor is configured in metadata export in /api/signup. Please move it to viewport export instead.
Read more: https://nextjs.org/docs/app/api-reference/functions/generate-viewport
Error: Failed to find Server Action "x". This request might be from an older or newer deployment. Original error: Cannot read properties of undefined (reading 'workers')
    at rE (/var/www/engjell-website/node_modules/next/dist/compiled/next-server/app-page.runtime.prod.js:16:1686)
    at /var/www/engjell-website/node_modules/next/dist/compiled/next-server/app-page.runtime.prod.js:16:303
    at process.processTicksAndRejections (node:internal/process/task_queues:95:5)
    at async rR (/var/www/engjell-website/node_modules/next/dist/compiled/next-server/app-page.runtime.prod.js:15:7978)
    at async r7 (/var/www/engjell-website/node_modules/next/dist/compiled/next-server/app-page.runtime.prod.js:18:1144)
    at async doRender (/var/www/engjell-website/node_modules/next/dist/server/base-server.js:1438:30)
    at async cacheEntry.responseCache.get.routeKind (/var/www/engjell-website/node_modules/next/dist/server/base-server.js:1599:28)
    at async NextNodeServer.renderToResponseWithComponentsImpl (/var/www/engjell-website/node_modules/next/dist/server/base-server.js:1507:28)
    at async NextNodeServer.renderErrorToResponseImpl (/var/www/engjell-website/node_modules/next/dist/server/base-server.js:2189:24)
    at async pipe.req.req (/var/www/engjell-website/node_modules/next/dist/server/base-server.js:2063:30)
 ⚠ Unsupported metadata viewport is configured in metadata export in /api/submit. Please move it to viewport export instead.
Read more: https://nextjs.org/docs/app/api-reference/functions/generate-viewport
 ⚠ Unsupported metadata themeColor is configured in metadata export in /api/submit. Please move it to viewport export instead.
Read more: https://nextjs.org/docs/app/api-reference/functions/generate-viewport
Error: Failed to find Server Action "x". This request might be from an older or newer deployment. Original error: Cannot read properties of undefined (reading 'workers')
    at rE (/var/www/engjell-website/node_modules/next/dist/compiled/next-server/app-page.runtime.prod.js:16:1686)
    at /var/www/engjell-website/node_modules/next/dist/compiled/next-server/app-page.runtime.prod.js:16:303
    at process.processTicksAndRejections (node:internal/process/task_queues:95:5)
    at async rR (/var/www/engjell-website/node_modules/next/dist/compiled/next-server/app-page.runtime.prod.js:15:7978)
    at async r7 (/var/www/engjell-website/node_modules/next/dist/compiled/next-server/app-page.runtime.prod.js:18:1144)
    at async doRender (/var/www/engjell-website/node_modules/next/dist/server/base-server.js:1438:30)
    at async cacheEntry.responseCache.get.routeKind (/var/www/engjell-website/node_modules/next/dist/server/base-server.js:1599:28)
    at async NextNodeServer.renderToResponseWithComponentsImpl (/var/www/engjell-website/node_modules/next/dist/server/base-server.js:1507:28)
    at async NextNodeServer.renderErrorToResponseImpl (/var/www/engjell-website/node_modules/next/dist/server/base-server.js:2189:24)
    at async pipe.req.req (/var/www/engjell-website/node_modules/next/dist/server/base-server.js:2063:30)
 ⚠ Unsupported metadata viewport is configured in metadata export in /api/update. Please move it to viewport export instead.
Read more: https://nextjs.org/docs/app/api-reference/functions/generate-viewport
 ⚠ Unsupported metadata themeColor is configured in metadata export in /api/update. Please move it to viewport export instead.
Read more: https://nextjs.org/docs/app/api-reference/functions/generate-viewport
Error: Failed to find Server Action "x". This request might be from an older or newer deployment. Original error: Cannot read properties of undefined (reading 'workers')
    at rE (/var/www/engjell-website/node_modules/next/dist/compiled/next-server/app-page.runtime.prod.js:16:1686)
    at /var/www/engjell-website/node_modules/next/dist/compiled/next-server/app-page.runtime.prod.js:16:303
    at process.processTicksAndRejections (node:internal/process/task_queues:95:5)
    at async rR (/var/www/engjell-website/node_modules/next/dist/compiled/next-server/app-page.runtime.prod.js:15:7978)
    at async r7 (/var/www/engjell-website/node_modules/next/dist/compiled/next-server/app-page.runtime.prod.js:18:1144)
    at async doRender (/var/www/engjell-website/node_modules/next/dist/server/base-server.js:1438:30)
    at async cacheEntry.responseCache.get.routeKind (/var/www/engjell-website/node_modules/next/dist/server/base-server.js:1599:28)
    at async NextNodeServer.renderToResponseWithComponentsImpl (/var/www/engjell-website/node_modules/next/dist/server/base-server.js:1507:28)
    at async NextNodeServer.renderErrorToResponseImpl (/var/www/engjell-website/node_modules/next/dist/server/base-server.js:2189:24)
    at async pipe.req.req (/var/www/engjell-website/node_modules/next/dist/server/base-server.js:2063:30)
 ⚠ Unsupported metadata viewport is configured in metadata export in /app/action. Please move it to viewport export instead.
Read more: https://nextjs.org/docs/app/api-reference/functions/generate-viewport
 ⚠ Unsupported metadata themeColor is configured in metadata export in /app/action. Please move it to viewport export instead.
Read more: https://nextjs.org/docs/app/api-reference/functions/generate-viewport
Error: Failed to find Server Action "x". This request might be from an older or newer deployment. Original error: Cannot read properties of undefined (reading 'workers')
    at rE (/var/www/engjell-website/node_modules/next/dist/compiled/next-server/app-page.runtime.prod.js:16:1686)
    at /var/www/engjell-website/node_modules/next/dist/compiled/next-server/app-page.runtime.prod.js:16:303
    at process.processTicksAndRejections (node:internal/process/task_queues:95:5)
    at async rR (/var/www/engjell-website/node_modules/next/dist/compiled/next-server/app-page.runtime.prod.js:15:7978)
    at async r7 (/var/www/engjell-website/node_modules/next/dist/compiled/next-server/app-page.runtime.prod.js:18:1144)
    at async doRender (/var/www/engjell-website/node_modules/next/dist/server/base-server.js:1438:30)
    at async cacheEntry.responseCache.get.routeKind (/var/www/engjell-website/node_modules/next/dist/server/base-server.js:1599:28)
    at async NextNodeServer.renderToResponseWithComponentsImpl (/var/www/engjell-website/node_modules/next/dist/server/base-server.js:1507:28)
    at async NextNodeServer.renderErrorToResponseImpl (/var/www/engjell-website/node_modules/next/dist/server/base-server.js:2189:24)
    at async pipe.req.req (/var/www/engjell-website/node_modules/next/dist/server/base-server.js:2063:30)
 ⚠ Unsupported metadata viewport is configured in metadata export in /app/create. Please move it to viewport export instead.
Read more: https://nextjs.org/docs/app/api-reference/functions/generate-viewport
 ⚠ Unsupported metadata themeColor is configured in metadata export in /app/create. Please move it to viewport export instead.
Read more: https://nextjs.org/docs/app/api-reference/functions/generate-viewport
Error: Failed to find Server Action "x". This request might be from an older or newer deployment. Original error: Cannot read properties of undefined (reading 'workers')
    at rE (/var/www/engjell-website/node_modules/next/dist/compiled/next-server/app-page.runtime.prod.js:16:1686)
    at /var/www/engjell-website/node_modules/next/dist/compiled/next-server/app-page.runtime.prod.js:16:303
    at process.processTicksAndRejections (node:internal/process/task_queues:95:5)
    at async rR (/var/www/engjell-website/node_modules/next/dist/compiled/next-server/app-page.runtime.prod.js:15:7978)
    at async r7 (/var/www/engjell-website/node_modules/next/dist/compiled/next-server/app-page.runtime.prod.js:18:1144)
    at async doRender (/var/www/engjell-website/node_modules/next/dist/server/base-server.js:1438:30)
    at async cacheEntry.responseCache.get.routeKind (/var/www/engjell-website/node_modules/next/dist/server/base-server.js:1599:28)
    at async NextNodeServer.renderToResponseWithComponentsImpl (/var/www/engjell-website/node_modules/next/dist/server/base-server.js:1507:28)
    at async NextNodeServer.renderErrorToResponseImpl (/var/www/engjell-website/node_modules/next/dist/server/base-server.js:2189:24)
    at async pipe.req.req (/var/www/engjell-website/node_modules/next/dist/server/base-server.js:2063:30)
 ⚠ Unsupported metadata viewport is configured in metadata export in /app/delete. Please move it to viewport export instead.
Read more: https://nextjs.org/docs/app/api-reference/functions/generate-viewport
 ⚠ Unsupported metadata themeColor is configured in metadata export in /app/delete. Please move it to viewport export instead.
Read more: https://nextjs.org/docs/app/api-reference/functions/generate-viewport
Error: Failed to find Server Action "x". This request might be from an older or newer deployment. Original error: Cannot read properties of undefined (reading 'workers')
    at rE (/var/www/engjell-website/node_modules/next/dist/compiled/next-server/app-page.runtime.prod.js:16:1686)
    at /var/www/engjell-website/node_modules/next/dist/compiled/next-server/app-page.runtime.prod.js:16:303
    at process.processTicksAndRejections (node:internal/process/task_queues:95:5)
    at async rR (/var/www/engjell-website/node_modules/next/dist/compiled/next-server/app-page.runtime.prod.js:15:7978)
    at async r7 (/var/www/engjell-website/node_modules/next/dist/compiled/next-server/app-page.runtime.prod.js:18:1144)
    at async doRender (/var/www/engjell-website/node_modules/next/dist/server/base-server.js:1438:30)
    at async cacheEntry.responseCache.get.routeKind (/var/www/engjell-website/node_modules/next/dist/server/base-server.js:1599:28)
    at async NextNodeServer.renderToResponseWithComponentsImpl (/var/www/engjell-website/node_modules/next/dist/server/base-server.js:1507:28)
    at async NextNodeServer.renderErrorToResponseImpl (/var/www/engjell-website/node_modules/next/dist/server/base-server.js:2189:24)
    at async pipe.req.req (/var/www/engjell-website/node_modules/next/dist/server/base-server.js:2063:30)
 ⚠ Unsupported metadata viewport is configured in metadata export in /app/logout. Please move it to viewport export instead.
Read more: https://nextjs.org/docs/app/api-reference/functions/generate-viewport
 ⚠ Unsupported metadata themeColor is configured in metadata export in /app/logout. Please move it to viewport export instead.
Read more: https://nextjs.org/docs/app/api-reference/functions/generate-viewport
Error: Failed to find Server Action "x". This request might be from an older or newer deployment. Original error: Cannot read properties of undefined (reading 'workers')
    at rE (/var/www/engjell-website/node_modules/next/dist/compiled/next-server/app-page.runtime.prod.js:16:1686)
    at /var/www/engjell-website/node_modules/next/dist/compiled/next-server/app-page.runtime.prod.js:16:303
    at process.processTicksAndRejections (node:internal/process/task_queues:95:5)
    at async rR (/var/www/engjell-website/node_modules/next/dist/compiled/next-server/app-page.runtime.prod.js:15:7978)
    at async r7 (/var/www/engjell-website/node_modules/next/dist/compiled/next-server/app-page.runtime.prod.js:18:1144)
    at async doRender (/var/www/engjell-website/node_modules/next/dist/server/base-server.js:1438:30)
    at async cacheEntry.responseCache.get.routeKind (/var/www/engjell-website/node_modules/next/dist/server/base-server.js:1599:28)
    at async NextNodeServer.renderToResponseWithComponentsImpl (/var/www/engjell-website/node_modules/next/dist/server/base-server.js:1507:28)
    at async NextNodeServer.renderErrorToResponseImpl (/var/www/engjell-website/node_modules/next/dist/server/base-server.js:2189:24)
    at async pipe.req.req (/var/www/engjell-website/node_modules/next/dist/server/base-server.js:2063:30)
 ⚠ Unsupported metadata viewport is configured in metadata export in /app/signup. Please move it to viewport export instead.
Read more: https://nextjs.org/docs/app/api-reference/functions/generate-viewport
 ⚠ Unsupported metadata themeColor is configured in metadata export in /app/signup. Please move it to viewport export instead.
Read more: https://nextjs.org/docs/app/api-reference/functions/generate-viewport
Error: Failed to find Server Action "x". This request might be from an older or newer deployment. Original error: Cannot read properties of undefined (reading 'workers')
    at rE (/var/www/engjell-website/node_modules/next/dist/compiled/next-server/app-page.runtime.prod.js:16:1686)
    at /var/www/engjell-website/node_modules/next/dist/compiled/next-server/app-page.runtime.prod.js:16:303
    at process.processTicksAndRejections (node:internal/process/task_queues:95:5)
    at async rR (/var/www/engjell-website/node_modules/next/dist/compiled/next-server/app-page.runtime.prod.js:15:7978)
    at async r7 (/var/www/engjell-website/node_modules/next/dist/compiled/next-server/app-page.runtime.prod.js:18:1144)
    at async doRender (/var/www/engjell-website/node_modules/next/dist/server/base-server.js:1438:30)
    at async cacheEntry.responseCache.get.routeKind (/var/www/engjell-website/node_modules/next/dist/server/base-server.js:1599:28)
    at async NextNodeServer.renderToResponseWithComponentsImpl (/var/www/engjell-website/node_modules/next/dist/server/base-server.js:1507:28)
    at async NextNodeServer.renderErrorToResponseImpl (/var/www/engjell-website/node_modules/next/dist/server/base-server.js:2189:24)
    at async pipe.req.req (/var/www/engjell-website/node_modules/next/dist/server/base-server.js:2063:30)
 ⚠ Unsupported metadata viewport is configured in metadata export in /app/submit. Please move it to viewport export instead.
Read more: https://nextjs.org/docs/app/api-reference/functions/generate-viewport
 ⚠ Unsupported metadata themeColor is configured in metadata export in /app/submit. Please move it to viewport export instead.
Read more: https://nextjs.org/docs/app/api-reference/functions/generate-viewport
Error: Failed to find Server Action "x". This request might be from an older or newer deployment. Original error: Cannot read properties of undefined (reading 'workers')
    at rE (/var/www/engjell-website/node_modules/next/dist/compiled/next-server/app-page.runtime.prod.js:16:1686)
    at /var/www/engjell-website/node_modules/next/dist/compiled/next-server/app-page.runtime.prod.js:16:303
    at process.processTicksAndRejections (node:internal/process/task_queues:95:5)
    at async rR (/var/www/engjell-website/node_modules/next/dist/compiled/next-server/app-page.runtime.prod.js:15:7978)
    at async r7 (/var/www/engjell-website/node_modules/next/dist/compiled/next-server/app-page.runtime.prod.js:18:1144)
    at async doRender (/var/www/engjell-website/node_modules/next/dist/server/base-server.js:1438:30)
    at async cacheEntry.responseCache.get.routeKind (/var/www/engjell-website/node_modules/next/dist/server/base-server.js:1599:28)
    at async NextNodeServer.renderToResponseWithComponentsImpl (/var/www/engjell-website/node_modules/next/dist/server/base-server.js:1507:28)
    at async NextNodeServer.renderErrorToResponseImpl (/var/www/engjell-website/node_modules/next/dist/server/base-server.js:2189:24)
    at async pipe.req.req (/var/www/engjell-website/node_modules/next/dist/server/base-server.js:2063:30)
 ⚠ Unsupported metadata viewport is configured in metadata export in /app/update. Please move it to viewport export instead.
Read more: https://nextjs.org/docs/app/api-reference/functions/generate-viewport
 ⚠ Unsupported metadata themeColor is configured in metadata export in /app/update. Please move it to viewport export instead.
Read more: https://nextjs.org/docs/app/api-reference/functions/generate-viewport
Error: Failed to find Server Action "x". This request might be from an older or newer deployment. Original error: Cannot read properties of undefined (reading 'workers')
    at rE (/var/www/engjell-website/node_modules/next/dist/compiled/next-server/app-page.runtime.prod.js:16:1686)
    at /var/www/engjell-website/node_modules/next/dist/compiled/next-server/app-page.runtime.prod.js:16:303
    at process.processTicksAndRejections (node:internal/process/task_queues:95:5)
    at async rR (/var/www/engjell-website/node_modules/next/dist/compiled/next-server/app-page.runtime.prod.js:15:7978)
    at async r7 (/var/www/engjell-website/node_modules/next/dist/compiled/next-server/app-page.runtime.prod.js:18:1144)
    at async doRender (/var/www/engjell-website/node_modules/next/dist/server/base-server.js:1438:30)
    at async cacheEntry.responseCache.get.routeKind (/var/www/engjell-website/node_modules/next/dist/server/base-server.js:1599:28)
    at async NextNodeServer.renderToResponseWithComponentsImpl (/var/www/engjell-website/node_modules/next/dist/server/base-server.js:1507:28)
    at async NextNodeServer.renderErrorToResponseImpl (/var/www/engjell-website/node_modules/next/dist/server/base-server.js:2189:24)
    at async pipe.req.req (/var/www/engjell-website/node_modules/next/dist/server/base-server.js:2063:30)
 ⚠ Unsupported metadata viewport is configured in metadata export in /auth/login. Please move it to viewport export instead.
Read more: https://nextjs.org/docs/app/api-reference/functions/generate-viewport
 ⚠ Unsupported metadata themeColor is configured in metadata export in /auth/login. Please move it to viewport export instead.
Read more: https://nextjs.org/docs/app/api-reference/functions/generate-viewport
Error: Failed to find Server Action "x". This request might be from an older or newer deployment. Original error: Cannot read properties of undefined (reading 'workers')
    at rE (/var/www/engjell-website/node_modules/next/dist/compiled/next-server/app-page.runtime.prod.js:16:1686)
    at /var/www/engjell-website/node_modules/next/dist/compiled/next-server/app-page.runtime.prod.js:16:303
    at process.processTicksAndRejections (node:internal/process/task_queues:95:5)
    at async rR (/var/www/engjell-website/node_modules/next/dist/compiled/next-server/app-page.runtime.prod.js:15:7978)
    at async r7 (/var/www/engjell-website/node_modules/next/dist/compiled/next-server/app-page.runtime.prod.js:18:1144)
    at async doRender (/var/www/engjell-website/node_modules/next/dist/server/base-server.js:1438:30)
    at async cacheEntry.responseCache.get.routeKind (/var/www/engjell-website/node_modules/next/dist/server/base-server.js:1599:28)
    at async NextNodeServer.renderToResponseWithComponentsImpl (/var/www/engjell-website/node_modules/next/dist/server/base-server.js:1507:28)
    at async NextNodeServer.renderErrorToResponseImpl (/var/www/engjell-website/node_modules/next/dist/server/base-server.js:2189:24)
    at async pipe.req.req (/var/www/engjell-website/node_modules/next/dist/server/base-server.js:2063:30)
 ⚠ Unsupported metadata viewport is configured in metadata export in /login/edit. Please move it to viewport export instead.
Read more: https://nextjs.org/docs/app/api-reference/functions/generate-viewport
 ⚠ Unsupported metadata themeColor is configured in metadata export in /login/edit. Please move it to viewport export instead.
Read more: https://nextjs.org/docs/app/api-reference/functions/generate-viewport
Error: Failed to find Server Action "x". This request might be from an older or newer deployment. Original error: Cannot read properties of undefined (reading 'workers')
    at rE (/var/www/engjell-website/node_modules/next/dist/compiled/next-server/app-page.runtime.prod.js:16:1686)
    at /var/www/engjell-website/node_modules/next/dist/compiled/next-server/app-page.runtime.prod.js:16:303
    at process.processTicksAndRejections (node:internal/process/task_queues:95:5)
    at async rR (/var/www/engjell-website/node_modules/next/dist/compiled/next-server/app-page.runtime.prod.js:15:7978)
    at async r7 (/var/www/engjell-website/node_modules/next/dist/compiled/next-server/app-page.runtime.prod.js:18:1144)
    at async doRender (/var/www/engjell-website/node_modules/next/dist/server/base-server.js:1438:30)
    at async cacheEntry.responseCache.get.routeKind (/var/www/engjell-website/node_modules/next/dist/server/base-server.js:1599:28)
    at async NextNodeServer.renderToResponseWithComponentsImpl (/var/www/engjell-website/node_modules/next/dist/server/base-server.js:1507:28)
    at async NextNodeServer.renderErrorToResponseImpl (/var/www/engjell-website/node_modules/next/dist/server/base-server.js:2189:24)
    at async pipe.req.req (/var/www/engjell-website/node_modules/next/dist/server/base-server.js:2063:30)
 ⚠ Unsupported metadata viewport is configured in metadata export in /login/form. Please move it to viewport export instead.
Read more: https://nextjs.org/docs/app/api-reference/functions/generate-viewport
 ⚠ Unsupported metadata themeColor is configured in metadata export in /login/form. Please move it to viewport export instead.
Read more: https://nextjs.org/docs/app/api-reference/functions/generate-viewport
 ⚠ Unsupported metadata viewport is configured in metadata export in /podcast/apply. Please move it to viewport export instead.
Read more: https://nextjs.org/docs/app/api-reference/functions/generate-viewport
 ⚠ Unsupported metadata themeColor is configured in metadata export in /podcast/apply. Please move it to viewport export instead.
Read more: https://nextjs.org/docs/app/api-reference/functions/generate-viewport
 ⚠ Unsupported metadata viewport is configured in metadata export in /biography. Please move it to viewport export instead.
Read more: https://nextjs.org/docs/app/api-reference/functions/generate-viewport
 ⚠ Unsupported metadata themeColor is configured in metadata export in /biography. Please move it to viewport export instead.
Read more: https://nextjs.org/docs/app/api-reference/functions/generate-viewport
 ⚠ Unsupported metadata viewport is configured in metadata export in /podcast/apply. Please move it to viewport export instead.
Read more: https://nextjs.org/docs/app/api-reference/functions/generate-viewport
 ⚠ Unsupported metadata themeColor is configured in metadata export in /podcast/apply. Please move it to viewport export instead.
Read more: https://nextjs.org/docs/app/api-reference/functions/generate-viewport
 ⚠ Unsupported metadata viewport is configured in metadata export in /wp-content/plugins/boot/boot.php. Please move it to viewport export instead.
Read more: https://nextjs.org/docs/app/api-reference/functions/generate-viewport
 ⚠ Unsupported metadata themeColor is configured in metadata export in /wp-content/plugins/boot/boot.php. Please move it to viewport export instead.
Read more: https://nextjs.org/docs/app/api-reference/functions/generate-viewport
 ⚠ Unsupported metadata viewport is configured in metadata export in /wp-content/plugins/fix/up.php. Please move it to viewport export instead.
Read more: https://nextjs.org/docs/app/api-reference/functions/generate-viewport
 ⚠ Unsupported metadata themeColor is configured in metadata export in /wp-content/plugins/fix/up.php. Please move it to viewport export instead.
Read more: https://nextjs.org/docs/app/api-reference/functions/generate-viewport
 ⚠ Unsupported metadata viewport is configured in metadata export in /wp-content/index.php. Please move it to viewport export instead.
Read more: https://nextjs.org/docs/app/api-reference/functions/generate-viewport
 ⚠ Unsupported metadata themeColor is configured in metadata export in /wp-content/index.php. Please move it to viewport export instead.
Read more: https://nextjs.org/docs/app/api-reference/functions/generate-viewport
 ⚠ Unsupported metadata viewport is configured in metadata export in /autoload_classmap.php. Please move it to viewport export instead.
Read more: https://nextjs.org/docs/app/api-reference/functions/generate-viewport
 ⚠ Unsupported metadata themeColor is configured in metadata export in /autoload_classmap.php. Please move it to viewport export instead.
Read more: https://nextjs.org/docs/app/api-reference/functions/generate-viewport
 ⚠ Unsupported metadata viewport is configured in metadata export in /wp-content/plugins/pwnd/pwnd.php. Please move it to viewport export instead.
Read more: https://nextjs.org/docs/app/api-reference/functions/generate-viewport
 ⚠ Unsupported metadata themeColor is configured in metadata export in /wp-content/plugins/pwnd/pwnd.php. Please move it to viewport export instead.
Read more: https://nextjs.org/docs/app/api-reference/functions/generate-viewport
 ⚠ Unsupported metadata viewport is configured in metadata export in /wp-content/plugins/pwnd-1/pwnd.php. Please move it to viewport export instead.
Read more: https://nextjs.org/docs/app/api-reference/functions/generate-viewport
 ⚠ Unsupported metadata themeColor is configured in metadata export in /wp-content/plugins/pwnd-1/pwnd.php. Please move it to viewport export instead.
Read more: https://nextjs.org/docs/app/api-reference/functions/generate-viewport
 ⚠ Unsupported metadata viewport is configured in metadata export in /wp-content/plugins/simple/simple.php. Please move it to viewport export instead.
Read more: https://nextjs.org/docs/app/api-reference/functions/generate-viewport
 ⚠ Unsupported metadata themeColor is configured in metadata export in /wp-content/plugins/simple/simple.php. Please move it to viewport export instead.
Read more: https://nextjs.org/docs/app/api-reference/functions/generate-viewport
 ⚠ Unsupported metadata viewport is configured in metadata export in /worksec.php. Please move it to viewport export instead.
Read more: https://nextjs.org/docs/app/api-reference/functions/generate-viewport
 ⚠ Unsupported metadata themeColor is configured in metadata export in /worksec.php. Please move it to viewport export instead.
Read more: https://nextjs.org/docs/app/api-reference/functions/generate-viewport
 ⚠ Unsupported metadata viewport is configured in metadata export in /wp-content/worksec.php. Please move it to viewport export instead.
Read more: https://nextjs.org/docs/app/api-reference/functions/generate-viewport
 ⚠ Unsupported metadata themeColor is configured in metadata export in /wp-content/worksec.php. Please move it to viewport export instead.
Read more: https://nextjs.org/docs/app/api-reference/functions/generate-viewport
 ⚠ Unsupported metadata viewport is configured in metadata export in /wp-content/cache/index.php. Please move it to viewport export instead.
Read more: https://nextjs.org/docs/app/api-reference/functions/generate-viewport
 ⚠ Unsupported metadata themeColor is configured in metadata export in /wp-content/cache/index.php. Please move it to viewport export instead.
Read more: https://nextjs.org/docs/app/api-reference/functions/generate-viewport
 ⚠ Unsupported metadata viewport is configured in metadata export in /wp-content/index.php. Please move it to viewport export instead.
Read more: https://nextjs.org/docs/app/api-reference/functions/generate-viewport
 ⚠ Unsupported metadata themeColor is configured in metadata export in /wp-content/index.php. Please move it to viewport export instead.
Read more: https://nextjs.org/docs/app/api-reference/functions/generate-viewport
 ⚠ Unsupported metadata viewport is configured in metadata export in /wp-content/languages/index.php. Please move it to viewport export instead.
Read more: https://nextjs.org/docs/app/api-reference/functions/generate-viewport
 ⚠ Unsupported metadata themeColor is configured in metadata export in /wp-content/languages/index.php. Please move it to viewport export instead.
Read more: https://nextjs.org/docs/app/api-reference/functions/generate-viewport
 ⚠ Unsupported metadata viewport is configured in metadata export in /wp-content/plugins/index.php. Please move it to viewport export instead.
Read more: https://nextjs.org/docs/app/api-reference/functions/generate-viewport
 ⚠ Unsupported metadata themeColor is configured in metadata export in /wp-content/plugins/index.php. Please move it to viewport export instead.
Read more: https://nextjs.org/docs/app/api-reference/functions/generate-viewport
 ⚠ Unsupported metadata viewport is configured in metadata export in /wp-content/themes/index.php. Please move it to viewport export instead.
Read more: https://nextjs.org/docs/app/api-reference/functions/generate-viewport
 ⚠ Unsupported metadata themeColor is configured in metadata export in /wp-content/themes/index.php. Please move it to viewport export instead.
Read more: https://nextjs.org/docs/app/api-reference/functions/generate-viewport
 ⚠ Unsupported metadata viewport is configured in metadata export in /wp-content/upgrade/index.php. Please move it to viewport export instead.
Read more: https://nextjs.org/docs/app/api-reference/functions/generate-viewport
 ⚠ Unsupported metadata themeColor is configured in metadata export in /wp-content/upgrade/index.php. Please move it to viewport export instead.
Read more: https://nextjs.org/docs/app/api-reference/functions/generate-viewport
 ⚠ Unsupported metadata viewport is configured in metadata export in /wp-content/uploads/index.php. Please move it to viewport export instead.
Read more: https://nextjs.org/docs/app/api-reference/functions/generate-viewport
 ⚠ Unsupported metadata themeColor is configured in metadata export in /wp-content/uploads/index.php. Please move it to viewport export instead.
Read more: https://nextjs.org/docs/app/api-reference/functions/generate-viewport
 ⚠ Unsupported metadata viewport is configured in metadata export in /wp-admin/index.php. Please move it to viewport export instead.
Read more: https://nextjs.org/docs/app/api-reference/functions/generate-viewport
 ⚠ Unsupported metadata themeColor is configured in metadata export in /wp-admin/index.php. Please move it to viewport export instead.
Read more: https://nextjs.org/docs/app/api-reference/functions/generate-viewport
 ⚠ Unsupported metadata viewport is configured in metadata export in /wp-admin/css/index.php. Please move it to viewport export instead.
Read more: https://nextjs.org/docs/app/api-reference/functions/generate-viewport
 ⚠ Unsupported metadata themeColor is configured in metadata export in /wp-admin/css/index.php. Please move it to viewport export instead.
Read more: https://nextjs.org/docs/app/api-reference/functions/generate-viewport
 ⚠ Unsupported metadata viewport is configured in metadata export in /wp-admin/images/index.php. Please move it to viewport export instead.
Read more: https://nextjs.org/docs/app/api-reference/functions/generate-viewport
 ⚠ Unsupported metadata themeColor is configured in metadata export in /wp-admin/images/index.php. Please move it to viewport export instead.
Read more: https://nextjs.org/docs/app/api-reference/functions/generate-viewport
 ⚠ Unsupported metadata viewport is configured in metadata export in /wp-admin/includes/index.php. Please move it to viewport export instead.
Read more: https://nextjs.org/docs/app/api-reference/functions/generate-viewport
 ⚠ Unsupported metadata themeColor is configured in metadata export in /wp-admin/includes/index.php. Please move it to viewport export instead.
Read more: https://nextjs.org/docs/app/api-reference/functions/generate-viewport
 ⚠ Unsupported metadata viewport is configured in metadata export in /wp-admin/js/index.php. Please move it to viewport export instead.
Read more: https://nextjs.org/docs/app/api-reference/functions/generate-viewport
 ⚠ Unsupported metadata themeColor is configured in metadata export in /wp-admin/js/index.php. Please move it to viewport export instead.
Read more: https://nextjs.org/docs/app/api-reference/functions/generate-viewport
 ⚠ Unsupported metadata viewport is configured in metadata export in /wp-admin/maint/index.php. Please move it to viewport export instead.
Read more: https://nextjs.org/docs/app/api-reference/functions/generate-viewport
 ⚠ Unsupported metadata themeColor is configured in metadata export in /wp-admin/maint/index.php. Please move it to viewport export instead.
Read more: https://nextjs.org/docs/app/api-reference/functions/generate-viewport
 ⚠ Unsupported metadata viewport is configured in metadata export in /wp-admin/network/index.php. Please move it to viewport export instead.
Read more: https://nextjs.org/docs/app/api-reference/functions/generate-viewport
 ⚠ Unsupported metadata themeColor is configured in metadata export in /wp-admin/network/index.php. Please move it to viewport export instead.
Read more: https://nextjs.org/docs/app/api-reference/functions/generate-viewport
 ⚠ Unsupported metadata viewport is configured in metadata export in /wp-admin/user/index.php. Please move it to viewport export instead.
Read more: https://nextjs.org/docs/app/api-reference/functions/generate-viewport
 ⚠ Unsupported metadata themeColor is configured in metadata export in /wp-admin/user/index.php. Please move it to viewport export instead.
Read more: https://nextjs.org/docs/app/api-reference/functions/generate-viewport
 ⚠ Unsupported metadata viewport is configured in metadata export in /wp-includes/index.php. Please move it to viewport export instead.
Read more: https://nextjs.org/docs/app/api-reference/functions/generate-viewport
 ⚠ Unsupported metadata themeColor is configured in metadata export in /wp-includes/index.php. Please move it to viewport export instead.
Read more: https://nextjs.org/docs/app/api-reference/functions/generate-viewport
 ⚠ Unsupported metadata viewport is configured in metadata export in /wp-includes/html-api/index.php. Please move it to viewport export instead.
Read more: https://nextjs.org/docs/app/api-reference/functions/generate-viewport
 ⚠ Unsupported metadata themeColor is configured in metadata export in /wp-includes/html-api/index.php. Please move it to viewport export instead.
Read more: https://nextjs.org/docs/app/api-reference/functions/generate-viewport
 ⚠ Unsupported metadata viewport is configured in metadata export in /wp-includes/ID3/index.php. Please move it to viewport export instead.
Read more: https://nextjs.org/docs/app/api-reference/functions/generate-viewport
 ⚠ Unsupported metadata themeColor is configured in metadata export in /wp-includes/ID3/index.php. Please move it to viewport export instead.
Read more: https://nextjs.org/docs/app/api-reference/functions/generate-viewport
 ⚠ Unsupported metadata viewport is configured in metadata export in /wp-includes/IXR/index.php. Please move it to viewport export instead.
Read more: https://nextjs.org/docs/app/api-reference/functions/generate-viewport
 ⚠ Unsupported metadata themeColor is configured in metadata export in /wp-includes/IXR/index.php. Please move it to viewport export instead.
Read more: https://nextjs.org/docs/app/api-reference/functions/generate-viewport
 ⚠ Unsupported metadata viewport is configured in metadata export in /wp-includes/PHPMailer/index.php. Please move it to viewport export instead.
Read more: https://nextjs.org/docs/app/api-reference/functions/generate-viewport
 ⚠ Unsupported metadata themeColor is configured in metadata export in /wp-includes/PHPMailer/index.php. Please move it to viewport export instead.
Read more: https://nextjs.org/docs/app/api-reference/functions/generate-viewport
 ⚠ Unsupported metadata viewport is configured in metadata export in /wp-includes/Requests/index.php. Please move it to viewport export instead.
Read more: https://nextjs.org/docs/app/api-reference/functions/generate-viewport
 ⚠ Unsupported metadata themeColor is configured in metadata export in /wp-includes/Requests/index.php. Please move it to viewport export instead.
Read more: https://nextjs.org/docs/app/api-reference/functions/generate-viewport
 ⚠ Unsupported metadata viewport is configured in metadata export in /wp-includes/Requests/Auth/index.php. Please move it to viewport export instead.
Read more: https://nextjs.org/docs/app/api-reference/functions/generate-viewport
 ⚠ Unsupported metadata themeColor is configured in metadata export in /wp-includes/Requests/Auth/index.php. Please move it to viewport export instead.
Read more: https://nextjs.org/docs/app/api-reference/functions/generate-viewport
 ⚠ Unsupported metadata viewport is configured in metadata export in /wp-includes/Requests/Cookie/index.php. Please move it to viewport export instead.
Read more: https://nextjs.org/docs/app/api-reference/functions/generate-viewport
 ⚠ Unsupported metadata themeColor is configured in metadata export in /wp-includes/Requests/Cookie/index.php. Please move it to viewport export instead.
Read more: https://nextjs.org/docs/app/api-reference/functions/generate-viewport
 ⚠ Unsupported metadata viewport is configured in metadata export in /wp-includes/Requests/Exception/index.php. Please move it to viewport export instead.
Read more: https://nextjs.org/docs/app/api-reference/functions/generate-viewport
 ⚠ Unsupported metadata themeColor is configured in metadata export in /wp-includes/Requests/Exception/index.php. Please move it to viewport export instead.
Read more: https://nextjs.org/docs/app/api-reference/functions/generate-viewport
 ⚠ Unsupported metadata viewport is configured in metadata export in /wp-includes/Requests/Exception/HTTP/index.php. Please move it to viewport export instead.
Read more: https://nextjs.org/docs/app/api-reference/functions/generate-viewport
 ⚠ Unsupported metadata themeColor is configured in metadata export in /wp-includes/Requests/Exception/HTTP/index.php. Please move it to viewport export instead.
Read more: https://nextjs.org/docs/app/api-reference/functions/generate-viewport
 ⚠ Unsupported metadata viewport is configured in metadata export in /wp-includes/Requests/Exception/Transport/index.php. Please move it to viewport export instead.
Read more: https://nextjs.org/docs/app/api-reference/functions/generate-viewport
 ⚠ Unsupported metadata themeColor is configured in metadata export in /wp-includes/Requests/Exception/Transport/index.php. Please move it to viewport export instead.
Read more: https://nextjs.org/docs/app/api-reference/functions/generate-viewport
 ⚠ Unsupported metadata viewport is configured in metadata export in /wp-includes/Requests/Proxy/index.php. Please move it to viewport export instead.
Read more: https://nextjs.org/docs/app/api-reference/functions/generate-viewport
 ⚠ Unsupported metadata themeColor is configured in metadata export in /wp-includes/Requests/Proxy/index.php. Please move it to viewport export instead.
Read more: https://nextjs.org/docs/app/api-reference/functions/generate-viewport
 ⚠ Unsupported metadata viewport is configured in metadata export in /wp-includes/Requests/Response/index.php. Please move it to viewport export instead.
Read more: https://nextjs.org/docs/app/api-reference/functions/generate-viewport
 ⚠ Unsupported metadata themeColor is configured in metadata export in /wp-includes/Requests/Response/index.php. Please move it to viewport export instead.
Read more: https://nextjs.org/docs/app/api-reference/functions/generate-viewport
 ⚠ Unsupported metadata viewport is configured in metadata export in /wp-includes/Requests/Transport/index.php. Please move it to viewport export instead.
Read more: https://nextjs.org/docs/app/api-reference/functions/generate-viewport
 ⚠ Unsupported metadata themeColor is configured in metadata export in /wp-includes/Requests/Transport/index.php. Please move it to viewport export instead.
Read more: https://nextjs.org/docs/app/api-reference/functions/generate-viewport
 ⚠ Unsupported metadata viewport is configured in metadata export in /wp-includes/Requests/Utility/index.php. Please move it to viewport export instead.
Read more: https://nextjs.org/docs/app/api-reference/functions/generate-viewport
 ⚠ Unsupported metadata themeColor is configured in metadata export in /wp-includes/Requests/Utility/index.php. Please move it to viewport export instead.
Read more: https://nextjs.org/docs/app/api-reference/functions/generate-viewport
 ⚠ Unsupported metadata viewport is configured in metadata export in /wp-includes/SimplePie/index.php. Please move it to viewport export instead.
Read more: https://nextjs.org/docs/app/api-reference/functions/generate-viewport
 ⚠ Unsupported metadata themeColor is configured in metadata export in /wp-includes/SimplePie/index.php. Please move it to viewport export instead.
Read more: https://nextjs.org/docs/app/api-reference/functions/generate-viewport
 ⚠ Unsupported metadata viewport is configured in metadata export in /wp-includes/SimplePie/Cache/index.php. Please move it to viewport export instead.
Read more: https://nextjs.org/docs/app/api-reference/functions/generate-viewport
 ⚠ Unsupported metadata themeColor is configured in metadata export in /wp-includes/SimplePie/Cache/index.php. Please move it to viewport export instead.
Read more: https://nextjs.org/docs/app/api-reference/functions/generate-viewport
 ⚠ Unsupported metadata viewport is configured in metadata export in /wp-includes/SimplePie/Content/Type/index.php. Please move it to viewport export instead.
Read more: https://nextjs.org/docs/app/api-reference/functions/generate-viewport
 ⚠ Unsupported metadata themeColor is configured in metadata export in /wp-includes/SimplePie/Content/Type/index.php. Please move it to viewport export instead.
Read more: https://nextjs.org/docs/app/api-reference/functions/generate-viewport
 ⚠ Unsupported metadata viewport is configured in metadata export in /wp-includes/SimplePie/Decode/HTML/index.php. Please move it to viewport export instead.
Read more: https://nextjs.org/docs/app/api-reference/functions/generate-viewport
 ⚠ Unsupported metadata themeColor is configured in metadata export in /wp-includes/SimplePie/Decode/HTML/index.php. Please move it to viewport export instead.
Read more: https://nextjs.org/docs/app/api-reference/functions/generate-viewport
 ⚠ Unsupported metadata viewport is configured in metadata export in /wp-includes/SimplePie/HTTP/index.php. Please move it to viewport export instead.
Read more: https://nextjs.org/docs/app/api-reference/functions/generate-viewport
 ⚠ Unsupported metadata themeColor is configured in metadata export in /wp-includes/SimplePie/HTTP/index.php. Please move it to viewport export instead.
Read more: https://nextjs.org/docs/app/api-reference/functions/generate-viewport
 ⚠ Unsupported metadata viewport is configured in metadata export in /wp-includes/SimplePie/Net/index.php. Please move it to viewport export instead.
Read more: https://nextjs.org/docs/app/api-reference/functions/generate-viewport
 ⚠ Unsupported metadata themeColor is configured in metadata export in /wp-includes/SimplePie/Net/index.php. Please move it to viewport export instead.
Read more: https://nextjs.org/docs/app/api-reference/functions/generate-viewport
 ⚠ Unsupported metadata viewport is configured in metadata export in /wp-includes/SimplePie/Parse/index.php. Please move it to viewport export instead.
Read more: https://nextjs.org/docs/app/api-reference/functions/generate-viewport
 ⚠ Unsupported metadata themeColor is configured in metadata export in /wp-includes/SimplePie/Parse/index.php. Please move it to viewport export instead.
Read more: https://nextjs.org/docs/app/api-reference/functions/generate-viewport
 ⚠ Unsupported metadata viewport is configured in metadata export in /wp-includes/SimplePie/XML/Declaration/index.php. Please move it to viewport export instead.
Read more: https://nextjs.org/docs/app/api-reference/functions/generate-viewport
 ⚠ Unsupported metadata themeColor is configured in metadata export in /wp-includes/SimplePie/XML/Declaration/index.php. Please move it to viewport export instead.
Read more: https://nextjs.org/docs/app/api-reference/functions/generate-viewport
 ⚠ Unsupported metadata viewport is configured in metadata export in /wp-includes/Text/index.php. Please move it to viewport export instead.
Read more: https://nextjs.org/docs/app/api-reference/functions/generate-viewport
 ⚠ Unsupported metadata themeColor is configured in metadata export in /wp-includes/Text/index.php. Please move it to viewport export instead.
Read more: https://nextjs.org/docs/app/api-reference/functions/generate-viewport
 ⚠ Unsupported metadata viewport is configured in metadata export in /wp-includes/Text/Diff/index.php. Please move it to viewport export instead.
Read more: https://nextjs.org/docs/app/api-reference/functions/generate-viewport
 ⚠ Unsupported metadata themeColor is configured in metadata export in /wp-includes/Text/Diff/index.php. Please move it to viewport export instead.
Read more: https://nextjs.org/docs/app/api-reference/functions/generate-viewport
 ⚠ Unsupported metadata viewport is configured in metadata export in /wp-includes/Text/Diff/Engine/index.php. Please move it to viewport export instead.
Read more: https://nextjs.org/docs/app/api-reference/functions/generate-viewport
 ⚠ Unsupported metadata themeColor is configured in metadata export in /wp-includes/Text/Diff/Engine/index.php. Please move it to viewport export instead.
Read more: https://nextjs.org/docs/app/api-reference/functions/generate-viewport
 ⚠ Unsupported metadata viewport is configured in metadata export in /wp-includes/Text/Diff/Renderer/index.php. Please move it to viewport export instead.
Read more: https://nextjs.org/docs/app/api-reference/functions/generate-viewport
 ⚠ Unsupported metadata themeColor is configured in metadata export in /wp-includes/Text/Diff/Renderer/index.php. Please move it to viewport export instead.
Read more: https://nextjs.org/docs/app/api-reference/functions/generate-viewport
 ⚠ Unsupported metadata viewport is configured in metadata export in /wp-includes/assets/index.php. Please move it to viewport export instead.
Read more: https://nextjs.org/docs/app/api-reference/functions/generate-viewport
 ⚠ Unsupported metadata themeColor is configured in metadata export in /wp-includes/assets/index.php. Please move it to viewport export instead.
Read more: https://nextjs.org/docs/app/api-reference/functions/generate-viewport
 ⚠ Unsupported metadata viewport is configured in metadata export in /wp-includes/block-patterns/index.php. Please move it to viewport export instead.
Read more: https://nextjs.org/docs/app/api-reference/functions/generate-viewport
 ⚠ Unsupported metadata themeColor is configured in metadata export in /wp-includes/block-patterns/index.php. Please move it to viewport export instead.
Read more: https://nextjs.org/docs/app/api-reference/functions/generate-viewport
 ⚠ Unsupported metadata viewport is configured in metadata export in /wp-includes/block-supports/index.php. Please move it to viewport export instead.
Read more: https://nextjs.org/docs/app/api-reference/functions/generate-viewport
 ⚠ Unsupported metadata themeColor is configured in metadata export in /wp-includes/block-supports/index.php. Please move it to viewport export instead.
Read more: https://nextjs.org/docs/app/api-reference/functions/generate-viewport
 ⚠ Unsupported metadata viewport is configured in metadata export in /wp-includes/blocks/index.php. Please move it to viewport export instead.
Read more: https://nextjs.org/docs/app/api-reference/functions/generate-viewport
 ⚠ Unsupported metadata themeColor is configured in metadata export in /wp-includes/blocks/index.php. Please move it to viewport export instead.
Read more: https://nextjs.org/docs/app/api-reference/functions/generate-viewport
 ⚠ Unsupported metadata viewport is configured in metadata export in /wp-includes/blocks/archives/index.php. Please move it to viewport export instead.
Read more: https://nextjs.org/docs/app/api-reference/functions/generate-viewport
 ⚠ Unsupported metadata themeColor is configured in metadata export in /wp-includes/blocks/archives/index.php. Please move it to viewport export instead.
Read more: https://nextjs.org/docs/app/api-reference/functions/generate-viewport
 ⚠ Unsupported metadata viewport is configured in metadata export in /wp-includes/blocks/audio/index.php. Please move it to viewport export instead.
Read more: https://nextjs.org/docs/app/api-reference/functions/generate-viewport
 ⚠ Unsupported metadata themeColor is configured in metadata export in /wp-includes/blocks/audio/index.php. Please move it to viewport export instead.
Read more: https://nextjs.org/docs/app/api-reference/functions/generate-viewport
 ⚠ Unsupported metadata viewport is configured in metadata export in /wp-includes/blocks/block/index.php. Please move it to viewport export instead.
Read more: https://nextjs.org/docs/app/api-reference/functions/generate-viewport
 ⚠ Unsupported metadata themeColor is configured in metadata export in /wp-includes/blocks/block/index.php. Please move it to viewport export instead.
Read more: https://nextjs.org/docs/app/api-reference/functions/generate-viewport
 ⚠ Unsupported metadata viewport is configured in metadata export in /wp-includes/blocks/button/index.php. Please move it to viewport export instead.
Read more: https://nextjs.org/docs/app/api-reference/functions/generate-viewport
 ⚠ Unsupported metadata themeColor is configured in metadata export in /wp-includes/blocks/button/index.php. Please move it to viewport export instead.
Read more: https://nextjs.org/docs/app/api-reference/functions/generate-viewport
 ⚠ Unsupported metadata viewport is configured in metadata export in /wp-includes/blocks/buttons/index.php. Please move it to viewport export instead.
Read more: https://nextjs.org/docs/app/api-reference/functions/generate-viewport
 ⚠ Unsupported metadata themeColor is configured in metadata export in /wp-includes/blocks/buttons/index.php. Please move it to viewport export instead.
Read more: https://nextjs.org/docs/app/api-reference/functions/generate-viewport
 ⚠ Unsupported metadata viewport is configured in metadata export in /wp-includes/blocks/calendar/index.php. Please move it to viewport export instead.
Read more: https://nextjs.org/docs/app/api-reference/functions/generate-viewport
 ⚠ Unsupported metadata themeColor is configured in metadata export in /wp-includes/blocks/calendar/index.php. Please move it to viewport export instead.
Read more: https://nextjs.org/docs/app/api-reference/functions/generate-viewport
 ⚠ Unsupported metadata viewport is configured in metadata export in /wp-includes/blocks/categories/index.php. Please move it to viewport export instead.
Read more: https://nextjs.org/docs/app/api-reference/functions/generate-viewport
 ⚠ Unsupported metadata themeColor is configured in metadata export in /wp-includes/blocks/categories/index.php. Please move it to viewport export instead.
Read more: https://nextjs.org/docs/app/api-reference/functions/generate-viewport
 ⚠ Unsupported metadata viewport is configured in metadata export in /wp-includes/blocks/code/index.php. Please move it to viewport export instead.
Read more: https://nextjs.org/docs/app/api-reference/functions/generate-viewport
 ⚠ Unsupported metadata themeColor is configured in metadata export in /wp-includes/blocks/code/index.php. Please move it to viewport export instead.
Read more: https://nextjs.org/docs/app/api-reference/functions/generate-viewport
 ⚠ Unsupported metadata viewport is configured in metadata export in /wp-includes/blocks/column/index.php. Please move it to viewport export instead.
Read more: https://nextjs.org/docs/app/api-reference/functions/generate-viewport
 ⚠ Unsupported metadata themeColor is configured in metadata export in /wp-includes/blocks/column/index.php. Please move it to viewport export instead.
Read more: https://nextjs.org/docs/app/api-reference/functions/generate-viewport
 ⚠ Unsupported metadata viewport is configured in metadata export in /wp-includes/blocks/columns/index.php. Please move it to viewport export instead.
Read more: https://nextjs.org/docs/app/api-reference/functions/generate-viewport
 ⚠ Unsupported metadata themeColor is configured in metadata export in /wp-includes/blocks/columns/index.php. Please move it to viewport export instead.
Read more: https://nextjs.org/docs/app/api-reference/functions/generate-viewport
 ⚠ Unsupported metadata viewport is configured in metadata export in /wp-includes/blocks/cover/index.php. Please move it to viewport export instead.
Read more: https://nextjs.org/docs/app/api-reference/functions/generate-viewport
 ⚠ Unsupported metadata themeColor is configured in metadata export in /wp-includes/blocks/cover/index.php. Please move it to viewport export instead.
Read more: https://nextjs.org/docs/app/api-reference/functions/generate-viewport
 ⚠ Unsupported metadata viewport is configured in metadata export in /wp-includes/blocks/embed/index.php. Please move it to viewport export instead.
Read more: https://nextjs.org/docs/app/api-reference/functions/generate-viewport
 ⚠ Unsupported metadata themeColor is configured in metadata export in /wp-includes/blocks/embed/index.php. Please move it to viewport export instead.
Read more: https://nextjs.org/docs/app/api-reference/functions/generate-viewport
 ⚠ Unsupported metadata viewport is configured in metadata export in /wp-includes/blocks/file/index.php. Please move it to viewport export instead.
Read more: https://nextjs.org/docs/app/api-reference/functions/generate-viewport
 ⚠ Unsupported metadata themeColor is configured in metadata export in /wp-includes/blocks/file/index.php. Please move it to viewport export instead.
Read more: https://nextjs.org/docs/app/api-reference/functions/generate-viewport
 ⚠ Unsupported metadata viewport is configured in metadata export in /wp-includes/blocks/freeform/index.php. Please move it to viewport export instead.
Read more: https://nextjs.org/docs/app/api-reference/functions/generate-viewport
 ⚠ Unsupported metadata themeColor is configured in metadata export in /wp-includes/blocks/freeform/index.php. Please move it to viewport export instead.
Read more: https://nextjs.org/docs/app/api-reference/functions/generate-viewport
 ⚠ Unsupported metadata viewport is configured in metadata export in /wp-includes/blocks/gallery/index.php. Please move it to viewport export instead.
Read more: https://nextjs.org/docs/app/api-reference/functions/generate-viewport
 ⚠ Unsupported metadata themeColor is configured in metadata export in /wp-includes/blocks/gallery/index.php. Please move it to viewport export instead.
Read more: https://nextjs.org/docs/app/api-reference/functions/generate-viewport
 ⚠ Unsupported metadata viewport is configured in metadata export in /wp-includes/blocks/group/index.php. Please move it to viewport export instead.
Read more: https://nextjs.org/docs/app/api-reference/functions/generate-viewport
 ⚠ Unsupported metadata themeColor is configured in metadata export in /wp-includes/blocks/group/index.php. Please move it to viewport export instead.
Read more: https://nextjs.org/docs/app/api-reference/functions/generate-viewport
 ⚠ Unsupported metadata viewport is configured in metadata export in /wp-includes/blocks/heading/index.php. Please move it to viewport export instead.
Read more: https://nextjs.org/docs/app/api-reference/functions/generate-viewport
 ⚠ Unsupported metadata themeColor is configured in metadata export in /wp-includes/blocks/heading/index.php. Please move it to viewport export instead.
Read more: https://nextjs.org/docs/app/api-reference/functions/generate-viewport
 ⚠ Unsupported metadata viewport is configured in metadata export in /wp-includes/blocks/html/index.php. Please move it to viewport export instead.
Read more: https://nextjs.org/docs/app/api-reference/functions/generate-viewport
 ⚠ Unsupported metadata themeColor is configured in metadata export in /wp-includes/blocks/html/index.php. Please move it to viewport export instead.
Read more: https://nextjs.org/docs/app/api-reference/functions/generate-viewport
 ⚠ Unsupported metadata viewport is configured in metadata export in /wp-includes/blocks/image/index.php. Please move it to viewport export instead.
Read more: https://nextjs.org/docs/app/api-reference/functions/generate-viewport
 ⚠ Unsupported metadata themeColor is configured in metadata export in /wp-includes/blocks/image/index.php. Please move it to viewport export instead.
Read more: https://nextjs.org/docs/app/api-reference/functions/generate-viewport
 ⚠ Unsupported metadata viewport is configured in metadata export in /wp-includes/blocks/latest-comments/index.php. Please move it to viewport export instead.
Read more: https://nextjs.org/docs/app/api-reference/functions/generate-viewport
 ⚠ Unsupported metadata themeColor is configured in metadata export in /wp-includes/blocks/latest-comments/index.php. Please move it to viewport export instead.
Read more: https://nextjs.org/docs/app/api-reference/functions/generate-viewport
 ⚠ Unsupported metadata viewport is configured in metadata export in /wp-includes/blocks/latest-posts/index.php. Please move it to viewport export instead.
Read more: https://nextjs.org/docs/app/api-reference/functions/generate-viewport
 ⚠ Unsupported metadata themeColor is configured in metadata export in /wp-includes/blocks/latest-posts/index.php. Please move it to viewport export instead.
Read more: https://nextjs.org/docs/app/api-reference/functions/generate-viewport
 ⚠ Unsupported metadata viewport is configured in metadata export in /wp-includes/blocks/legacy-widget/index.php. Please move it to viewport export instead.
Read more: https://nextjs.org/docs/app/api-reference/functions/generate-viewport
 ⚠ Unsupported metadata themeColor is configured in metadata export in /wp-includes/blocks/legacy-widget/index.php. Please move it to viewport export instead.
Read more: https://nextjs.org/docs/app/api-reference/functions/generate-viewport
 ⚠ Unsupported metadata viewport is configured in metadata export in /wp-includes/blocks/list/index.php. Please move it to viewport export instead.
Read more: https://nextjs.org/docs/app/api-reference/functions/generate-viewport
 ⚠ Unsupported metadata themeColor is configured in metadata export in /wp-includes/blocks/list/index.php. Please move it to viewport export instead.
Read more: https://nextjs.org/docs/app/api-reference/functions/generate-viewport
 ⚠ Unsupported metadata viewport is configured in metadata export in /wp-includes/blocks/loginout/index.php. Please move it to viewport export instead.
Read more: https://nextjs.org/docs/app/api-reference/functions/generate-viewport
 ⚠ Unsupported metadata themeColor is configured in metadata export in /wp-includes/blocks/loginout/index.php. Please move it to viewport export instead.
Read more: https://nextjs.org/docs/app/api-reference/functions/generate-viewport
 ⚠ Unsupported metadata viewport is configured in metadata export in /wp-includes/blocks/media-text/index.php. Please move it to viewport export instead.
Read more: https://nextjs.org/docs/app/api-reference/functions/generate-viewport
 ⚠ Unsupported metadata themeColor is configured in metadata export in /wp-includes/blocks/media-text/index.php. Please move it to viewport export instead.
Read more: https://nextjs.org/docs/app/api-reference/functions/generate-viewport
 ⚠ Unsupported metadata viewport is configured in metadata export in /wp-includes/blocks/missing/index.php. Please move it to viewport export instead.
Read more: https://nextjs.org/docs/app/api-reference/functions/generate-viewport
 ⚠ Unsupported metadata themeColor is configured in metadata export in /wp-includes/blocks/missing/index.php. Please move it to viewport export instead.
Read more: https://nextjs.org/docs/app/api-reference/functions/generate-viewport
 ⚠ Unsupported metadata viewport is configured in metadata export in /wp-includes/blocks/more/index.php. Please move it to viewport export instead.
Read more: https://nextjs.org/docs/app/api-reference/functions/generate-viewport
 ⚠ Unsupported metadata themeColor is configured in metadata export in /wp-includes/blocks/more/index.php. Please move it to viewport export instead.
Read more: https://nextjs.org/docs/app/api-reference/functions/generate-viewport
 ⚠ Unsupported metadata viewport is configured in metadata export in /podcast/apply. Please move it to viewport export instead.
Read more: https://nextjs.org/docs/app/api-reference/functions/generate-viewport
 ⚠ Unsupported metadata themeColor is configured in metadata export in /podcast/apply. Please move it to viewport export instead.
Read more: https://nextjs.org/docs/app/api-reference/functions/generate-viewport
 ⚠ Unsupported metadata viewport is configured in metadata export in /podcast/apply. Please move it to viewport export instead.
Read more: https://nextjs.org/docs/app/api-reference/functions/generate-viewport
 ⚠ Unsupported metadata themeColor is configured in metadata export in /podcast/apply. Please move it to viewport export instead.
Read more: https://nextjs.org/docs/app/api-reference/functions/generate-viewport
 ⚠ Unsupported metadata viewport is configured in metadata export in /.git/config. Please move it to viewport export instead.
Read more: https://nextjs.org/docs/app/api-reference/functions/generate-viewport
 ⚠ Unsupported metadata themeColor is configured in metadata export in /.git/config. Please move it to viewport export instead.
Read more: https://nextjs.org/docs/app/api-reference/functions/generate-viewport
 ⚠ Unsupported metadata viewport is configured in metadata export in /.env. Please move it to viewport export instead.
Read more: https://nextjs.org/docs/app/api-reference/functions/generate-viewport
 ⚠ Unsupported metadata themeColor is configured in metadata export in /.env. Please move it to viewport export instead.
Read more: https://nextjs.org/docs/app/api-reference/functions/generate-viewport
 ⚠ Unsupported metadata viewport is configured in metadata export in /.env.example. Please move it to viewport export instead.
Read more: https://nextjs.org/docs/app/api-reference/functions/generate-viewport
 ⚠ Unsupported metadata themeColor is configured in metadata export in /.env.example. Please move it to viewport export instead.
Read more: https://nextjs.org/docs/app/api-reference/functions/generate-viewport
 ⚠ Unsupported metadata viewport is configured in metadata export in /.env.development. Please move it to viewport export instead.
Read more: https://nextjs.org/docs/app/api-reference/functions/generate-viewport
 ⚠ Unsupported metadata themeColor is configured in metadata export in /.env.development. Please move it to viewport export instead.
Read more: https://nextjs.org/docs/app/api-reference/functions/generate-viewport
 ⚠ Unsupported metadata viewport is configured in metadata export in /.env.production. Please move it to viewport export instead.
Read more: https://nextjs.org/docs/app/api-reference/functions/generate-viewport
 ⚠ Unsupported metadata themeColor is configured in metadata export in /.env.production. Please move it to viewport export instead.
Read more: https://nextjs.org/docs/app/api-reference/functions/generate-viewport
 ⚠ Unsupported metadata viewport is configured in metadata export in /api/.env. Please move it to viewport export instead.
Read more: https://nextjs.org/docs/app/api-reference/functions/generate-viewport
 ⚠ Unsupported metadata themeColor is configured in metadata export in /api/.env. Please move it to viewport export instead.
Read more: https://nextjs.org/docs/app/api-reference/functions/generate-viewport
 ⚠ Unsupported metadata viewport is configured in metadata export in /backend/.env. Please move it to viewport export instead.
Read more: https://nextjs.org/docs/app/api-reference/functions/generate-viewport
 ⚠ Unsupported metadata themeColor is configured in metadata export in /backend/.env. Please move it to viewport export instead.
Read more: https://nextjs.org/docs/app/api-reference/functions/generate-viewport
 ⚠ Unsupported metadata viewport is configured in metadata export in /_profiler/phpinfo. Please move it to viewport export instead.
Read more: https://nextjs.org/docs/app/api-reference/functions/generate-viewport
 ⚠ Unsupported metadata themeColor is configured in metadata export in /_profiler/phpinfo. Please move it to viewport export instead.
Read more: https://nextjs.org/docs/app/api-reference/functions/generate-viewport
 ⚠ Unsupported metadata viewport is configured in metadata export in /phpinfo.php. Please move it to viewport export instead.
Read more: https://nextjs.org/docs/app/api-reference/functions/generate-viewport
 ⚠ Unsupported metadata themeColor is configured in metadata export in /phpinfo.php. Please move it to viewport export instead.
Read more: https://nextjs.org/docs/app/api-reference/functions/generate-viewport
 ⚠ Unsupported metadata viewport is configured in metadata export in /phpinfo. Please move it to viewport export instead.
Read more: https://nextjs.org/docs/app/api-reference/functions/generate-viewport
 ⚠ Unsupported metadata themeColor is configured in metadata export in /phpinfo. Please move it to viewport export instead.
Read more: https://nextjs.org/docs/app/api-reference/functions/generate-viewport
 ⚠ Unsupported metadata viewport is configured in metadata export in /info.php. Please move it to viewport export instead.
Read more: https://nextjs.org/docs/app/api-reference/functions/generate-viewport
 ⚠ Unsupported metadata themeColor is configured in metadata export in /info.php. Please move it to viewport export instead.
Read more: https://nextjs.org/docs/app/api-reference/functions/generate-viewport
 ⚠ Unsupported metadata viewport is configured in metadata export in /index.php/phpinfo. Please move it to viewport export instead.
Read more: https://nextjs.org/docs/app/api-reference/functions/generate-viewport
 ⚠ Unsupported metadata themeColor is configured in metadata export in /index.php/phpinfo. Please move it to viewport export instead.
Read more: https://nextjs.org/docs/app/api-reference/functions/generate-viewport
 ⚠ Unsupported metadata viewport is configured in metadata export in /symfony/_profiler/phpinfo. Please move it to viewport export instead.
Read more: https://nextjs.org/docs/app/api-reference/functions/generate-viewport
 ⚠ Unsupported metadata themeColor is configured in metadata export in /symfony/_profiler/phpinfo. Please move it to viewport export instead.
Read more: https://nextjs.org/docs/app/api-reference/functions/generate-viewport
 ⚠ Unsupported metadata viewport is configured in metadata export in /app_dev.php/_profiler/phpinfo. Please move it to viewport export instead.
Read more: https://nextjs.org/docs/app/api-reference/functions/generate-viewport
 ⚠ Unsupported metadata themeColor is configured in metadata export in /app_dev.php/_profiler/phpinfo. Please move it to viewport export instead.
Read more: https://nextjs.org/docs/app/api-reference/functions/generate-viewport
 ⚠ Unsupported metadata viewport is configured in metadata export in /test.php. Please move it to viewport export instead.
Read more: https://nextjs.org/docs/app/api-reference/functions/generate-viewport
 ⚠ Unsupported metadata themeColor is configured in metadata export in /test.php. Please move it to viewport export instead.
Read more: https://nextjs.org/docs/app/api-reference/functions/generate-viewport
 ⚠ Unsupported metadata viewport is configured in metadata export in /dashboard/info.php. Please move it to viewport export instead.
Read more: https://nextjs.org/docs/app/api-reference/functions/generate-viewport
 ⚠ Unsupported metadata themeColor is configured in metadata export in /dashboard/info.php. Please move it to viewport export instead.
Read more: https://nextjs.org/docs/app/api-reference/functions/generate-viewport
 ⚠ Unsupported metadata viewport is configured in metadata export in /.aws/credentials. Please move it to viewport export instead.
Read more: https://nextjs.org/docs/app/api-reference/functions/generate-viewport
 ⚠ Unsupported metadata themeColor is configured in metadata export in /.aws/credentials. Please move it to viewport export instead.
Read more: https://nextjs.org/docs/app/api-reference/functions/generate-viewport
 ⚠ Unsupported metadata viewport is configured in metadata export in /wp-content/debug.log. Please move it to viewport export instead.
Read more: https://nextjs.org/docs/app/api-reference/functions/generate-viewport
 ⚠ Unsupported metadata themeColor is configured in metadata export in /wp-content/debug.log. Please move it to viewport export instead.
Read more: https://nextjs.org/docs/app/api-reference/functions/generate-viewport
 ⚠ Unsupported metadata viewport is configured in metadata export in /apple-icon.png. Please move it to viewport export instead.
Read more: https://nextjs.org/docs/app/api-reference/functions/generate-viewport
 ⚠ Unsupported metadata themeColor is configured in metadata export in /apple-icon.png. Please move it to viewport export instead.
Read more: https://nextjs.org/docs/app/api-reference/functions/generate-viewport
 ⚠ Unsupported metadata viewport is configured in metadata export in /icon-192.png. Please move it to viewport export instead.
Read more: https://nextjs.org/docs/app/api-reference/functions/generate-viewport
 ⚠ Unsupported metadata themeColor is configured in metadata export in /icon-192.png. Please move it to viewport export instead.
Read more: https://nextjs.org/docs/app/api-reference/functions/generate-viewport
 ⚠ Unsupported metadata viewport is configured in metadata export in /icon-192.png. Please move it to viewport export instead.
Read more: https://nextjs.org/docs/app/api-reference/functions/generate-viewport
 ⚠ Unsupported metadata themeColor is configured in metadata export in /icon-192.png. Please move it to viewport export instead.
Read more: https://nextjs.org/docs/app/api-reference/functions/generate-viewport
 ⚠ Unsupported metadata viewport is configured in metadata export in /icon-512.png. Please move it to viewport export instead.
Read more: https://nextjs.org/docs/app/api-reference/functions/generate-viewport
 ⚠ Unsupported metadata themeColor is configured in metadata export in /icon-512.png. Please move it to viewport export instead.
Read more: https://nextjs.org/docs/app/api-reference/functions/generate-viewport
 ⚠ Unsupported metadata viewport is configured in metadata export in /icon.png. Please move it to viewport export instead.
Read more: https://nextjs.org/docs/app/api-reference/functions/generate-viewport
 ⚠ Unsupported metadata themeColor is configured in metadata export in /icon.png. Please move it to viewport export instead.
Read more: https://nextjs.org/docs/app/api-reference/functions/generate-viewport
 ⚠ Unsupported metadata viewport is configured in metadata export in /wp-includes/ID3/license.txt. Please move it to viewport export instead.
Read more: https://nextjs.org/docs/app/api-reference/functions/generate-viewport
 ⚠ Unsupported metadata themeColor is configured in metadata export in /wp-includes/ID3/license.txt. Please move it to viewport export instead.
Read more: https://nextjs.org/docs/app/api-reference/functions/generate-viewport
 ⚠ Unsupported metadata viewport is configured in metadata export in /xmlrpc.php. Please move it to viewport export instead.
Read more: https://nextjs.org/docs/app/api-reference/functions/generate-viewport
 ⚠ Unsupported metadata themeColor is configured in metadata export in /xmlrpc.php. Please move it to viewport export instead.
Read more: https://nextjs.org/docs/app/api-reference/functions/generate-viewport
 ⚠ Unsupported metadata viewport is configured in metadata export in /blog/wp-includes/wlwmanifest.xml. Please move it to viewport export instead.
Read more: https://nextjs.org/docs/app/api-reference/functions/generate-viewport
 ⚠ Unsupported metadata themeColor is configured in metadata export in /blog/wp-includes/wlwmanifest.xml. Please move it to viewport export instead.
Read more: https://nextjs.org/docs/app/api-reference/functions/generate-viewport
 ⚠ Unsupported metadata viewport is configured in metadata export in /web/wp-includes/wlwmanifest.xml. Please move it to viewport export instead.
Read more: https://nextjs.org/docs/app/api-reference/functions/generate-viewport
 ⚠ Unsupported metadata themeColor is configured in metadata export in /web/wp-includes/wlwmanifest.xml. Please move it to viewport export instead.
Read more: https://nextjs.org/docs/app/api-reference/functions/generate-viewport
 ⚠ Unsupported metadata viewport is configured in metadata export in /wordpress/wp-includes/wlwmanifest.xml. Please move it to viewport export instead.
Read more: https://nextjs.org/docs/app/api-reference/functions/generate-viewport
 ⚠ Unsupported metadata themeColor is configured in metadata export in /wordpress/wp-includes/wlwmanifest.xml. Please move it to viewport export instead.
Read more: https://nextjs.org/docs/app/api-reference/functions/generate-viewport
 ⚠ Unsupported metadata viewport is configured in metadata export in /wp/wp-includes/wlwmanifest.xml. Please move it to viewport export instead.
Read more: https://nextjs.org/docs/app/api-reference/functions/generate-viewport
 ⚠ Unsupported metadata themeColor is configured in metadata export in /wp/wp-includes/wlwmanifest.xml. Please move it to viewport export instead.
Read more: https://nextjs.org/docs/app/api-reference/functions/generate-viewport
 ⚠ Unsupported metadata viewport is configured in metadata export in /2020/wp-includes/wlwmanifest.xml. Please move it to viewport export instead.
Read more: https://nextjs.org/docs/app/api-reference/functions/generate-viewport
 ⚠ Unsupported metadata themeColor is configured in metadata export in /2020/wp-includes/wlwmanifest.xml. Please move it to viewport export instead.
Read more: https://nextjs.org/docs/app/api-reference/functions/generate-viewport
 ⚠ Unsupported metadata viewport is configured in metadata export in /2019/wp-includes/wlwmanifest.xml. Please move it to viewport export instead.
Read more: https://nextjs.org/docs/app/api-reference/functions/generate-viewport
 ⚠ Unsupported metadata themeColor is configured in metadata export in /2019/wp-includes/wlwmanifest.xml. Please move it to viewport export instead.
Read more: https://nextjs.org/docs/app/api-reference/functions/generate-viewport
 ⚠ Unsupported metadata viewport is configured in metadata export in /2021/wp-includes/wlwmanifest.xml. Please move it to viewport export instead.
Read more: https://nextjs.org/docs/app/api-reference/functions/generate-viewport
 ⚠ Unsupported metadata themeColor is configured in metadata export in /2021/wp-includes/wlwmanifest.xml. Please move it to viewport export instead.
Read more: https://nextjs.org/docs/app/api-reference/functions/generate-viewport
 ⚠ Unsupported metadata viewport is configured in metadata export in /shop/wp-includes/wlwmanifest.xml. Please move it to viewport export instead.
Read more: https://nextjs.org/docs/app/api-reference/functions/generate-viewport
 ⚠ Unsupported metadata themeColor is configured in metadata export in /shop/wp-includes/wlwmanifest.xml. Please move it to viewport export instead.
Read more: https://nextjs.org/docs/app/api-reference/functions/generate-viewport
 ⚠ Unsupported metadata viewport is configured in metadata export in /wp1/wp-includes/wlwmanifest.xml. Please move it to viewport export instead.
Read more: https://nextjs.org/docs/app/api-reference/functions/generate-viewport
 ⚠ Unsupported metadata themeColor is configured in metadata export in /wp1/wp-includes/wlwmanifest.xml. Please move it to viewport export instead.
Read more: https://nextjs.org/docs/app/api-reference/functions/generate-viewport
 ⚠ Unsupported metadata viewport is configured in metadata export in /test/wp-includes/wlwmanifest.xml. Please move it to viewport export instead.
Read more: https://nextjs.org/docs/app/api-reference/functions/generate-viewport
 ⚠ Unsupported metadata themeColor is configured in metadata export in /test/wp-includes/wlwmanifest.xml. Please move it to viewport export instead.
Read more: https://nextjs.org/docs/app/api-reference/functions/generate-viewport
 ⚠ Unsupported metadata viewport is configured in metadata export in /site/wp-includes/wlwmanifest.xml. Please move it to viewport export instead.
Read more: https://nextjs.org/docs/app/api-reference/functions/generate-viewport
 ⚠ Unsupported metadata themeColor is configured in metadata export in /site/wp-includes/wlwmanifest.xml. Please move it to viewport export instead.
Read more: https://nextjs.org/docs/app/api-reference/functions/generate-viewport
 ⚠ Unsupported metadata viewport is configured in metadata export in /cms/wp-includes/wlwmanifest.xml. Please move it to viewport export instead.
Read more: https://nextjs.org/docs/app/api-reference/functions/generate-viewport
 ⚠ Unsupported metadata themeColor is configured in metadata export in /cms/wp-includes/wlwmanifest.xml. Please move it to viewport export instead.
Read more: https://nextjs.org/docs/app/api-reference/functions/generate-viewport
 ⚠ Unsupported metadata viewport is configured in metadata export in /wp-good.php. Please move it to viewport export instead.
Read more: https://nextjs.org/docs/app/api-reference/functions/generate-viewport
 ⚠ Unsupported metadata themeColor is configured in metadata export in /wp-good.php. Please move it to viewport export instead.
Read more: https://nextjs.org/docs/app/api-reference/functions/generate-viewport
 ⚠ Unsupported metadata viewport is configured in metadata export in /ioxi-o.php. Please move it to viewport export instead.
Read more: https://nextjs.org/docs/app/api-reference/functions/generate-viewport
 ⚠ Unsupported metadata themeColor is configured in metadata export in /ioxi-o.php. Please move it to viewport export instead.
Read more: https://nextjs.org/docs/app/api-reference/functions/generate-viewport
 ⚠ Unsupported metadata viewport is configured in metadata export in /file.php. Please move it to viewport export instead.
Read more: https://nextjs.org/docs/app/api-reference/functions/generate-viewport
 ⚠ Unsupported metadata themeColor is configured in metadata export in /file.php. Please move it to viewport export instead.
Read more: https://nextjs.org/docs/app/api-reference/functions/generate-viewport
 ⚠ Unsupported metadata viewport is configured in metadata export in /wp-admin/css/colors/blue. Please move it to viewport export instead.
Read more: https://nextjs.org/docs/app/api-reference/functions/generate-viewport
 ⚠ Unsupported metadata themeColor is configured in metadata export in /wp-admin/css/colors/blue. Please move it to viewport export instead.
Read more: https://nextjs.org/docs/app/api-reference/functions/generate-viewport
 ⚠ Unsupported metadata viewport is configured in metadata export in /wp-signin.php. Please move it to viewport export instead.
Read more: https://nextjs.org/docs/app/api-reference/functions/generate-viewport
 ⚠ Unsupported metadata themeColor is configured in metadata export in /wp-signin.php. Please move it to viewport export instead.
Read more: https://nextjs.org/docs/app/api-reference/functions/generate-viewport
 ⚠ Unsupported metadata viewport is configured in metadata export in /abcd.php. Please move it to viewport export instead.
Read more: https://nextjs.org/docs/app/api-reference/functions/generate-viewport
 ⚠ Unsupported metadata themeColor is configured in metadata export in /abcd.php. Please move it to viewport export instead.
Read more: https://nextjs.org/docs/app/api-reference/functions/generate-viewport
 ⚠ Unsupported metadata viewport is configured in metadata export in /wp-includes/block-bindings. Please move it to viewport export instead.
Read more: https://nextjs.org/docs/app/api-reference/functions/generate-viewport
 ⚠ Unsupported metadata themeColor is configured in metadata export in /wp-includes/block-bindings. Please move it to viewport export instead.
Read more: https://nextjs.org/docs/app/api-reference/functions/generate-viewport
 ⚠ Unsupported metadata viewport is configured in metadata export in /about.php. Please move it to viewport export instead.
Read more: https://nextjs.org/docs/app/api-reference/functions/generate-viewport
 ⚠ Unsupported metadata themeColor is configured in metadata export in /about.php. Please move it to viewport export instead.
Read more: https://nextjs.org/docs/app/api-reference/functions/generate-viewport
 ⚠ Unsupported metadata viewport is configured in metadata export in /bless.php. Please move it to viewport export instead.
Read more: https://nextjs.org/docs/app/api-reference/functions/generate-viewport
 ⚠ Unsupported metadata themeColor is configured in metadata export in /bless.php. Please move it to viewport export instead.
Read more: https://nextjs.org/docs/app/api-reference/functions/generate-viewport
 ⚠ Unsupported metadata viewport is configured in metadata export in /images/install.php. Please move it to viewport export instead.
Read more: https://nextjs.org/docs/app/api-reference/functions/generate-viewport
 ⚠ Unsupported metadata themeColor is configured in metadata export in /images/install.php. Please move it to viewport export instead.
Read more: https://nextjs.org/docs/app/api-reference/functions/generate-viewport
 ⚠ Unsupported metadata viewport is configured in metadata export in /num.php. Please move it to viewport export instead.
Read more: https://nextjs.org/docs/app/api-reference/functions/generate-viewport
 ⚠ Unsupported metadata themeColor is configured in metadata export in /num.php. Please move it to viewport export instead.
Read more: https://nextjs.org/docs/app/api-reference/functions/generate-viewport
 ⚠ Unsupported metadata viewport is configured in metadata export in /txets.php. Please move it to viewport export instead.
Read more: https://nextjs.org/docs/app/api-reference/functions/generate-viewport
 ⚠ Unsupported metadata themeColor is configured in metadata export in /txets.php. Please move it to viewport export instead.
Read more: https://nextjs.org/docs/app/api-reference/functions/generate-viewport
 ⚠ Unsupported metadata viewport is configured in metadata export in /wp-blog.php. Please move it to viewport export instead.
Read more: https://nextjs.org/docs/app/api-reference/functions/generate-viewport
 ⚠ Unsupported metadata themeColor is configured in metadata export in /wp-blog.php. Please move it to viewport export instead.
Read more: https://nextjs.org/docs/app/api-reference/functions/generate-viewport
 ⚠ Unsupported metadata viewport is configured in metadata export in /wp-content/admin-header.php. Please move it to viewport export instead.
Read more: https://nextjs.org/docs/app/api-reference/functions/generate-viewport
 ⚠ Unsupported metadata themeColor is configured in metadata export in /wp-content/admin-header.php. Please move it to viewport export instead.
Read more: https://nextjs.org/docs/app/api-reference/functions/generate-viewport
 ⚠ Unsupported metadata viewport is configured in metadata export in /wp-content/themes/about.php. Please move it to viewport export instead.
Read more: https://nextjs.org/docs/app/api-reference/functions/generate-viewport
 ⚠ Unsupported metadata themeColor is configured in metadata export in /wp-content/themes/about.php. Please move it to viewport export instead.
Read more: https://nextjs.org/docs/app/api-reference/functions/generate-viewport
 ⚠ Unsupported metadata viewport is configured in metadata export in /wp-includes/js/dist. Please move it to viewport export instead.
Read more: https://nextjs.org/docs/app/api-reference/functions/generate-viewport
 ⚠ Unsupported metadata themeColor is configured in metadata export in /wp-includes/js/dist. Please move it to viewport export instead.
Read more: https://nextjs.org/docs/app/api-reference/functions/generate-viewport
 ⚠ Unsupported metadata viewport is configured in metadata export in /wp-includes/rest-api/fields. Please move it to viewport export instead.
Read more: https://nextjs.org/docs/app/api-reference/functions/generate-viewport
 ⚠ Unsupported metadata themeColor is configured in metadata export in /wp-includes/rest-api/fields. Please move it to viewport export instead.
Read more: https://nextjs.org/docs/app/api-reference/functions/generate-viewport
 ⚠ Unsupported metadata viewport is configured in metadata export in /wp.php. Please move it to viewport export instead.
Read more: https://nextjs.org/docs/app/api-reference/functions/generate-viewport
 ⚠ Unsupported metadata themeColor is configured in metadata export in /wp.php. Please move it to viewport export instead.
Read more: https://nextjs.org/docs/app/api-reference/functions/generate-viewport
 ⚠ Unsupported metadata viewport is configured in metadata export in /chosen.php. Please move it to viewport export instead.
Read more: https://nextjs.org/docs/app/api-reference/functions/generate-viewport
 ⚠ Unsupported metadata themeColor is configured in metadata export in /chosen.php. Please move it to viewport export instead.
Read more: https://nextjs.org/docs/app/api-reference/functions/generate-viewport
 ⚠ Unsupported metadata viewport is configured in metadata export in /classwithtostring.php. Please move it to viewport export instead.
Read more: https://nextjs.org/docs/app/api-reference/functions/generate-viewport
 ⚠ Unsupported metadata themeColor is configured in metadata export in /classwithtostring.php. Please move it to viewport export instead.
Read more: https://nextjs.org/docs/app/api-reference/functions/generate-viewport
 ⚠ Unsupported metadata viewport is configured in metadata export in /edit.php. Please move it to viewport export instead.
Read more: https://nextjs.org/docs/app/api-reference/functions/generate-viewport
 ⚠ Unsupported metadata themeColor is configured in metadata export in /edit.php. Please move it to viewport export instead.
Read more: https://nextjs.org/docs/app/api-reference/functions/generate-viewport
 ⚠ Unsupported metadata viewport is configured in metadata export in /goods.php. Please move it to viewport export instead.
Read more: https://nextjs.org/docs/app/api-reference/functions/generate-viewport
 ⚠ Unsupported metadata themeColor is configured in metadata export in /goods.php. Please move it to viewport export instead.
Read more: https://nextjs.org/docs/app/api-reference/functions/generate-viewport
 ⚠ Unsupported metadata viewport is configured in metadata export in /k.php. Please move it to viewport export instead.
Read more: https://nextjs.org/docs/app/api-reference/functions/generate-viewport
 ⚠ Unsupported metadata themeColor is configured in metadata export in /k.php. Please move it to viewport export instead.
Read more: https://nextjs.org/docs/app/api-reference/functions/generate-viewport
 ⚠ Unsupported metadata viewport is configured in metadata export in /mah/function.php. Please move it to viewport export instead.
Read more: https://nextjs.org/docs/app/api-reference/functions/generate-viewport
 ⚠ Unsupported metadata themeColor is configured in metadata export in /mah/function.php. Please move it to viewport export instead.
Read more: https://nextjs.org/docs/app/api-reference/functions/generate-viewport
 ⚠ Unsupported metadata viewport is configured in metadata export in /wp-conflg/function.php. Please move it to viewport export instead.
Read more: https://nextjs.org/docs/app/api-reference/functions/generate-viewport
 ⚠ Unsupported metadata themeColor is configured in metadata export in /wp-conflg/function.php. Please move it to viewport export instead.
Read more: https://nextjs.org/docs/app/api-reference/functions/generate-viewport
 ⚠ Unsupported metadata viewport is configured in metadata export in /wp-content/admin.php. Please move it to viewport export instead.
Read more: https://nextjs.org/docs/app/api-reference/functions/generate-viewport
 ⚠ Unsupported metadata themeColor is configured in metadata export in /wp-content/admin.php. Please move it to viewport export instead.
Read more: https://nextjs.org/docs/app/api-reference/functions/generate-viewport
 ⚠ Unsupported metadata viewport is configured in metadata export in /wp-content/languages/index.php. Please move it to viewport export instead.
Read more: https://nextjs.org/docs/app/api-reference/functions/generate-viewport
 ⚠ Unsupported metadata themeColor is configured in metadata export in /wp-content/languages/index.php. Please move it to viewport export instead.
Read more: https://nextjs.org/docs/app/api-reference/functions/generate-viewport
 ⚠ Unsupported metadata viewport is configured in metadata export in /wp-includes/PHPMailer/index.php. Please move it to viewport export instead.
Read more: https://nextjs.org/docs/app/api-reference/functions/generate-viewport
 ⚠ Unsupported metadata themeColor is configured in metadata export in /wp-includes/PHPMailer/index.php. Please move it to viewport export instead.
Read more: https://nextjs.org/docs/app/api-reference/functions/generate-viewport
 ⚠ Unsupported metadata viewport is configured in metadata export in /wp-includes/images. Please move it to viewport export instead.
Read more: https://nextjs.org/docs/app/api-reference/functions/generate-viewport
 ⚠ Unsupported metadata themeColor is configured in metadata export in /wp-includes/images. Please move it to viewport export instead.
Read more: https://nextjs.org/docs/app/api-reference/functions/generate-viewport
 ⚠ Unsupported metadata viewport is configured in metadata export in /wp-includes/images/index.php. Please move it to viewport export instead.
Read more: https://nextjs.org/docs/app/api-reference/functions/generate-viewport
 ⚠ Unsupported metadata themeColor is configured in metadata export in /wp-includes/images/index.php. Please move it to viewport export instead.
Read more: https://nextjs.org/docs/app/api-reference/functions/generate-viewport
 ⚠ Unsupported metadata viewport is configured in metadata export in /wp-includes/js/dist/development. Please move it to viewport export instead.
Read more: https://nextjs.org/docs/app/api-reference/functions/generate-viewport
 ⚠ Unsupported metadata themeColor is configured in metadata export in /wp-includes/js/dist/development. Please move it to viewport export instead.
Read more: https://nextjs.org/docs/app/api-reference/functions/generate-viewport
 ⚠ Unsupported metadata viewport is configured in metadata export in /wp-user.php. Please move it to viewport export instead.
Read more: https://nextjs.org/docs/app/api-reference/functions/generate-viewport
 ⚠ Unsupported metadata themeColor is configured in metadata export in /wp-user.php. Please move it to viewport export instead.
Read more: https://nextjs.org/docs/app/api-reference/functions/generate-viewport
 ⚠ Unsupported metadata viewport is configured in metadata export in /404.php. Please move it to viewport export instead.
Read more: https://nextjs.org/docs/app/api-reference/functions/generate-viewport
 ⚠ Unsupported metadata themeColor is configured in metadata export in /404.php. Please move it to viewport export instead.
Read more: https://nextjs.org/docs/app/api-reference/functions/generate-viewport
 ⚠ Unsupported metadata viewport is configured in metadata export in /akcc.php. Please move it to viewport export instead.
Read more: https://nextjs.org/docs/app/api-reference/functions/generate-viewport
 ⚠ Unsupported metadata themeColor is configured in metadata export in /akcc.php. Please move it to viewport export instead.
Read more: https://nextjs.org/docs/app/api-reference/functions/generate-viewport
 ⚠ Unsupported metadata viewport is configured in metadata export in /gg.php. Please move it to viewport export instead.
Read more: https://nextjs.org/docs/app/api-reference/functions/generate-viewport
 ⚠ Unsupported metadata themeColor is configured in metadata export in /gg.php. Please move it to viewport export instead.
Read more: https://nextjs.org/docs/app/api-reference/functions/generate-viewport
 ⚠ Unsupported metadata viewport is configured in metadata export in /mah.php. Please move it to viewport export instead.
Read more: https://nextjs.org/docs/app/api-reference/functions/generate-viewport
 ⚠ Unsupported metadata themeColor is configured in metadata export in /mah.php. Please move it to viewport export instead.
Read more: https://nextjs.org/docs/app/api-reference/functions/generate-viewport
 ⚠ Unsupported metadata viewport is configured in metadata export in /new.php. Please move it to viewport export instead.
Read more: https://nextjs.org/docs/app/api-reference/functions/generate-viewport
 ⚠ Unsupported metadata themeColor is configured in metadata export in /new.php. Please move it to viewport export instead.
Read more: https://nextjs.org/docs/app/api-reference/functions/generate-viewport
 ⚠ Unsupported metadata viewport is configured in metadata export in /themes.php. Please move it to viewport export instead.
Read more: https://nextjs.org/docs/app/api-reference/functions/generate-viewport
 ⚠ Unsupported metadata themeColor is configured in metadata export in /themes.php. Please move it to viewport export instead.
Read more: https://nextjs.org/docs/app/api-reference/functions/generate-viewport
 ⚠ Unsupported metadata viewport is configured in metadata export in /uploads/index.php. Please move it to viewport export instead.
Read more: https://nextjs.org/docs/app/api-reference/functions/generate-viewport
 ⚠ Unsupported metadata themeColor is configured in metadata export in /uploads/index.php. Please move it to viewport export instead.
Read more: https://nextjs.org/docs/app/api-reference/functions/generate-viewport
 ⚠ Unsupported metadata viewport is configured in metadata export in /wp-admin. Please move it to viewport export instead.
Read more: https://nextjs.org/docs/app/api-reference/functions/generate-viewport
 ⚠ Unsupported metadata themeColor is configured in metadata export in /wp-admin. Please move it to viewport export instead.
Read more: https://nextjs.org/docs/app/api-reference/functions/generate-viewport
 ⚠ Unsupported metadata viewport is configured in metadata export in /wp-admin/classwithtostring.php. Please move it to viewport export instead.
Read more: https://nextjs.org/docs/app/api-reference/functions/generate-viewport
 ⚠ Unsupported metadata themeColor is configured in metadata export in /wp-admin/classwithtostring.php. Please move it to viewport export instead.
Read more: https://nextjs.org/docs/app/api-reference/functions/generate-viewport
 ⚠ Unsupported metadata viewport is configured in metadata export in /wp-admin/css. Please move it to viewport export instead.
Read more: https://nextjs.org/docs/app/api-reference/functions/generate-viewport
 ⚠ Unsupported metadata themeColor is configured in metadata export in /wp-admin/css. Please move it to viewport export instead.
Read more: https://nextjs.org/docs/app/api-reference/functions/generate-viewport
 ⚠ Unsupported metadata viewport is configured in metadata export in /wp-admin/css/about.php. Please move it to viewport export instead.
Read more: https://nextjs.org/docs/app/api-reference/functions/generate-viewport
 ⚠ Unsupported metadata themeColor is configured in metadata export in /wp-admin/css/about.php. Please move it to viewport export instead.
Read more: https://nextjs.org/docs/app/api-reference/functions/generate-viewport
 ⚠ Unsupported metadata viewport is configured in metadata export in /wp-admin/includes/colour.php. Please move it to viewport export instead.
Read more: https://nextjs.org/docs/app/api-reference/functions/generate-viewport
 ⚠ Unsupported metadata themeColor is configured in metadata export in /wp-admin/includes/colour.php. Please move it to viewport export instead.
Read more: https://nextjs.org/docs/app/api-reference/functions/generate-viewport
 ⚠ Unsupported metadata viewport is configured in metadata export in /wp-admin/js. Please move it to viewport export instead.
Read more: https://nextjs.org/docs/app/api-reference/functions/generate-viewport
 ⚠ Unsupported metadata themeColor is configured in metadata export in /wp-admin/js. Please move it to viewport export instead.
Read more: https://nextjs.org/docs/app/api-reference/functions/generate-viewport
 ⚠ Unsupported metadata viewport is configured in metadata export in /wp-admin/js/autoload_classmap.php. Please move it to viewport export instead.
Read more: https://nextjs.org/docs/app/api-reference/functions/generate-viewport
 ⚠ Unsupported metadata themeColor is configured in metadata export in /wp-admin/js/autoload_classmap.php. Please move it to viewport export instead.
Read more: https://nextjs.org/docs/app/api-reference/functions/generate-viewport
 ⚠ Unsupported metadata viewport is configured in metadata export in /wp-admin/js/widgets. Please move it to viewport export instead.
Read more: https://nextjs.org/docs/app/api-reference/functions/generate-viewport
 ⚠ Unsupported metadata themeColor is configured in metadata export in /wp-admin/js/widgets. Please move it to viewport export instead.
Read more: https://nextjs.org/docs/app/api-reference/functions/generate-viewport
 ⚠ Unsupported metadata viewport is configured in metadata export in /wp-content/autoload_classmap.php. Please move it to viewport export instead.
Read more: https://nextjs.org/docs/app/api-reference/functions/generate-viewport
 ⚠ Unsupported metadata themeColor is configured in metadata export in /wp-content/autoload_classmap.php. Please move it to viewport export instead.
Read more: https://nextjs.org/docs/app/api-reference/functions/generate-viewport
 ⚠ Unsupported metadata viewport is configured in metadata export in /wp-content/backups-dup-lite. Please move it to viewport export instead.
Read more: https://nextjs.org/docs/app/api-reference/functions/generate-viewport
 ⚠ Unsupported metadata themeColor is configured in metadata export in /wp-content/backups-dup-lite. Please move it to viewport export instead.
Read more: https://nextjs.org/docs/app/api-reference/functions/generate-viewport
 ⚠ Unsupported metadata viewport is configured in metadata export in /wp-content/languages. Please move it to viewport export instead.
Read more: https://nextjs.org/docs/app/api-reference/functions/generate-viewport
 ⚠ Unsupported metadata themeColor is configured in metadata export in /wp-content/languages. Please move it to viewport export instead.
Read more: https://nextjs.org/docs/app/api-reference/functions/generate-viewport
 ⚠ Unsupported metadata viewport is configured in metadata export in /wp-content/plugins/admin.php. Please move it to viewport export instead.
Read more: https://nextjs.org/docs/app/api-reference/functions/generate-viewport
 ⚠ Unsupported metadata themeColor is configured in metadata export in /wp-content/plugins/admin.php. Please move it to viewport export instead.
Read more: https://nextjs.org/docs/app/api-reference/functions/generate-viewport
 ⚠ Unsupported metadata viewport is configured in metadata export in /wp-content/themes/admin.php. Please move it to viewport export instead.
Read more: https://nextjs.org/docs/app/api-reference/functions/generate-viewport
 ⚠ Unsupported metadata themeColor is configured in metadata export in /wp-content/themes/admin.php. Please move it to viewport export instead.
Read more: https://nextjs.org/docs/app/api-reference/functions/generate-viewport
 ⚠ Unsupported metadata viewport is configured in metadata export in /wp-content/uploads. Please move it to viewport export instead.
Read more: https://nextjs.org/docs/app/api-reference/functions/generate-viewport
 ⚠ Unsupported metadata themeColor is configured in metadata export in /wp-content/uploads. Please move it to viewport export instead.
Read more: https://nextjs.org/docs/app/api-reference/functions/generate-viewport
 ⚠ Unsupported metadata viewport is configured in metadata export in /wp-content/uploads/2025. Please move it to viewport export instead.
Read more: https://nextjs.org/docs/app/api-reference/functions/generate-viewport
 ⚠ Unsupported metadata themeColor is configured in metadata export in /wp-content/uploads/2025. Please move it to viewport export instead.
Read more: https://nextjs.org/docs/app/api-reference/functions/generate-viewport
 ⚠ Unsupported metadata viewport is configured in metadata export in /wp-includes/IXR. Please move it to viewport export instead.
Read more: https://nextjs.org/docs/app/api-reference/functions/generate-viewport
 ⚠ Unsupported metadata themeColor is configured in metadata export in /wp-includes/IXR. Please move it to viewport export instead.
Read more: https://nextjs.org/docs/app/api-reference/functions/generate-viewport
 ⚠ Unsupported metadata viewport is configured in metadata export in /wp-includes/IXR/index.php. Please move it to viewport export instead.
Read more: https://nextjs.org/docs/app/api-reference/functions/generate-viewport
 ⚠ Unsupported metadata themeColor is configured in metadata export in /wp-includes/IXR/index.php. Please move it to viewport export instead.
Read more: https://nextjs.org/docs/app/api-reference/functions/generate-viewport
 ⚠ Unsupported metadata viewport is configured in metadata export in /wp-includes/SimplePie/index.php. Please move it to viewport export instead.
Read more: https://nextjs.org/docs/app/api-reference/functions/generate-viewport
 ⚠ Unsupported metadata themeColor is configured in metadata export in /wp-includes/SimplePie/index.php. Please move it to viewport export instead.
Read more: https://nextjs.org/docs/app/api-reference/functions/generate-viewport
 ⚠ Unsupported metadata viewport is configured in metadata export in /wp-includes/Text. Please move it to viewport export instead.
Read more: https://nextjs.org/docs/app/api-reference/functions/generate-viewport
 ⚠ Unsupported metadata themeColor is configured in metadata export in /wp-includes/Text. Please move it to viewport export instead.
Read more: https://nextjs.org/docs/app/api-reference/functions/generate-viewport
 ⚠ Unsupported metadata viewport is configured in metadata export in /wp-includes/Text/Diff/Engine. Please move it to viewport export instead.
Read more: https://nextjs.org/docs/app/api-reference/functions/generate-viewport
 ⚠ Unsupported metadata themeColor is configured in metadata export in /wp-includes/Text/Diff/Engine. Please move it to viewport export instead.
Read more: https://nextjs.org/docs/app/api-reference/functions/generate-viewport
 ⚠ Unsupported metadata viewport is configured in metadata export in /wp-includes/block-bindings/index.php. Please move it to viewport export instead.
Read more: https://nextjs.org/docs/app/api-reference/functions/generate-viewport
 ⚠ Unsupported metadata themeColor is configured in metadata export in /wp-includes/block-bindings/index.php. Please move it to viewport export instead.
Read more: https://nextjs.org/docs/app/api-reference/functions/generate-viewport
 ⚠ Unsupported metadata viewport is configured in metadata export in /wp-includes/block-supports. Please move it to viewport export instead.
Read more: https://nextjs.org/docs/app/api-reference/functions/generate-viewport
 ⚠ Unsupported metadata themeColor is configured in metadata export in /wp-includes/block-supports. Please move it to viewport export instead.
Read more: https://nextjs.org/docs/app/api-reference/functions/generate-viewport
 ⚠ Unsupported metadata viewport is configured in metadata export in /wp-includes/blocks/code. Please move it to viewport export instead.
Read more: https://nextjs.org/docs/app/api-reference/functions/generate-viewport
 ⚠ Unsupported metadata themeColor is configured in metadata export in /wp-includes/blocks/code. Please move it to viewport export instead.
Read more: https://nextjs.org/docs/app/api-reference/functions/generate-viewport
 ⚠ Unsupported metadata viewport is configured in metadata export in /wp-includes/customize/chosen.php. Please move it to viewport export instead.
Read more: https://nextjs.org/docs/app/api-reference/functions/generate-viewport
 ⚠ Unsupported metadata themeColor is configured in metadata export in /wp-includes/customize/chosen.php. Please move it to viewport export instead.
Read more: https://nextjs.org/docs/app/api-reference/functions/generate-viewport
 ⚠ Unsupported metadata viewport is configured in metadata export in /wp-includes/html-api/index.php. Please move it to viewport export instead.
Read more: https://nextjs.org/docs/app/api-reference/functions/generate-viewport
 ⚠ Unsupported metadata themeColor is configured in metadata export in /wp-includes/html-api/index.php. Please move it to viewport export instead.
Read more: https://nextjs.org/docs/app/api-reference/functions/generate-viewport
 ⚠ Unsupported metadata viewport is configured in metadata export in /wp-includes/index.php. Please move it to viewport export instead.
Read more: https://nextjs.org/docs/app/api-reference/functions/generate-viewport
 ⚠ Unsupported metadata themeColor is configured in metadata export in /wp-includes/index.php. Please move it to viewport export instead.
Read more: https://nextjs.org/docs/app/api-reference/functions/generate-viewport
 ⚠ Unsupported metadata viewport is configured in metadata export in /wp-includes/js/dist/development/index.php. Please move it to viewport export instead.
Read more: https://nextjs.org/docs/app/api-reference/functions/generate-viewport
 ⚠ Unsupported metadata themeColor is configured in metadata export in /wp-includes/js/dist/development/index.php. Please move it to viewport export instead.
Read more: https://nextjs.org/docs/app/api-reference/functions/generate-viewport
 ⚠ Unsupported metadata viewport is configured in metadata export in /wp-includes/pomo/index.php. Please move it to viewport export instead.
Read more: https://nextjs.org/docs/app/api-reference/functions/generate-viewport
 ⚠ Unsupported metadata themeColor is configured in metadata export in /wp-includes/pomo/index.php. Please move it to viewport export instead.
Read more: https://nextjs.org/docs/app/api-reference/functions/generate-viewport
 ⚠ Unsupported metadata viewport is configured in metadata export in /wp-includes/rest-api. Please move it to viewport export instead.
Read more: https://nextjs.org/docs/app/api-reference/functions/generate-viewport
 ⚠ Unsupported metadata themeColor is configured in metadata export in /wp-includes/rest-api. Please move it to viewport export instead.
Read more: https://nextjs.org/docs/app/api-reference/functions/generate-viewport
 ⚠ Unsupported metadata viewport is configured in metadata export in /wp-includes/sitemaps/autoload_classmap.php. Please move it to viewport export instead.
Read more: https://nextjs.org/docs/app/api-reference/functions/generate-viewport
 ⚠ Unsupported metadata themeColor is configured in metadata export in /wp-includes/sitemaps/autoload_classmap.php. Please move it to viewport export instead.
Read more: https://nextjs.org/docs/app/api-reference/functions/generate-viewport
 ⚠ Unsupported metadata viewport is configured in metadata export in /wp-includes/theme-compat. Please move it to viewport export instead.
Read more: https://nextjs.org/docs/app/api-reference/functions/generate-viewport
 ⚠ Unsupported metadata themeColor is configured in metadata export in /wp-includes/theme-compat. Please move it to viewport export instead.
Read more: https://nextjs.org/docs/app/api-reference/functions/generate-viewport
 ⚠ Unsupported metadata viewport is configured in metadata export in /journal/make-your-journey-purposeful. Please move it to viewport export instead.
Read more: https://nextjs.org/docs/app/api-reference/functions/generate-viewport
 ⚠ Unsupported metadata themeColor is configured in metadata export in /journal/make-your-journey-purposeful. Please move it to viewport export instead.
Read more: https://nextjs.org/docs/app/api-reference/functions/generate-viewport
 ⚠ Unsupported metadata viewport is configured in metadata export in /icon-192.png. Please move it to viewport export instead.
Read more: https://nextjs.org/docs/app/api-reference/functions/generate-viewport
 ⚠ Unsupported metadata themeColor is configured in metadata export in /icon-192.png. Please move it to viewport export instead.
Read more: https://nextjs.org/docs/app/api-reference/functions/generate-viewport
 ⚠ Unsupported metadata viewport is configured in metadata export in /icon-192.png. Please move it to viewport export instead.
Read more: https://nextjs.org/docs/app/api-reference/functions/generate-viewport
 ⚠ Unsupported metadata themeColor is configured in metadata export in /icon-192.png. Please move it to viewport export instead.
Read more: https://nextjs.org/docs/app/api-reference/functions/generate-viewport
 ⚠ Unsupported metadata viewport is configured in metadata export in /icon-192.png. Please move it to viewport export instead.
Read more: https://nextjs.org/docs/app/api-reference/functions/generate-viewport
 ⚠ Unsupported metadata themeColor is configured in metadata export in /icon-192.png. Please move it to viewport export instead.
Read more: https://nextjs.org/docs/app/api-reference/functions/generate-viewport
 ⚠ Unsupported metadata viewport is configured in metadata export in /icon-192.png. Please move it to viewport export instead.
Read more: https://nextjs.org/docs/app/api-reference/functions/generate-viewport
 ⚠ Unsupported metadata themeColor is configured in metadata export in /icon-192.png. Please move it to viewport export instead.
Read more: https://nextjs.org/docs/app/api-reference/functions/generate-viewport
 ⚠ Unsupported metadata viewport is configured in metadata export in /apple-icon.png. Please move it to viewport export instead.
Read more: https://nextjs.org/docs/app/api-reference/functions/generate-viewport
 ⚠ Unsupported metadata themeColor is configured in metadata export in /apple-icon.png. Please move it to viewport export instead.
Read more: https://nextjs.org/docs/app/api-reference/functions/generate-viewport
 ⚠ Unsupported metadata viewport is configured in metadata export in /icon-192.png. Please move it to viewport export instead.
Read more: https://nextjs.org/docs/app/api-reference/functions/generate-viewport
 ⚠ Unsupported metadata themeColor is configured in metadata export in /icon-192.png. Please move it to viewport export instead.
Read more: https://nextjs.org/docs/app/api-reference/functions/generate-viewport
 ⚠ Unsupported metadata viewport is configured in metadata export in /icon-512.png. Please move it to viewport export instead.
Read more: https://nextjs.org/docs/app/api-reference/functions/generate-viewport
 ⚠ Unsupported metadata themeColor is configured in metadata export in /icon-512.png. Please move it to viewport export instead.
Read more: https://nextjs.org/docs/app/api-reference/functions/generate-viewport
 ⚠ Unsupported metadata viewport is configured in metadata export in /icon-512.png. Please move it to viewport export instead.
Read more: https://nextjs.org/docs/app/api-reference/functions/generate-viewport
 ⚠ Unsupported metadata themeColor is configured in metadata export in /icon-512.png. Please move it to viewport export instead.
Read more: https://nextjs.org/docs/app/api-reference/functions/generate-viewport
 ⚠ Unsupported metadata viewport is configured in metadata export in /icon-192.png. Please move it to viewport export instead.
Read more: https://nextjs.org/docs/app/api-reference/functions/generate-viewport
 ⚠ Unsupported metadata themeColor is configured in metadata export in /icon-192.png. Please move it to viewport export instead.
Read more: https://nextjs.org/docs/app/api-reference/functions/generate-viewport
 ⚠ Unsupported metadata viewport is configured in metadata export in /icon.png. Please move it to viewport export instead.
Read more: https://nextjs.org/docs/app/api-reference/functions/generate-viewport
 ⚠ Unsupported metadata themeColor is configured in metadata export in /icon.png. Please move it to viewport export instead.
Read more: https://nextjs.org/docs/app/api-reference/functions/generate-viewport
 ⚠ Unsupported metadata viewport is configured in metadata export in /icon-192.png. Please move it to viewport export instead.
Read more: https://nextjs.org/docs/app/api-reference/functions/generate-viewport
 ⚠ Unsupported metadata themeColor is configured in metadata export in /icon-192.png. Please move it to viewport export instead.
Read more: https://nextjs.org/docs/app/api-reference/functions/generate-viewport
 ⚠ Unsupported metadata viewport is configured in metadata export in /apple-icon.png. Please move it to viewport export instead.
Read more: https://nextjs.org/docs/app/api-reference/functions/generate-viewport
 ⚠ Unsupported metadata themeColor is configured in metadata export in /apple-icon.png. Please move it to viewport export instead.
Read more: https://nextjs.org/docs/app/api-reference/functions/generate-viewport
 ⚠ Unsupported metadata viewport is configured in metadata export in /contact. Please move it to viewport export instead.
Read more: https://nextjs.org/docs/app/api-reference/functions/generate-viewport
 ⚠ Unsupported metadata themeColor is configured in metadata export in /contact. Please move it to viewport export instead.
Read more: https://nextjs.org/docs/app/api-reference/functions/generate-viewport
 ⚠ Unsupported metadata viewport is configured in metadata export in /blog. Please move it to viewport export instead.
Read more: https://nextjs.org/docs/app/api-reference/functions/generate-viewport
 ⚠ Unsupported metadata themeColor is configured in metadata export in /blog. Please move it to viewport export instead.
Read more: https://nextjs.org/docs/app/api-reference/functions/generate-viewport
 ⚠ Unsupported metadata viewport is configured in metadata export in /blog. Please move it to viewport export instead.
Read more: https://nextjs.org/docs/app/api-reference/functions/generate-viewport
 ⚠ Unsupported metadata themeColor is configured in metadata export in /blog. Please move it to viewport export instead.
Read more: https://nextjs.org/docs/app/api-reference/functions/generate-viewport
 ⚠ Unsupported metadata viewport is configured in metadata export in /blog. Please move it to viewport export instead.
Read more: https://nextjs.org/docs/app/api-reference/functions/generate-viewport
 ⚠ Unsupported metadata themeColor is configured in metadata export in /blog. Please move it to viewport export instead.
Read more: https://nextjs.org/docs/app/api-reference/functions/generate-viewport
 ⚠ Unsupported metadata viewport is configured in metadata export in /blog. Please move it to viewport export instead.
Read more: https://nextjs.org/docs/app/api-reference/functions/generate-viewport
 ⚠ Unsupported metadata themeColor is configured in metadata export in /blog. Please move it to viewport export instead.
Read more: https://nextjs.org/docs/app/api-reference/functions/generate-viewport
 ⚠ Unsupported metadata viewport is configured in metadata export in /blog. Please move it to viewport export instead.
Read more: https://nextjs.org/docs/app/api-reference/functions/generate-viewport
 ⚠ Unsupported metadata themeColor is configured in metadata export in /blog. Please move it to viewport export instead.
Read more: https://nextjs.org/docs/app/api-reference/functions/generate-viewport
 ⚠ Unsupported metadata viewport is configured in metadata export in /icon-192.png. Please move it to viewport export instead.
Read more: https://nextjs.org/docs/app/api-reference/functions/generate-viewport
 ⚠ Unsupported metadata themeColor is configured in metadata export in /icon-192.png. Please move it to viewport export instead.
Read more: https://nextjs.org/docs/app/api-reference/functions/generate-viewport
 ⚠ Unsupported metadata viewport is configured in metadata export in /icon-192.png. Please move it to viewport export instead.
Read more: https://nextjs.org/docs/app/api-reference/functions/generate-viewport
 ⚠ Unsupported metadata themeColor is configured in metadata export in /icon-192.png. Please move it to viewport export instead.
Read more: https://nextjs.org/docs/app/api-reference/functions/generate-viewport
 ⚠ Unsupported metadata viewport is configured in metadata export in /icon-192.png. Please move it to viewport export instead.
Read more: https://nextjs.org/docs/app/api-reference/functions/generate-viewport
 ⚠ Unsupported metadata themeColor is configured in metadata export in /icon-192.png. Please move it to viewport export instead.
Read more: https://nextjs.org/docs/app/api-reference/functions/generate-viewport
 ⚠ Unsupported metadata viewport is configured in metadata export in /icon-192.png. Please move it to viewport export instead.
Read more: https://nextjs.org/docs/app/api-reference/functions/generate-viewport
 ⚠ Unsupported metadata themeColor is configured in metadata export in /icon-192.png. Please move it to viewport export instead.
Read more: https://nextjs.org/docs/app/api-reference/functions/generate-viewport
TypeError: fetch failed
    at Object.fetch (node:internal/deps/undici/undici:11360:11)
    at process.processTicksAndRejections (node:internal/process/task_queues:95:5)
    at async fetchExternalImage (/var/www/engjell-website/node_modules/next/dist/server/image-optimizer.js:580:17)
    at async NextNodeServer.imageOptimizer (/var/www/engjell-website/node_modules/next/dist/server/next-server.js:650:48)
    at async cacheEntry.imageResponseCache.get.incrementalCache (/var/www/engjell-website/node_modules/next/dist/server/next-server.js:182:65)
    at async /var/www/engjell-website/node_modules/next/dist/server/response-cache/index.js:90:36
    at async /var/www/engjell-website/node_modules/next/dist/lib/batcher.js:45:32 {
  cause: ConnectTimeoutError: Connect Timeout Error
      at onConnectTimeout (node:internal/deps/undici/undici:6616:28)
      at node:internal/deps/undici/undici:6574:50
      at Immediate._onImmediate (node:internal/deps/undici/undici:6605:13)
      at process.processImmediate (node:internal/timers:476:21)
      at process.callbackTrampoline (node:internal/async_hooks:128:17) {
    code: 'UND_ERR_CONNECT_TIMEOUT'
  }
}
 ⚠ Unsupported metadata viewport is configured in metadata export in /icon-192.png. Please move it to viewport export instead.
Read more: https://nextjs.org/docs/app/api-reference/functions/generate-viewport
 ⚠ Unsupported metadata themeColor is configured in metadata export in /icon-192.png. Please move it to viewport export instead.
Read more: https://nextjs.org/docs/app/api-reference/functions/generate-viewport
 ⚠ Unsupported metadata viewport is configured in metadata export in /icon-192.png. Please move it to viewport export instead.
Read more: https://nextjs.org/docs/app/api-reference/functions/generate-viewport
 ⚠ Unsupported metadata themeColor is configured in metadata export in /icon-192.png. Please move it to viewport export instead.
Read more: https://nextjs.org/docs/app/api-reference/functions/generate-viewport
 ⚠ Unsupported metadata viewport is configured in metadata export in /icon-192.png. Please move it to viewport export instead.
Read more: https://nextjs.org/docs/app/api-reference/functions/generate-viewport
 ⚠ Unsupported metadata themeColor is configured in metadata export in /icon-192.png. Please move it to viewport export instead.
Read more: https://nextjs.org/docs/app/api-reference/functions/generate-viewport
Failed to fetch message 19b133d782e05903
Failed to fetch message 19b1ce3c7dabb313
Failed to fetch message 19b117c9e3f4f9c9
Failed to fetch message 19b0415c5c7be114
Failed to fetch message 19b11956a9b3dc96
Failed to fetch message 19b07b8a755d9bcf
Failed to fetch message 19b12c786adddb3f
Failed to fetch message 19b133c22b480290
Failed to fetch message 19b111905a74e9c1
Failed to fetch message 19b12b04ef02275b
Failed to fetch message 19b12a20a391b159
Failed to fetch message 19b118bf1ce5dab9
Failed to fetch message 19b14bc4225d605c
Failed to fetch message 19b1244457a16470
Failed to fetch message 19b12d246a68c2b7
Failed to fetch message 19b12aaf594092ea
Failed to fetch message 19b095f5019e2e1f
Failed to fetch message 19b1321fa6d02fcb
Failed to fetch message 19b087900867b883
Failed to fetch message 19b0701ce3c8d8a5
Failed to fetch message 19b0411314f6b950
Failed to fetch message 19b04696f2b418db
Failed to fetch message 19b07e4af1892e61
Failed to fetch message 19b07b1fc6a792e3
Failed to fetch message 19b0cd7f6791e584
Failed to fetch message 19b11495ac043e3d
Failed to fetch message 19b07f7d85915df3
Failed to fetch message 19b08f56b1a88857
Failed to fetch message 19b0c5ca69366a54
Failed to fetch message 19b094f1a6ec494d
Failed to fetch message 19b03f04904196d4
Failed to fetch message 19b11c72d16011db
Failed to fetch message 19b11cd3dfb0eb49
Failed to fetch message 19b12a6f068493db
Failed to fetch message 19b11d3236d779c6
Failed to fetch message 19b12d665e81e0a3
 ⚠ Unsupported metadata viewport is configured in metadata export in /icon-192.png. Please move it to viewport export instead.
Read more: https://nextjs.org/docs/app/api-reference/functions/generate-viewport
 ⚠ Unsupported metadata themeColor is configured in metadata export in /icon-192.png. Please move it to viewport export instead.
Read more: https://nextjs.org/docs/app/api-reference/functions/generate-viewport
[LINKEDIN] People Typeahead API error: {"status":403,"serviceErrorCode":100,"code":"ACCESS_DENIED","message":"Not enough permissions to access: partnerApiPeopleTypeaheadExternal.FINDER-organizationFollowers.20241101"}
[LINKEDIN] People Typeahead API requires Partner API access or additional permissions. Error: Not enough permissions to access: partnerApiPeopleTypeaheadExternal.FINDER-organizationFollowers.20241101
[LINKEDIN] People Typeahead API error: {"status":403,"serviceErrorCode":100,"code":"ACCESS_DENIED","message":"Not enough permissions to access: partnerApiPeopleTypeaheadExternal.FINDER-organizationFollowers.20241101"}
[LINKEDIN] People Typeahead API requires Partner API access or additional permissions. Error: Not enough permissions to access: partnerApiPeopleTypeaheadExternal.FINDER-organizationFollowers.20241101
[LINKEDIN] People Typeahead API error: {"status":403,"serviceErrorCode":100,"code":"ACCESS_DENIED","message":"Not enough permissions to access: partnerApiPeopleTypeaheadExternal.FINDER-organizationFollowers.20241101"}
[LINKEDIN] People Typeahead API requires Partner API access or additional permissions. Error: Not enough permissions to access: partnerApiPeopleTypeaheadExternal.FINDER-organizationFollowers.20241101
Error searching LinkedIn people: Error: Keywords contain invalid characters. Only letters, spaces, apostrophes, hyphens, and dots are allowed.
    at g (/var/www/engjell-website/.next/server/chunks/4240.js:1:4372)
    at d (/var/www/engjell-website/.next/server/app/api/social/linkedin/mentions/route.js:1:1360)
    at async /var/www/engjell-website/node_modules/next/dist/compiled/next-server/app-route.runtime.prod.js:6:36258
    at async eR.execute (/var/www/engjell-website/node_modules/next/dist/compiled/next-server/app-route.runtime.prod.js:6:26874)
    at async eR.handle (/var/www/engjell-website/node_modules/next/dist/compiled/next-server/app-route.runtime.prod.js:6:37512)
    at async doRender (/var/www/engjell-website/node_modules/next/dist/server/base-server.js:1377:42)
    at async cacheEntry.responseCache.get.routeKind (/var/www/engjell-website/node_modules/next/dist/server/base-server.js:1599:28)
    at async NextNodeServer.renderToResponseWithComponentsImpl (/var/www/engjell-website/node_modules/next/dist/server/base-server.js:1507:28)
    at async NextNodeServer.renderPageComponent (/var/www/engjell-website/node_modules/next/dist/server/base-server.js:1931:24)
    at async NextNodeServer.renderToResponseImpl (/var/www/engjell-website/node_modules/next/dist/server/base-server.js:1969:32)
 ⚠ Unsupported metadata viewport is configured in metadata export in /icon-192.png. Please move it to viewport export instead.
Read more: https://nextjs.org/docs/app/api-reference/functions/generate-viewport
 ⚠ Unsupported metadata themeColor is configured in metadata export in /icon-192.png. Please move it to viewport export instead.
Read more: https://nextjs.org/docs/app/api-reference/functions/generate-viewport
 ⚠ For production Image Optimization with Next.js, the optional 'sharp' package is strongly recommended. Run 'npm i sharp', and Next.js will use it automatically for Image Optimization.
Read more: https://nextjs.org/docs/messages/sharp-missing-in-production
 ⚠ Unsupported metadata viewport is configured in metadata export in /icon-192.png. Please move it to viewport export instead.
Read more: https://nextjs.org/docs/app/api-reference/functions/generate-viewport
 ⚠ Unsupported metadata themeColor is configured in metadata export in /icon-192.png. Please move it to viewport export instead.
Read more: https://nextjs.org/docs/app/api-reference/functions/generate-viewport
 ⚠ Unsupported metadata viewport is configured in metadata export in /icon-192.png. Please move it to viewport export instead.
Read more: https://nextjs.org/docs/app/api-reference/functions/generate-viewport
 ⚠ Unsupported metadata themeColor is configured in metadata export in /icon-192.png. Please move it to viewport export instead.
Read more: https://nextjs.org/docs/app/api-reference/functions/generate-viewport
 ⚠ Unsupported metadata viewport is configured in metadata export in /icon-192.png. Please move it to viewport export instead.
Read more: https://nextjs.org/docs/app/api-reference/functions/generate-viewport
 ⚠ Unsupported metadata themeColor is configured in metadata export in /icon-192.png. Please move it to viewport export instead.
Read more: https://nextjs.org/docs/app/api-reference/functions/generate-viewport
[UPLOADS] File not found: /var/www/engjell-website/public/uploads/1764403009826-dzrungawsq.jpg
 ⨯ The requested resource isn't a valid image for /api/uploads/1764403009826-dzrungawsq.jpg received text/plain
ImageError: The requested resource isn't a valid image.
    at imageOptimizer (/var/www/engjell-website/node_modules/next/dist/server/image-optimizer.js:652:19)
    at NextNodeServer.imageOptimizer (/var/www/engjell-website/node_modules/next/dist/server/next-server.js:651:20)
    at process.processTicksAndRejections (node:internal/process/task_queues:95:5)
    at async cacheEntry.imageResponseCache.get.incrementalCache (/var/www/engjell-website/node_modules/next/dist/server/next-server.js:182:65)
    at async /var/www/engjell-website/node_modules/next/dist/server/response-cache/index.js:90:36
    at async /var/www/engjell-website/node_modules/next/dist/lib/batcher.js:45:32 {
  statusCode: 400
}
 ⚠ Unsupported metadata viewport is configured in metadata export in /icon-192.png. Please move it to viewport export instead.
Read more: https://nextjs.org/docs/app/api-reference/functions/generate-viewport
 ⚠ Unsupported metadata themeColor is configured in metadata export in /icon-192.png. Please move it to viewport export instead.
Read more: https://nextjs.org/docs/app/api-reference/functions/generate-viewport
 ⚠ Unsupported metadata viewport is configured in metadata export in /icon-192.png. Please move it to viewport export instead.
Read more: https://nextjs.org/docs/app/api-reference/functions/generate-viewport
 ⚠ Unsupported metadata themeColor is configured in metadata export in /icon-192.png. Please move it to viewport export instead.
Read more: https://nextjs.org/docs/app/api-reference/functions/generate-viewport
 ⚠ Unsupported metadata viewport is configured in metadata export in /icon-192.png. Please move it to viewport export instead.
Read more: https://nextjs.org/docs/app/api-reference/functions/generate-viewport
 ⚠ Unsupported metadata themeColor is configured in metadata export in /icon-192.png. Please move it to viewport export instead.
Read more: https://nextjs.org/docs/app/api-reference/functions/generate-viewport
 ⚠ Unsupported metadata viewport is configured in metadata export in /icon-192.png. Please move it to viewport export instead.
Read more: https://nextjs.org/docs/app/api-reference/functions/generate-viewport
 ⚠ Unsupported metadata themeColor is configured in metadata export in /icon-192.png. Please move it to viewport export instead.
Read more: https://nextjs.org/docs/app/api-reference/functions/generate-viewport
 ⚠ Unsupported metadata viewport is configured in metadata export in /icon-192.png. Please move it to viewport export instead.
Read more: https://nextjs.org/docs/app/api-reference/functions/generate-viewport
 ⚠ Unsupported metadata themeColor is configured in metadata export in /icon-192.png. Please move it to viewport export instead.
Read more: https://nextjs.org/docs/app/api-reference/functions/generate-viewport
 ⚠ Unsupported metadata viewport is configured in metadata export in /icon-192.png. Please move it to viewport export instead.
Read more: https://nextjs.org/docs/app/api-reference/functions/generate-viewport
 ⚠ Unsupported metadata themeColor is configured in metadata export in /icon-192.png. Please move it to viewport export instead.
Read more: https://nextjs.org/docs/app/api-reference/functions/generate-viewport
 ⚠ Unsupported metadata viewport is configured in metadata export in /icon-192.png. Please move it to viewport export instead.
Read more: https://nextjs.org/docs/app/api-reference/functions/generate-viewport
 ⚠ Unsupported metadata themeColor is configured in metadata export in /icon-192.png. Please move it to viewport export instead.
Read more: https://nextjs.org/docs/app/api-reference/functions/generate-viewport
 ⚠ Unsupported metadata viewport is configured in metadata export in /entrepreneur/division3d. Please move it to viewport export instead.
Read more: https://nextjs.org/docs/app/api-reference/functions/generate-viewport
 ⚠ Unsupported metadata themeColor is configured in metadata export in /entrepreneur/division3d. Please move it to viewport export instead.
Read more: https://nextjs.org/docs/app/api-reference/functions/generate-viewport
 ⚠ Unsupported metadata viewport is configured in metadata export in /contact. Please move it to viewport export instead.
Read more: https://nextjs.org/docs/app/api-reference/functions/generate-viewport
 ⚠ Unsupported metadata themeColor is configured in metadata export in /contact. Please move it to viewport export instead.
Read more: https://nextjs.org/docs/app/api-reference/functions/generate-viewport
 ⚠ Unsupported metadata viewport is configured in metadata export in /journal/make-your-journey-purposeful. Please move it to viewport export instead.
Read more: https://nextjs.org/docs/app/api-reference/functions/generate-viewport
 ⚠ Unsupported metadata themeColor is configured in metadata export in /journal/make-your-journey-purposeful. Please move it to viewport export instead.
Read more: https://nextjs.org/docs/app/api-reference/functions/generate-viewport
 ⚠ Unsupported metadata viewport is configured in metadata export in /speaker. Please move it to viewport export instead.
Read more: https://nextjs.org/docs/app/api-reference/functions/generate-viewport
 ⚠ Unsupported metadata themeColor is configured in metadata export in /speaker. Please move it to viewport export instead.
Read more: https://nextjs.org/docs/app/api-reference/functions/generate-viewport
 ⚠ Unsupported metadata viewport is configured in metadata export in /podcast/apply. Please move it to viewport export instead.
Read more: https://nextjs.org/docs/app/api-reference/functions/generate-viewport
 ⚠ Unsupported metadata themeColor is configured in metadata export in /podcast/apply. Please move it to viewport export instead.
Read more: https://nextjs.org/docs/app/api-reference/functions/generate-viewport
 ⚠ Unsupported metadata viewport is configured in metadata export in /wp-chat.php. Please move it to viewport export instead.
Read more: https://nextjs.org/docs/app/api-reference/functions/generate-viewport
 ⚠ Unsupported metadata themeColor is configured in metadata export in /wp-chat.php. Please move it to viewport export instead.
Read more: https://nextjs.org/docs/app/api-reference/functions/generate-viewport
 ⚠ Unsupported metadata viewport is configured in metadata export in /apple-icon.png. Please move it to viewport export instead.
Read more: https://nextjs.org/docs/app/api-reference/functions/generate-viewport
 ⚠ Unsupported metadata themeColor is configured in metadata export in /apple-icon.png. Please move it to viewport export instead.
Read more: https://nextjs.org/docs/app/api-reference/functions/generate-viewport
 ⚠ Unsupported metadata viewport is configured in metadata export in /icon-512.png. Please move it to viewport export instead.
Read more: https://nextjs.org/docs/app/api-reference/functions/generate-viewport
 ⚠ Unsupported metadata themeColor is configured in metadata export in /icon-512.png. Please move it to viewport export instead.
Read more: https://nextjs.org/docs/app/api-reference/functions/generate-viewport
 ⚠ Unsupported metadata viewport is configured in metadata export in /icon-192.png. Please move it to viewport export instead.
Read more: https://nextjs.org/docs/app/api-reference/functions/generate-viewport
 ⚠ Unsupported metadata themeColor is configured in metadata export in /icon-192.png. Please move it to viewport export instead.
Read more: https://nextjs.org/docs/app/api-reference/functions/generate-viewport
 ⚠ Unsupported metadata viewport is configured in metadata export in /icon.png. Please move it to viewport export instead.
Read more: https://nextjs.org/docs/app/api-reference/functions/generate-viewport
 ⚠ Unsupported metadata themeColor is configured in metadata export in /icon.png. Please move it to viewport export instead.
Read more: https://nextjs.org/docs/app/api-reference/functions/generate-viewport
Error: Failed to find Server Action "x". This request might be from an older or newer deployment. Original error: Cannot read properties of undefined (reading 'workers')
    at rE (/var/www/engjell-website/node_modules/next/dist/compiled/next-server/app-page.runtime.prod.js:16:1686)
    at /var/www/engjell-website/node_modules/next/dist/compiled/next-server/app-page.runtime.prod.js:16:303
    at process.processTicksAndRejections (node:internal/process/task_queues:95:5)
    at async rR (/var/www/engjell-website/node_modules/next/dist/compiled/next-server/app-page.runtime.prod.js:15:7978)
    at async r7 (/var/www/engjell-website/node_modules/next/dist/compiled/next-server/app-page.runtime.prod.js:18:1144)
    at async doRender (/var/www/engjell-website/node_modules/next/dist/server/base-server.js:1438:30)
    at async cacheEntry.responseCache.get.routeKind (/var/www/engjell-website/node_modules/next/dist/server/base-server.js:1599:28)
    at async NextNodeServer.renderToResponseWithComponentsImpl (/var/www/engjell-website/node_modules/next/dist/server/base-server.js:1507:28)
    at async NextNodeServer.renderPageComponent (/var/www/engjell-website/node_modules/next/dist/server/base-server.js:1931:24)
    at async NextNodeServer.renderToResponseImpl (/var/www/engjell-website/node_modules/next/dist/server/base-server.js:1969:32)
 ⚠ Unsupported metadata viewport is configured in metadata export in /. Please move it to viewport export instead.
Read more: https://nextjs.org/docs/app/api-reference/functions/generate-viewport
 ⚠ Unsupported metadata themeColor is configured in metadata export in /. Please move it to viewport export instead.
Read more: https://nextjs.org/docs/app/api-reference/functions/generate-viewport
Error: Failed to find Server Action "x". This request might be from an older or newer deployment. Original error: Cannot read properties of undefined (reading 'workers')
    at rE (/var/www/engjell-website/node_modules/next/dist/compiled/next-server/app-page.runtime.prod.js:16:1686)
    at /var/www/engjell-website/node_modules/next/dist/compiled/next-server/app-page.runtime.prod.js:16:303
    at process.processTicksAndRejections (node:internal/process/task_queues:95:5)
    at async rR (/var/www/engjell-website/node_modules/next/dist/compiled/next-server/app-page.runtime.prod.js:15:7978)
    at async r7 (/var/www/engjell-website/node_modules/next/dist/compiled/next-server/app-page.runtime.prod.js:18:1144)
    at async doRender (/var/www/engjell-website/node_modules/next/dist/server/base-server.js:1438:30)
    at async cacheEntry.responseCache.get.routeKind (/var/www/engjell-website/node_modules/next/dist/server/base-server.js:1599:28)
    at async NextNodeServer.renderToResponseWithComponentsImpl (/var/www/engjell-website/node_modules/next/dist/server/base-server.js:1507:28)
    at async NextNodeServer.renderErrorToResponseImpl (/var/www/engjell-website/node_modules/next/dist/server/base-server.js:2189:24)
    at async pipe.req.req (/var/www/engjell-website/node_modules/next/dist/server/base-server.js:2063:30)
 ⚠ Unsupported metadata viewport is configured in metadata export in /formaction. Please move it to viewport export instead.
Read more: https://nextjs.org/docs/app/api-reference/functions/generate-viewport
 ⚠ Unsupported metadata themeColor is configured in metadata export in /formaction. Please move it to viewport export instead.
Read more: https://nextjs.org/docs/app/api-reference/functions/generate-viewport
Error: Failed to find Server Action "x". This request might be from an older or newer deployment. Original error: Cannot read properties of undefined (reading 'workers')
    at rE (/var/www/engjell-website/node_modules/next/dist/compiled/next-server/app-page.runtime.prod.js:16:1686)
    at /var/www/engjell-website/node_modules/next/dist/compiled/next-server/app-page.runtime.prod.js:16:303
    at process.processTicksAndRejections (node:internal/process/task_queues:95:5)
    at async rR (/var/www/engjell-website/node_modules/next/dist/compiled/next-server/app-page.runtime.prod.js:15:7978)
    at async r7 (/var/www/engjell-website/node_modules/next/dist/compiled/next-server/app-page.runtime.prod.js:18:1144)
    at async doRender (/var/www/engjell-website/node_modules/next/dist/server/base-server.js:1438:30)
    at async cacheEntry.responseCache.get.routeKind (/var/www/engjell-website/node_modules/next/dist/server/base-server.js:1599:28)
    at async NextNodeServer.renderToResponseWithComponentsImpl (/var/www/engjell-website/node_modules/next/dist/server/base-server.js:1507:28)
    at async NextNodeServer.renderErrorToResponseImpl (/var/www/engjell-website/node_modules/next/dist/server/base-server.js:2189:24)
    at async pipe.req.req (/var/www/engjell-website/node_modules/next/dist/server/base-server.js:2063:30)
 ⚠ Unsupported metadata viewport is configured in metadata export in /api/auth/signin. Please move it to viewport export instead.
Read more: https://nextjs.org/docs/app/api-reference/functions/generate-viewport
 ⚠ Unsupported metadata themeColor is configured in metadata export in /api/auth/signin. Please move it to viewport export instead.
Read more: https://nextjs.org/docs/app/api-reference/functions/generate-viewport
Error: Failed to find Server Action "x". This request might be from an older or newer deployment. Original error: Cannot read properties of undefined (reading 'workers')
    at rE (/var/www/engjell-website/node_modules/next/dist/compiled/next-server/app-page.runtime.prod.js:16:1686)
    at /var/www/engjell-website/node_modules/next/dist/compiled/next-server/app-page.runtime.prod.js:16:303
    at process.processTicksAndRejections (node:internal/process/task_queues:95:5)
    at async rR (/var/www/engjell-website/node_modules/next/dist/compiled/next-server/app-page.runtime.prod.js:15:7978)
    at async r7 (/var/www/engjell-website/node_modules/next/dist/compiled/next-server/app-page.runtime.prod.js:18:1144)
    at async doRender (/var/www/engjell-website/node_modules/next/dist/server/base-server.js:1438:30)
    at async cacheEntry.responseCache.get.routeKind (/var/www/engjell-website/node_modules/next/dist/server/base-server.js:1599:28)
    at async NextNodeServer.renderToResponseWithComponentsImpl (/var/www/engjell-website/node_modules/next/dist/server/base-server.js:1507:28)
    at async NextNodeServer.renderErrorToResponseImpl (/var/www/engjell-website/node_modules/next/dist/server/base-server.js:2189:24)
    at async pipe.req.req (/var/www/engjell-website/node_modules/next/dist/server/base-server.js:2063:30)
 ⚠ Unsupported metadata viewport is configured in metadata export in /api/auth/callback. Please move it to viewport export instead.
Read more: https://nextjs.org/docs/app/api-reference/functions/generate-viewport
 ⚠ Unsupported metadata themeColor is configured in metadata export in /api/auth/callback. Please move it to viewport export instead.
Read more: https://nextjs.org/docs/app/api-reference/functions/generate-viewport
Error: Failed to find Server Action "x". This request might be from an older or newer deployment. Original error: Cannot read properties of undefined (reading 'workers')
    at rE (/var/www/engjell-website/node_modules/next/dist/compiled/next-server/app-page.runtime.prod.js:16:1686)
    at /var/www/engjell-website/node_modules/next/dist/compiled/next-server/app-page.runtime.prod.js:16:303
    at process.processTicksAndRejections (node:internal/process/task_queues:95:5)
    at async rR (/var/www/engjell-website/node_modules/next/dist/compiled/next-server/app-page.runtime.prod.js:15:7978)
    at async r7 (/var/www/engjell-website/node_modules/next/dist/compiled/next-server/app-page.runtime.prod.js:18:1144)
    at async doRender (/var/www/engjell-website/node_modules/next/dist/server/base-server.js:1438:30)
    at async cacheEntry.responseCache.get.routeKind (/var/www/engjell-website/node_modules/next/dist/server/base-server.js:1599:28)
    at async NextNodeServer.renderToResponseWithComponentsImpl (/var/www/engjell-website/node_modules/next/dist/server/base-server.js:1507:28)
    at async NextNodeServer.renderErrorToResponseImpl (/var/www/engjell-website/node_modules/next/dist/server/base-server.js:2189:24)
    at async pipe.req.req (/var/www/engjell-website/node_modules/next/dist/server/base-server.js:2063:30)
 ⚠ Unsupported metadata viewport is configured in metadata export in /auth/login. Please move it to viewport export instead.
Read more: https://nextjs.org/docs/app/api-reference/functions/generate-viewport
 ⚠ Unsupported metadata themeColor is configured in metadata export in /auth/login. Please move it to viewport export instead.
Read more: https://nextjs.org/docs/app/api-reference/functions/generate-viewport
Error: Failed to find Server Action "x". This request might be from an older or newer deployment. Original error: Cannot read properties of undefined (reading 'workers')
    at rE (/var/www/engjell-website/node_modules/next/dist/compiled/next-server/app-page.runtime.prod.js:16:1686)
    at /var/www/engjell-website/node_modules/next/dist/compiled/next-server/app-page.runtime.prod.js:16:303
    at process.processTicksAndRejections (node:internal/process/task_queues:95:5)
    at async rR (/var/www/engjell-website/node_modules/next/dist/compiled/next-server/app-page.runtime.prod.js:15:7978)
    at async r7 (/var/www/engjell-website/node_modules/next/dist/compiled/next-server/app-page.runtime.prod.js:18:1144)
    at async doRender (/var/www/engjell-website/node_modules/next/dist/server/base-server.js:1438:30)
    at async cacheEntry.responseCache.get.routeKind (/var/www/engjell-website/node_modules/next/dist/server/base-server.js:1599:28)
    at async NextNodeServer.renderToResponseWithComponentsImpl (/var/www/engjell-website/node_modules/next/dist/server/base-server.js:1507:28)
    at async NextNodeServer.renderErrorToResponseImpl (/var/www/engjell-website/node_modules/next/dist/server/base-server.js:2189:24)
    at async pipe.req.req (/var/www/engjell-website/node_modules/next/dist/server/base-server.js:2063:30)
 ⚠ Unsupported metadata viewport is configured in metadata export in /auth/signin. Please move it to viewport export instead.
Read more: https://nextjs.org/docs/app/api-reference/functions/generate-viewport
 ⚠ Unsupported metadata themeColor is configured in metadata export in /auth/signin. Please move it to viewport export instead.
Read more: https://nextjs.org/docs/app/api-reference/functions/generate-viewport
Error: Failed to find Server Action "x". This request might be from an older or newer deployment. Original error: Cannot read properties of undefined (reading 'workers')
    at rE (/var/www/engjell-website/node_modules/next/dist/compiled/next-server/app-page.runtime.prod.js:16:1686)
    at /var/www/engjell-website/node_modules/next/dist/compiled/next-server/app-page.runtime.prod.js:16:303
    at process.processTicksAndRejections (node:internal/process/task_queues:95:5)
    at async rR (/var/www/engjell-website/node_modules/next/dist/compiled/next-server/app-page.runtime.prod.js:15:7978)
    at async r7 (/var/www/engjell-website/node_modules/next/dist/compiled/next-server/app-page.runtime.prod.js:18:1144)
    at async doRender (/var/www/engjell-website/node_modules/next/dist/server/base-server.js:1438:30)
    at async cacheEntry.responseCache.get.routeKind (/var/www/engjell-website/node_modules/next/dist/server/base-server.js:1599:28)
    at async NextNodeServer.renderToResponseWithComponentsImpl (/var/www/engjell-website/node_modules/next/dist/server/base-server.js:1507:28)
    at async NextNodeServer.renderErrorToResponseImpl (/var/www/engjell-website/node_modules/next/dist/server/base-server.js:2189:24)
    at async pipe.req.req (/var/www/engjell-website/node_modules/next/dist/server/base-server.js:2063:30)
 ⚠ Unsupported metadata viewport is configured in metadata export in /login. Please move it to viewport export instead.
Read more: https://nextjs.org/docs/app/api-reference/functions/generate-viewport
 ⚠ Unsupported metadata themeColor is configured in metadata export in /login. Please move it to viewport export instead.
Read more: https://nextjs.org/docs/app/api-reference/functions/generate-viewport
Error: Failed to find Server Action "x". This request might be from an older or newer deployment. Original error: Cannot read properties of undefined (reading 'workers')
    at rE (/var/www/engjell-website/node_modules/next/dist/compiled/next-server/app-page.runtime.prod.js:16:1686)
    at /var/www/engjell-website/node_modules/next/dist/compiled/next-server/app-page.runtime.prod.js:16:303
    at process.processTicksAndRejections (node:internal/process/task_queues:95:5)
    at async rR (/var/www/engjell-website/node_modules/next/dist/compiled/next-server/app-page.runtime.prod.js:15:7978)
    at async r7 (/var/www/engjell-website/node_modules/next/dist/compiled/next-server/app-page.runtime.prod.js:18:1144)
    at async doRender (/var/www/engjell-website/node_modules/next/dist/server/base-server.js:1438:30)
    at async cacheEntry.responseCache.get.routeKind (/var/www/engjell-website/node_modules/next/dist/server/base-server.js:1599:28)
    at async NextNodeServer.renderToResponseWithComponentsImpl (/var/www/engjell-website/node_modules/next/dist/server/base-server.js:1507:28)
    at async NextNodeServer.renderErrorToResponseImpl (/var/www/engjell-website/node_modules/next/dist/server/base-server.js:2189:24)
    at async pipe.req.req (/var/www/engjell-website/node_modules/next/dist/server/base-server.js:2063:30)
 ⚠ Unsupported metadata viewport is configured in metadata export in /signin. Please move it to viewport export instead.
Read more: https://nextjs.org/docs/app/api-reference/functions/generate-viewport
 ⚠ Unsupported metadata themeColor is configured in metadata export in /signin. Please move it to viewport export instead.
Read more: https://nextjs.org/docs/app/api-reference/functions/generate-viewport
Error: Failed to find Server Action "x". This request might be from an older or newer deployment. Original error: Cannot read properties of undefined (reading 'workers')
    at rE (/var/www/engjell-website/node_modules/next/dist/compiled/next-server/app-page.runtime.prod.js:16:1686)
    at /var/www/engjell-website/node_modules/next/dist/compiled/next-server/app-page.runtime.prod.js:16:303
    at process.processTicksAndRejections (node:internal/process/task_queues:95:5)
    at async rR (/var/www/engjell-website/node_modules/next/dist/compiled/next-server/app-page.runtime.prod.js:15:7978)
    at async r7 (/var/www/engjell-website/node_modules/next/dist/compiled/next-server/app-page.runtime.prod.js:18:1144)
    at async doRender (/var/www/engjell-website/node_modules/next/dist/server/base-server.js:1438:30)
    at async cacheEntry.responseCache.get.routeKind (/var/www/engjell-website/node_modules/next/dist/server/base-server.js:1599:28)
    at async NextNodeServer.renderToResponseWithComponentsImpl (/var/www/engjell-website/node_modules/next/dist/server/base-server.js:1507:28)
    at async NextNodeServer.renderErrorToResponseImpl (/var/www/engjell-website/node_modules/next/dist/server/base-server.js:2189:24)
    at async pipe.req.req (/var/www/engjell-website/node_modules/next/dist/server/base-server.js:2063:30)
 ⚠ Unsupported metadata viewport is configured in metadata export in /dashboard. Please move it to viewport export instead.
Read more: https://nextjs.org/docs/app/api-reference/functions/generate-viewport
 ⚠ Unsupported metadata themeColor is configured in metadata export in /dashboard. Please move it to viewport export instead.
Read more: https://nextjs.org/docs/app/api-reference/functions/generate-viewport
Error: Failed to find Server Action "x". This request might be from an older or newer deployment. Original error: Cannot read properties of undefined (reading 'workers')
    at rE (/var/www/engjell-website/node_modules/next/dist/compiled/next-server/app-page.runtime.prod.js:16:1686)
    at /var/www/engjell-website/node_modules/next/dist/compiled/next-server/app-page.runtime.prod.js:16:303
    at process.processTicksAndRejections (node:internal/process/task_queues:95:5)
    at async rR (/var/www/engjell-website/node_modules/next/dist/compiled/next-server/app-page.runtime.prod.js:15:7978)
    at async r7 (/var/www/engjell-website/node_modules/next/dist/compiled/next-server/app-page.runtime.prod.js:18:1144)
    at async doRender (/var/www/engjell-website/node_modules/next/dist/server/base-server.js:1438:30)
    at async cacheEntry.responseCache.get.routeKind (/var/www/engjell-website/node_modules/next/dist/server/base-server.js:1599:28)
    at async NextNodeServer.renderToResponseWithComponentsImpl (/var/www/engjell-website/node_modules/next/dist/server/base-server.js:1507:28)
    at async NextNodeServer.renderPageComponent (/var/www/engjell-website/node_modules/next/dist/server/base-server.js:1931:24)
    at async NextNodeServer.renderToResponseImpl (/var/www/engjell-website/node_modules/next/dist/server/base-server.js:1969:32)
 ⚠ Unsupported metadata viewport is configured in metadata export in /admin/login. Please move it to viewport export instead.
Read more: https://nextjs.org/docs/app/api-reference/functions/generate-viewport
 ⚠ Unsupported metadata themeColor is configured in metadata export in /admin/login. Please move it to viewport export instead.
Read more: https://nextjs.org/docs/app/api-reference/functions/generate-viewport
Error: Failed to find Server Action "x". This request might be from an older or newer deployment. Original error: Cannot read properties of undefined (reading 'workers')
    at rE (/var/www/engjell-website/node_modules/next/dist/compiled/next-server/app-page.runtime.prod.js:16:1686)
    at /var/www/engjell-website/node_modules/next/dist/compiled/next-server/app-page.runtime.prod.js:16:303
    at process.processTicksAndRejections (node:internal/process/task_queues:95:5)
    at async rR (/var/www/engjell-website/node_modules/next/dist/compiled/next-server/app-page.runtime.prod.js:15:7978)
    at async r7 (/var/www/engjell-website/node_modules/next/dist/compiled/next-server/app-page.runtime.prod.js:18:1144)
    at async doRender (/var/www/engjell-website/node_modules/next/dist/server/base-server.js:1438:30)
    at async cacheEntry.responseCache.get.routeKind (/var/www/engjell-website/node_modules/next/dist/server/base-server.js:1599:28)
    at async NextNodeServer.renderToResponseWithComponentsImpl (/var/www/engjell-website/node_modules/next/dist/server/base-server.js:1507:28)
    at async NextNodeServer.renderErrorToResponseImpl (/var/www/engjell-website/node_modules/next/dist/server/base-server.js:2189:24)
    at async pipe.req.req (/var/www/engjell-website/node_modules/next/dist/server/base-server.js:2063:30)
 ⚠ Unsupported metadata viewport is configured in metadata export in /account. Please move it to viewport export instead.
Read more: https://nextjs.org/docs/app/api-reference/functions/generate-viewport
 ⚠ Unsupported metadata themeColor is configured in metadata export in /account. Please move it to viewport export instead.
Read more: https://nextjs.org/docs/app/api-reference/functions/generate-viewport
Error: Failed to find Server Action "x". This request might be from an older or newer deployment. Original error: Cannot read properties of undefined (reading 'workers')
    at rE (/var/www/engjell-website/node_modules/next/dist/compiled/next-server/app-page.runtime.prod.js:16:1686)
    at /var/www/engjell-website/node_modules/next/dist/compiled/next-server/app-page.runtime.prod.js:16:303
    at process.processTicksAndRejections (node:internal/process/task_queues:95:5)
    at async rR (/var/www/engjell-website/node_modules/next/dist/compiled/next-server/app-page.runtime.prod.js:15:7978)
    at async r7 (/var/www/engjell-website/node_modules/next/dist/compiled/next-server/app-page.runtime.prod.js:18:1144)
    at async doRender (/var/www/engjell-website/node_modules/next/dist/server/base-server.js:1438:30)
    at async cacheEntry.responseCache.get.routeKind (/var/www/engjell-website/node_modules/next/dist/server/base-server.js:1599:28)
    at async NextNodeServer.renderToResponseWithComponentsImpl (/var/www/engjell-website/node_modules/next/dist/server/base-server.js:1507:28)
    at async NextNodeServer.renderErrorToResponseImpl (/var/www/engjell-website/node_modules/next/dist/server/base-server.js:2189:24)
    at async pipe.req.req (/var/www/engjell-website/node_modules/next/dist/server/base-server.js:2063:30)
 ⚠ Unsupported metadata viewport is configured in metadata export in /profile. Please move it to viewport export instead.
Read more: https://nextjs.org/docs/app/api-reference/functions/generate-viewport
 ⚠ Unsupported metadata themeColor is configured in metadata export in /profile. Please move it to viewport export instead.
Read more: https://nextjs.org/docs/app/api-reference/functions/generate-viewport
Error: Failed to find Server Action "x". This request might be from an older or newer deployment. Original error: Cannot read properties of undefined (reading 'workers')
    at rE (/var/www/engjell-website/node_modules/next/dist/compiled/next-server/app-page.runtime.prod.js:16:1686)
    at /var/www/engjell-website/node_modules/next/dist/compiled/next-server/app-page.runtime.prod.js:16:303
    at process.processTicksAndRejections (node:internal/process/task_queues:95:5)
    at async rR (/var/www/engjell-website/node_modules/next/dist/compiled/next-server/app-page.runtime.prod.js:15:7978)
    at async r7 (/var/www/engjell-website/node_modules/next/dist/compiled/next-server/app-page.runtime.prod.js:18:1144)
    at async doRender (/var/www/engjell-website/node_modules/next/dist/server/base-server.js:1438:30)
    at async cacheEntry.responseCache.get.routeKind (/var/www/engjell-website/node_modules/next/dist/server/base-server.js:1599:28)
    at async NextNodeServer.renderToResponseWithComponentsImpl (/var/www/engjell-website/node_modules/next/dist/server/base-server.js:1507:28)
    at async NextNodeServer.renderErrorToResponseImpl (/var/www/engjell-website/node_modules/next/dist/server/base-server.js:2189:24)
    at async pipe.req.req (/var/www/engjell-website/node_modules/next/dist/server/base-server.js:2063:30)
 ⚠ Unsupported metadata viewport is configured in metadata export in /settings. Please move it to viewport export instead.
Read more: https://nextjs.org/docs/app/api-reference/functions/generate-viewport
 ⚠ Unsupported metadata themeColor is configured in metadata export in /settings. Please move it to viewport export instead.
Read more: https://nextjs.org/docs/app/api-reference/functions/generate-viewport
Error: Failed to find Server Action "x". This request might be from an older or newer deployment. Original error: Cannot read properties of undefined (reading 'workers')
    at rE (/var/www/engjell-website/node_modules/next/dist/compiled/next-server/app-page.runtime.prod.js:16:1686)
    at /var/www/engjell-website/node_modules/next/dist/compiled/next-server/app-page.runtime.prod.js:16:303
    at process.processTicksAndRejections (node:internal/process/task_queues:95:5)
    at async rR (/var/www/engjell-website/node_modules/next/dist/compiled/next-server/app-page.runtime.prod.js:15:7978)
    at async r7 (/var/www/engjell-website/node_modules/next/dist/compiled/next-server/app-page.runtime.prod.js:18:1144)
    at async doRender (/var/www/engjell-website/node_modules/next/dist/server/base-server.js:1438:30)
    at async cacheEntry.responseCache.get.routeKind (/var/www/engjell-website/node_modules/next/dist/server/base-server.js:1599:28)
    at async NextNodeServer.renderToResponseWithComponentsImpl (/var/www/engjell-website/node_modules/next/dist/server/base-server.js:1507:28)
    at async NextNodeServer.renderErrorToResponseImpl (/var/www/engjell-website/node_modules/next/dist/server/base-server.js:2189:24)
    at async pipe.req.req (/var/www/engjell-website/node_modules/next/dist/server/base-server.js:2063:30)
 ⚠ Unsupported metadata viewport is configured in metadata export in /api/user. Please move it to viewport export instead.
Read more: https://nextjs.org/docs/app/api-reference/functions/generate-viewport
 ⚠ Unsupported metadata themeColor is configured in metadata export in /api/user. Please move it to viewport export instead.
Read more: https://nextjs.org/docs/app/api-reference/functions/generate-viewport
Error: Failed to find Server Action "x". This request might be from an older or newer deployment. Original error: Cannot read properties of undefined (reading 'workers')
    at rE (/var/www/engjell-website/node_modules/next/dist/compiled/next-server/app-page.runtime.prod.js:16:1686)
    at /var/www/engjell-website/node_modules/next/dist/compiled/next-server/app-page.runtime.prod.js:16:303
    at process.processTicksAndRejections (node:internal/process/task_queues:95:5)
    at async rR (/var/www/engjell-website/node_modules/next/dist/compiled/next-server/app-page.runtime.prod.js:15:7978)
    at async r7 (/var/www/engjell-website/node_modules/next/dist/compiled/next-server/app-page.runtime.prod.js:18:1144)
    at async doRender (/var/www/engjell-website/node_modules/next/dist/server/base-server.js:1438:30)
    at async cacheEntry.responseCache.get.routeKind (/var/www/engjell-website/node_modules/next/dist/server/base-server.js:1599:28)
    at async NextNodeServer.renderToResponseWithComponentsImpl (/var/www/engjell-website/node_modules/next/dist/server/base-server.js:1507:28)
    at async NextNodeServer.renderErrorToResponseImpl (/var/www/engjell-website/node_modules/next/dist/server/base-server.js:2189:24)
    at async pipe.req.req (/var/www/engjell-website/node_modules/next/dist/server/base-server.js:2063:30)
 ⚠ Unsupported metadata viewport is configured in metadata export in /api/profile. Please move it to viewport export instead.
Read more: https://nextjs.org/docs/app/api-reference/functions/generate-viewport
 ⚠ Unsupported metadata themeColor is configured in metadata export in /api/profile. Please move it to viewport export instead.
Read more: https://nextjs.org/docs/app/api-reference/functions/generate-viewport
Error: Failed to find Server Action "x". This request might be from an older or newer deployment. Original error: Cannot read properties of undefined (reading 'workers')
    at rE (/var/www/engjell-website/node_modules/next/dist/compiled/next-server/app-page.runtime.prod.js:16:1686)
    at /var/www/engjell-website/node_modules/next/dist/compiled/next-server/app-page.runtime.prod.js:16:303
    at process.processTicksAndRejections (node:internal/process/task_queues:95:5)
    at async rR (/var/www/engjell-website/node_modules/next/dist/compiled/next-server/app-page.runtime.prod.js:15:7978)
    at async r7 (/var/www/engjell-website/node_modules/next/dist/compiled/next-server/app-page.runtime.prod.js:18:1144)
    at async doRender (/var/www/engjell-website/node_modules/next/dist/server/base-server.js:1438:30)
    at async cacheEntry.responseCache.get.routeKind (/var/www/engjell-website/node_modules/next/dist/server/base-server.js:1599:28)
    at async NextNodeServer.renderToResponseWithComponentsImpl (/var/www/engjell-website/node_modules/next/dist/server/base-server.js:1507:28)
    at async NextNodeServer.renderErrorToResponseImpl (/var/www/engjell-website/node_modules/next/dist/server/base-server.js:2189:24)
    at async pipe.req.req (/var/www/engjell-website/node_modules/next/dist/server/base-server.js:2063:30)
 ⚠ Unsupported metadata viewport is configured in metadata export in /api/data. Please move it to viewport export instead.
Read more: https://nextjs.org/docs/app/api-reference/functions/generate-viewport
 ⚠ Unsupported metadata themeColor is configured in metadata export in /api/data. Please move it to viewport export instead.
Read more: https://nextjs.org/docs/app/api-reference/functions/generate-viewport
Error: Failed to find Server Action "x". This request might be from an older or newer deployment. Original error: Cannot read properties of undefined (reading 'workers')
    at rE (/var/www/engjell-website/node_modules/next/dist/compiled/next-server/app-page.runtime.prod.js:16:1686)
    at /var/www/engjell-website/node_modules/next/dist/compiled/next-server/app-page.runtime.prod.js:16:303
    at process.processTicksAndRejections (node:internal/process/task_queues:95:5)
    at async rR (/var/www/engjell-website/node_modules/next/dist/compiled/next-server/app-page.runtime.prod.js:15:7978)
    at async r7 (/var/www/engjell-website/node_modules/next/dist/compiled/next-server/app-page.runtime.prod.js:18:1144)
    at async doRender (/var/www/engjell-website/node_modules/next/dist/server/base-server.js:1438:30)
    at async cacheEntry.responseCache.get.routeKind (/var/www/engjell-website/node_modules/next/dist/server/base-server.js:1599:28)
    at async NextNodeServer.renderToResponseWithComponentsImpl (/var/www/engjell-website/node_modules/next/dist/server/base-server.js:1507:28)
    at async NextNodeServer.renderErrorToResponseImpl (/var/www/engjell-website/node_modules/next/dist/server/base-server.js:2189:24)
    at async pipe.req.req (/var/www/engjell-website/node_modules/next/dist/server/base-server.js:2063:30)
 ⚠ Unsupported metadata viewport is configured in metadata export in /submit. Please move it to viewport export instead.
Read more: https://nextjs.org/docs/app/api-reference/functions/generate-viewport
 ⚠ Unsupported metadata themeColor is configured in metadata export in /submit. Please move it to viewport export instead.
Read more: https://nextjs.org/docs/app/api-reference/functions/generate-viewport
 ⚠ Unsupported metadata viewport is configured in metadata export in /wp-confiq.php. Please move it to viewport export instead.
Read more: https://nextjs.org/docs/app/api-reference/functions/generate-viewport
 ⚠ Unsupported metadata themeColor is configured in metadata export in /wp-confiq.php. Please move it to viewport export instead.
Read more: https://nextjs.org/docs/app/api-reference/functions/generate-viewport
 ⚠ Unsupported metadata viewport is configured in metadata export in /wp-confiq.php. Please move it to viewport export instead.
Read more: https://nextjs.org/docs/app/api-reference/functions/generate-viewport
 ⚠ Unsupported metadata themeColor is configured in metadata export in /wp-confiq.php. Please move it to viewport export instead.
Read more: https://nextjs.org/docs/app/api-reference/functions/generate-viewport
